DATE,AUD,CAD,CHF,EUR,GBP,JPY,NOK,NZD,SEK,USD
2018-10-31,0.70735,1.31545,1.00855,1.1312,1.2766,112.94,8.4367,0.6517,9.1671,1.0
2018-10-30,0.7106,1.3107,1.00515,1.1344500000000002,1.2706499999999998,113.095,8.4139,0.6554,9.1754,1.0
2018-10-29,0.7056,1.31345,1.0018500000000001,1.1373,1.27935,112.375,8.3935,0.6522,9.151250000000001,1.0
2018-10-26,0.7096,1.3107,0.997,1.1402999999999999,1.28335,111.905,8.351600000000001,0.65115,9.13245,1.0
2018-10-25,0.7081,1.3071,0.99965,1.13755,1.2817,112.415,8.3432,0.6525,9.113,1.0
2018-10-24,0.7059,1.3054000000000001,0.9979,1.1392,1.2881,112.25999999999999,8.3515,0.653,9.1252,1.0
2018-10-23,0.70855,1.3084500000000001,0.9949,1.1471,1.2983,112.445,8.2909,0.6551,9.0257,1.0
2018-10-22,0.7081,1.3101,0.99605,1.1465,1.2962500000000001,112.82499999999999,8.2568,0.65595,9.0011,1.0
2018-10-19,0.7121,1.3099,0.9964999999999999,1.15145,1.30715,112.55000000000001,8.2273,0.6594,8.9892,1.0
2018-10-18,0.70995,1.3085499999999999,0.99565,1.1453,1.3018,112.195,8.2781,0.65435,9.042300000000001,1.0
2018-10-17,0.7109,1.3018,0.9953,1.1501000000000001,1.3115,112.65,8.2128,0.655,8.9654,1.0
2018-10-16,0.7141,1.2934,0.9907,1.1574499999999999,1.3186499999999999,112.255,8.1475,0.65845,8.905,1.0
2018-10-15,0.7131,1.2992,0.987,1.1579,1.3152499999999998,111.775,8.1528,0.6551,8.95315,1.0
2018-10-12,0.7119,1.30225,0.9916,1.1562999999999999,1.31555,112.205,8.1723,0.6508,8.9612,1.0
2018-10-11,0.7124,1.3029,0.9895,1.1594,1.32355,112.16499999999999,8.215499999999999,0.6522,8.9741,1.0
2018-10-10,0.70625,1.30675,0.9901,1.152,1.31955,112.275,8.2363,0.6449,9.1437,1.0
2018-10-09,0.7103,1.2947,0.9919,1.14905,1.3144,112.955,8.2671,0.6474,9.1051,1.0
2018-10-08,0.70785,1.2965499999999999,0.9927,1.1492,1.309,113.235,8.27645,0.6448499999999999,9.0863,1.0
2018-10-05,0.7052,1.2937,0.9918,1.1524,1.31235,113.72,8.2609,0.64435,9.065,1.0
2018-10-04,0.7073,1.2925,0.9917,1.1515,1.302,113.915,8.2499,0.648,9.0592,1.0
2018-10-03,0.71035,1.2869,0.9923500000000001,1.1478,1.294,114.535,8.226600000000001,0.6515,9.0532,1.0
2018-10-02,0.71885,1.2823,0.9839,1.1548,1.2979,113.67,8.1744,0.6594,9.0083,1.0
2018-10-01,0.72255,1.2812000000000001,0.9838,1.1578,1.3043,113.925,8.1507,0.66145,8.9457,1.0
2018-09-28,0.72305,1.2906,0.9821,1.1609,1.3030499999999998,113.695,8.147300000000001,0.66185,8.8887,1.0
2018-09-27,0.7207,1.3042,0.9773000000000001,1.1641,1.3082,113.375,8.1552,0.66195,8.8561,1.0
2018-09-26,0.7257,1.3019,0.9659,1.174,1.317,112.72999999999999,8.111049999999999,0.6656,8.8108,1.0
2018-09-25,0.72505,1.2953000000000001,0.9651000000000001,1.1772,1.3183,112.975,8.12855,0.6647000000000001,8.8086,1.0
2018-09-24,0.7253000000000001,1.2956,0.9648,1.1748,1.31215,112.805,8.1417,0.6647000000000001,8.7992,1.0
2018-09-21,0.72915,1.2915,0.9587,1.175,1.30775,112.575,8.14805,0.6686,8.7867,1.0
2018-09-20,0.72915,1.2903,0.95895,1.1776499999999999,1.3267,112.495,8.145199999999999,0.6685,8.7734,1.0
2018-09-19,0.7263999999999999,1.2915,0.9672000000000001,1.1673,1.31445,112.285,8.1517,0.6616,8.8713,1.0
2018-09-18,0.72195,1.2974,0.96455,1.1667,1.3148499999999999,112.365,8.1599,0.6583,8.9091,1.0
2018-09-17,0.71825,1.3044,0.9626,1.16835,1.3158500000000002,111.845,8.1733,0.6577999999999999,8.9115,1.0
2018-09-14,0.7152499999999999,1.3033000000000001,0.9675,1.1630500000000001,1.30675,112.055,8.2554,0.6548499999999999,9.0527,1.0
2018-09-13,0.7193,1.2998,0.9655,1.169,1.3107,111.92500000000001,8.2181,0.6568,8.953,1.0
2018-09-12,0.7169,1.2997,0.97065,1.1626,1.3048,111.265,8.2594,0.65645,8.9813,1.0
2018-09-11,0.71245,1.3067,0.9722,1.1607,1.30355,111.635,8.3197,0.6526000000000001,9.0408,1.0
2018-09-10,0.7115,1.3164,0.9751,1.1594,1.3026499999999999,111.125,8.3893,0.6527000000000001,9.068200000000001,1.0
2018-09-07,0.7107,1.3155999999999999,0.9693,1.1553,1.2923499999999999,111.07499999999999,8.452,0.6535500000000001,9.0585,1.0
2018-09-06,0.72035,1.314,0.9652000000000001,1.1622,1.2932000000000001,110.755,8.4221,0.659,9.1068,1.0
2018-09-05,0.719,1.3175,0.9718,1.16295,1.2904,111.53,8.3942,0.659,9.0542,1.0
2018-09-04,0.71795,1.3188,0.97445,1.1582,1.28565,111.455,8.392800000000001,0.6556,9.0872,1.0
2018-09-03,0.7213499999999999,1.3092,0.9693,1.1624,1.2872,111.08,8.354600000000001,0.6601,9.09645,1.0
2018-08-31,0.7191,1.3039,0.9688,1.1601,1.29635,111.03999999999999,8.3873,0.66205,9.1489,1.0
2018-08-30,0.7263999999999999,1.2981,0.9691000000000001,1.16715,1.301,110.985,8.3448,0.6657,9.118,1.0
2018-08-29,0.73105,1.2904,0.97055,1.1708,1.3026499999999999,111.67,8.331,0.6717500000000001,9.1377,1.0
2018-08-28,0.7338,1.2931,0.9763999999999999,1.1695,1.28775,111.195,8.3422,0.6709,9.1388,1.0
2018-08-27,0.73525,1.2965,0.97975,1.1678,1.2893,111.08500000000001,8.3235,0.6696,9.0936,1.0
2018-08-24,0.7325,1.3029,0.9833000000000001,1.1623,1.2845,111.235,8.3276,0.6692,9.1263,1.0
2018-08-23,0.72455,1.3082,0.9862,1.1539,1.28115,111.295,8.3888,0.6636500000000001,9.1426,1.0
2018-08-22,0.7347,1.2997,0.983,1.1597,1.2911,110.555,8.3418,0.6697,9.0655,1.0
2018-08-21,0.73715,1.3035999999999999,0.9853000000000001,1.1571,1.2901500000000001,110.305,8.4044,0.6692,9.0946,1.0
2018-08-20,0.734,1.3047,0.9915,1.14805,1.2798500000000002,110.07,8.4459,0.6639999999999999,9.15465,1.0
2018-08-17,0.7312000000000001,1.306,0.99585,1.1439,1.27525,110.505,8.4545,0.6638,9.1526,1.0
2018-08-16,0.7261,1.3153,0.9968,1.1377,1.27195,110.895,8.4766,0.6588,9.1899,1.0
2018-08-15,0.72395,1.3142,0.9936,1.1345,1.2698,110.745,8.4543,0.6565,9.2052,1.0
2018-08-14,0.7245,1.3056,0.9942500000000001,1.1344,1.2725,111.155,8.4163,0.6573,9.144,1.0
2018-08-13,0.7269,1.31335,0.9934000000000001,1.1409,1.2768,110.72999999999999,8.3633,0.6578999999999999,9.118,1.0
2018-08-10,0.7302,1.3145,0.9954000000000001,1.1411,1.2769,110.94,8.3642,0.6581,9.1219,1.0
2018-08-09,0.73725,1.305,0.9934499999999999,1.1527,1.2824,111.085,8.3192,0.6613,9.0083,1.0
2018-08-08,0.7432,1.3023,0.9933,1.1611,1.28815,110.985,8.217500000000001,0.6747000000000001,8.9491,1.0
2018-08-07,0.7421,1.3053,0.99545,1.1599,1.2939500000000002,111.385,8.2027,0.6735,8.9162,1.0
2018-08-06,0.7387,1.3004,0.99655,1.1553499999999999,1.2943500000000001,111.405,8.251100000000001,0.6733,8.93805,1.0
2018-08-03,0.74,1.299,0.9943,1.1567500000000002,1.3007499999999999,111.265,8.2561,0.6743,8.9148,1.0
2018-08-02,0.736,1.3023,0.9951,1.1583999999999999,1.30185,111.655,8.2424,0.67535,8.8934,1.0
2018-08-01,0.7404,1.3005,0.9921,1.166,1.3126,111.725,8.1765,0.6791,8.8069,1.0
2018-07-31,0.74285,1.3007,0.9903,1.1691500000000001,1.31265,111.875,8.1569,0.6817500000000001,8.792349999999999,1.0
2018-07-30,0.74065,1.3035999999999999,0.9883,1.1706,1.3133,111.07,8.1346,0.6823,8.7521,1.0
2018-07-27,0.74015,1.3053,0.9944999999999999,1.16575,1.31045,111.045,8.1882,0.6789499999999999,8.8408,1.0
2018-07-26,0.73775,1.3074,0.9942,1.16425,1.3109,111.225,8.18995,0.6784,8.812100000000001,1.0
2018-07-25,0.7455,1.3046,0.9919,1.17285,1.3189,110.975,8.1353,0.6837,8.7569,1.0
2018-07-24,0.7421,1.3154,0.9936,1.1686,1.3145,111.19999999999999,8.178799999999999,0.6800999999999999,8.8164,1.0
2018-07-23,0.73815,1.3173,0.9924999999999999,1.1692,1.31025,111.345,8.1951,0.6786,8.8593,1.0
2018-07-20,0.7423500000000001,1.315,0.9925999999999999,1.172,1.3134000000000001,111.41,8.1798,0.6809000000000001,8.8546,1.0
2018-07-19,0.7359,1.327,0.9992,1.1643,1.3014000000000001,112.465,8.2341,0.6746,8.913499999999999,1.0
2018-07-18,0.7398,1.3171,0.9989,1.16385,1.3069,112.85499999999999,8.1703,0.6794,8.8663,1.0
2018-07-17,0.73875,1.319,1.0002,1.1661,1.3115,112.87,8.153400000000001,0.6784,8.8403,1.0
2018-07-16,0.74205,1.3135,0.9968,1.171,1.32355,112.295,8.1008,0.6777500000000001,8.8249,1.0
2018-07-13,0.7424,1.3161,1.00175,1.1685500000000002,1.32345,112.375,8.1152,0.6765,8.8835,1.0
2018-07-12,0.74085,1.31535,1.0024,1.1672500000000001,1.3206,112.565,8.1076,0.6785,8.8702,1.0
2018-07-11,0.7366,1.3206,0.99585,1.1674,1.32055,112.015,8.1089,0.67575,8.8228,1.0
2018-07-10,0.7459,1.3111,0.992,1.1743999999999999,1.3276,110.995,8.0167,0.6838,8.7403,1.0
2018-07-09,0.7467,1.31095,0.9915499999999999,1.1751,1.3259,110.85,8.025500000000001,0.6836,8.725999999999999,1.0
2018-07-06,0.74335,1.3082,0.9899,1.1747,1.32855,110.46000000000001,8.0302,0.6840999999999999,8.7233,1.0
2018-07-05,0.7387,1.3133,0.9932,1.1691,1.3227,110.625,8.0615,0.6785,8.7664,1.0
2018-07-04,0.7382500000000001,1.3143500000000001,0.9927999999999999,1.1656,1.3232499999999998,110.475,8.110299999999999,0.6761999999999999,8.7891,1.0
2018-07-03,0.7386,1.3139,0.99245,1.1657,1.3193,110.595,8.1331,0.6755,8.8298,1.0
2018-07-02,0.7341500000000001,1.3186,0.9936,1.16405,1.3143,110.89500000000001,8.1725,0.6716,8.9655,1.0
2018-06-29,0.74045,1.3132,0.9906999999999999,1.1684999999999999,1.32085,110.68,8.1445,0.6766,8.948,1.0
2018-06-28,0.7354499999999999,1.3246,0.99745,1.1569,1.3078,110.495,8.1884,0.6756,9.0195,1.0
2018-06-27,0.7341,1.3339,0.9972,1.1553499999999999,1.31125,110.25999999999999,8.193,0.6791499999999999,8.9762,1.0
2018-06-26,0.7394000000000001,1.33095,0.9905999999999999,1.1647,1.3228,110.065,8.1281,0.6864,8.8826,1.0
2018-06-25,0.7414000000000001,1.3295,0.987,1.1703999999999999,1.3277,109.775,8.1037,0.69,8.848,1.0
2018-06-22,0.74415,1.32715,0.988,1.1657,1.32695,109.97,8.092,0.6908,8.8537,1.0
2018-06-21,0.73815,1.3314,0.99175,1.1602999999999999,1.3252,109.995,8.1273,0.688,8.8923,1.0
2018-06-20,0.7368,1.3312,0.99615,1.1572,1.3173,110.36,8.1793,0.6863,8.8834,1.0
2018-06-19,0.7383500000000001,1.3284,0.99415,1.159,1.318,110.055,8.1845,0.6900999999999999,8.8959,1.0
2018-06-18,0.7423500000000001,1.32,0.99515,1.1623,1.3244,110.55000000000001,8.1273,0.6944,8.8157,1.0
2018-06-15,0.7444,1.3202,0.9976,1.1609,1.32855,110.675,8.1476,0.6950000000000001,8.7839,1.0
2018-06-14,0.74805,1.3103,0.99705,1.1569,1.32625,110.63,8.136800000000001,0.6977,8.742,1.0
2018-06-13,0.75785,1.2986,0.9856,1.1791,1.3376000000000001,110.34,8.010200000000001,0.7025,8.6075,1.0
2018-06-12,0.75735,1.3014999999999999,0.9868,1.1745,1.3372,110.375,8.0521,0.7007,8.6442,1.0
2018-06-11,0.76115,1.2977500000000002,0.9853000000000001,1.1784,1.3375,110.035,8.043099999999999,0.7027,8.6624,1.0
2018-06-08,0.76,1.2926,0.9852000000000001,1.1768,1.3411499999999998,109.55,8.0562,0.7033499999999999,8.7081,1.0
2018-06-07,0.7626,1.2972000000000001,0.9805,1.1799,1.34225,109.705,8.0573,0.7028,8.699300000000001,1.0
2018-06-06,0.7666999999999999,1.2944,0.9863,1.1773500000000001,1.3413,110.175,8.081,0.7032499999999999,8.7336,1.0
2018-06-05,0.7617499999999999,1.29705,0.9845,1.1718,1.33965,109.795,8.1116,0.70245,8.7515,1.0
2018-06-04,0.7645500000000001,1.2929,0.98785,1.1698499999999998,1.3312499999999998,109.815,8.1187,0.7029,8.7575,1.0
2018-06-01,0.7568,1.2949,0.98815,1.1660499999999998,1.3348,109.545,8.183,0.6983,8.8253,1.0
2018-05-31,0.75685,1.2958,0.9858,1.1692,1.33005,108.82,8.1792,0.6999500000000001,8.8138,1.0
2018-05-30,0.7577499999999999,1.28735,0.9892,1.1663000000000001,1.3291499999999998,108.905,8.182400000000001,0.69885,8.8104,1.0
2018-05-29,0.7505,1.3018,0.9913000000000001,1.154,1.3253499999999998,108.765,8.2837,0.6904,8.95575,1.0
2018-05-28,0.75465,1.29915,0.9937,1.16235,1.33135,109.42,8.195599999999999,0.6943,8.8239,1.0
2018-05-25,0.7549,1.2972000000000001,0.9898,1.1652,1.3309,109.395,8.171,0.6918,8.7649,1.0
2018-05-24,0.7576,1.2882500000000001,0.9916,1.1719499999999998,1.3381,109.255,8.098600000000001,0.6923,8.7608,1.0
2018-05-23,0.75615,1.2831000000000001,0.9955499999999999,1.1697,1.3348499999999999,110.08,8.093399999999999,0.69145,8.7607,1.0
2018-05-22,0.7576,1.2819,0.99275,1.1779,1.34355,110.895,8.0615,0.6934,8.6898,1.0
2018-05-21,0.7582,1.2787,0.99725,1.17915,1.3430499999999999,111.055,8.0506,0.69465,8.6731,1.0
2018-05-18,0.75135,1.2882,0.9978,1.17775,1.34735,110.755,8.1144,0.6912,8.754,1.0
2018-05-17,0.75115,1.2807,1.0015,1.1795,1.3517000000000001,110.77000000000001,8.1208,0.6877,8.734,1.0
2018-05-16,0.7516499999999999,1.2787,1.0011999999999999,1.1807500000000002,1.3488,110.39,8.0794,0.6897,8.7049,1.0
2018-05-15,0.7472,1.2873999999999999,1.0013,1.1837499999999999,1.35065,110.35,8.1222,0.6862,8.6855,1.0
2018-05-14,0.7525999999999999,1.2812999999999999,1.0006,1.1926999999999999,1.3556,109.66,8.032599999999999,0.69135,8.6421,1.0
2018-05-11,0.7543,1.2793,1.0006,1.1944,1.3543500000000002,109.395,8.0019,0.6968,8.5952,1.0
2018-05-10,0.7533,1.2767,1.0033,1.1915,1.3517,109.395,8.0037,0.6963,8.651,1.0
2018-05-09,0.7464500000000001,1.2854,1.00525,1.18505,1.35465,109.745,8.076699999999999,0.69865,8.7042,1.0
2018-05-08,0.7451,1.295,1.0016500000000002,1.1864,1.3546,109.125,8.1404,0.6970000000000001,8.8187,1.0
2018-05-07,0.7517,1.2881,1.0026,1.1922,1.3557000000000001,109.095,8.0703,0.7017,8.8355,1.0
2018-05-04,0.75425,1.2846,0.99995,1.196,1.35325,109.125,8.0552,0.702,8.799900000000001,1.0
2018-05-03,0.75315,1.2847,0.9976,1.1988500000000002,1.3576,109.195,8.0485,0.7041999999999999,8.8137,1.0
2018-05-02,0.7496499999999999,1.2884,0.9993000000000001,1.19515,1.3578000000000001,109.845,8.122399999999999,0.6996,8.9163,1.0
2018-05-01,0.74905,1.2848,0.9964,1.19935,1.3614,109.865,8.0877,0.7005,8.8484,1.0
2018-04-30,0.75335,1.284,0.99075,1.20785,1.3771499999999999,109.33500000000001,8.015899999999998,0.7036,8.7492,1.0
2018-04-27,0.7582,1.2828,0.9879,1.213,1.3780000000000001,109.045,7.9596,0.7085,8.6587,1.0
2018-04-26,0.7556,1.2867,0.9891,1.2103,1.3916,109.305,7.9954,0.7061999999999999,8.6646,1.0
2018-04-25,0.7564,1.2843,0.9833000000000001,1.2161,1.3931,109.425,7.9725,0.7070000000000001,8.5647,1.0
2018-04-24,0.7604,1.28335,0.9789,1.2232,1.3977,108.82,7.9026,0.712,8.5075,1.0
2018-04-23,0.76045,1.2849,0.9781,1.2208999999999999,1.3941,108.71000000000001,7.88715,0.7148,8.5195,1.0
2018-04-20,0.7673,1.2759,0.9746,1.2288000000000001,1.4004500000000002,107.665,7.8232,0.7209,8.4461,1.0
2018-04-19,0.77305,1.2671999999999999,0.97135,1.2346,1.40915,107.375,7.7921,0.7272000000000001,8.4047,1.0
2018-04-18,0.7784,1.2629000000000001,0.96875,1.2373500000000002,1.4203000000000001,107.235,7.7616,0.7319,8.4042,1.0
2018-04-17,0.7766500000000001,1.2548,0.9661500000000001,1.23705,1.4288,107.005,7.7614,0.7343,8.4036,1.0
2018-04-16,0.778,1.2565,0.9600500000000001,1.23795,1.4338,107.115,7.775600000000001,0.7363,8.4169,1.0
2018-04-13,0.7767999999999999,1.2612999999999999,0.9624,1.2331,1.4241,107.345,7.774900000000001,0.7359,8.473700000000001,1.0
2018-04-12,0.77545,1.2584,0.9626,1.2327,1.4227500000000002,107.335,7.7707999999999995,0.7376,8.4071,1.0
2018-04-11,0.7755,1.258,0.9577,1.2367,1.41785,106.795,7.762600000000001,0.7358,8.3259,1.0
2018-04-10,0.7761,1.2603,0.9571000000000001,1.2356,1.4175,107.205,7.7951,0.73615,8.302,1.0
2018-04-09,0.7698,1.2698,0.9561999999999999,1.23205,1.4131,106.765,7.785,0.7307,8.358,1.0
2018-04-06,0.7677499999999999,1.2784,0.9592499999999999,1.2283,1.4092500000000001,106.93,7.829700000000001,0.72645,8.3911,1.0
2018-04-05,0.7685,1.2749,0.9634,1.224,1.40035,107.38,7.8309999999999995,0.7278,8.4184,1.0
2018-04-04,0.7717,1.277,0.9608,1.2278,1.40815,106.78,7.8245000000000005,0.7306,8.4019,1.0
2018-04-03,0.76845,1.2807,0.95885,1.2270500000000002,1.40585,106.605,7.8382000000000005,0.7258,8.3913,1.0
2018-04-02,0.7664500000000001,1.2913000000000001,0.9554,1.2302,1.40455,105.895,7.8873999999999995,0.7213,8.3915,1.0
2018-03-30,0.7679,1.2894,0.9541,1.23225,1.4017499999999998,106.275,7.850300000000001,0.7236,8.3423,1.0
2018-03-29,0.7678,1.2884,0.9565,1.23015,1.4017,106.43,7.8413,0.7234499999999999,8.3603,1.0
2018-03-28,0.76615,1.2923,0.9567,1.23085,1.40775,106.85499999999999,7.8624,0.7212000000000001,8.350999999999999,1.0
2018-03-27,0.7679,1.2883,0.9468,1.2403,1.4157,105.345,7.71795,0.7269,8.2311,1.0
2018-03-26,0.77485,1.2841,0.94565,1.24425,1.42285,105.41,7.6813,0.72985,8.1908,1.0
2018-03-23,0.7697499999999999,1.2893,0.9472,1.2353,1.4133499999999999,104.74000000000001,7.7558,0.7235,8.2472,1.0
2018-03-22,0.7693,1.29405,0.9492,1.23015,1.4096,105.275,7.7504,0.7206,8.256499999999999,1.0
2018-03-21,0.77655,1.2903,0.94975,1.2338,1.41415,106.055,7.6958,0.7229,8.1836,1.0
2018-03-20,0.7683,1.30715,0.9565,1.2242,1.3998,106.535,7.747249999999999,0.7183999999999999,8.2217,1.0
2018-03-19,0.7718,1.3077,0.9511000000000001,1.2335,1.4024,106.095,7.7234,0.7243999999999999,8.1695,1.0
2018-03-16,0.7716000000000001,1.3097,0.9521999999999999,1.2288999999999999,1.39405,106.015,7.7156,0.7217,8.1929,1.0
2018-03-15,0.77985,1.30525,0.9515,1.2304499999999998,1.3937499999999998,106.345,7.71425,0.7278,8.1802,1.0
2018-03-14,0.78775,1.2955,0.9450000000000001,1.2367,1.3961000000000001,106.32499999999999,7.73,0.7332000000000001,8.183,1.0
2018-03-13,0.7859499999999999,1.2965,0.944,1.2389999999999999,1.39615,106.575,7.736800000000001,0.7324999999999999,8.2165,1.0
2018-03-12,0.78725,1.2839,0.9476,1.2334,1.3905500000000002,106.41499999999999,7.7443,0.7296,8.243099999999998,1.0
2018-03-09,0.7851,1.28125,0.9512,1.2307000000000001,1.3849,106.79499999999999,7.7771,0.7282500000000001,8.2441,1.0
2018-03-08,0.77915,1.2896,0.9512,1.2312,1.3812,106.205,7.8398,0.7263999999999999,8.2628,1.0
2018-03-07,0.7825500000000001,1.2912,0.9435,1.2413500000000002,1.39015,106.075,7.809799999999999,0.7284999999999999,8.2301,1.0
2018-03-06,0.7827999999999999,1.2876,0.9407,1.2404,1.38875,106.125,7.777,0.729,8.2072,1.0
2018-03-05,0.7765,1.2964,0.94,1.2336,1.3849,106.205,7.819050000000001,0.7226,8.263300000000001,1.0
2018-03-02,0.7764,1.288,0.9381999999999999,1.23175,1.3805,105.75,7.7859,0.7236,8.2488,1.0
2018-03-01,0.7756000000000001,1.2839,0.9419,1.22675,1.3776,106.24000000000001,7.8443000000000005,0.7249,8.249649999999999,1.0
2018-02-28,0.77615,1.2832,0.9446,1.2194500000000001,1.37605,106.67500000000001,7.9016,0.7212000000000001,8.2908,1.0
2018-02-27,0.77895,1.2776,0.9390000000000001,1.2232500000000002,1.3909500000000001,107.33,7.8683,0.72355,8.2263,1.0
2018-02-26,0.7855,1.2681,0.93805,1.2318,1.3967,106.935,7.8238,0.7303999999999999,8.1506,1.0
2018-02-23,0.78445,1.263,0.9368000000000001,1.2293500000000002,1.39675,106.88499999999999,7.8475,0.72905,8.174949999999999,1.0
2018-02-22,0.78455,1.2705,0.93275,1.2331,1.3956,106.755,7.8545,0.734,8.1159,1.0
2018-02-21,0.7804,1.2702499999999999,0.93895,1.2284,1.3918,107.775,7.8675,0.7319,8.1191,1.0
2018-02-20,0.78835,1.2646,0.9362,1.2338,1.3996,107.325,7.8407,0.7348,8.0962,1.0
2018-02-19,0.79125,1.2561,0.9291499999999999,1.2407499999999998,1.4005,106.6,7.7789,0.7372000000000001,7.9841,1.0
2018-02-16,0.79125,1.2557,0.9278,1.2406,1.40425,106.315,7.780900000000001,0.7389,7.9681999999999995,1.0
2018-02-15,0.79455,1.2478,0.9221,1.2506,1.40985,106.125,7.7658000000000005,0.7408,7.9292,1.0
2018-02-14,0.79255,1.249,0.9291499999999999,1.245,1.3998,107.015,7.798,0.737,7.95565,1.0
2018-02-13,0.78595,1.2592,0.9348000000000001,1.2352,1.3892,107.82499999999999,7.872199999999999,0.7274,8.0276,1.0
2018-02-12,0.78605,1.2575,0.9392499999999999,1.2292,1.38375,108.655,7.91425,0.72635,8.0644,1.0
2018-02-09,0.78145,1.2578,0.9400999999999999,1.2235,1.38375,108.795,7.966799999999999,0.7246,8.1028,1.0
2018-02-08,0.778,1.2603,0.9359999999999999,1.2247,1.39135,108.745,7.9251000000000005,0.7217,8.1186,1.0
2018-02-07,0.78235,1.2569,0.9436,1.2264,1.3881999999999999,109.325,7.9062,0.7239,8.0828,1.0
2018-02-06,0.79065,1.2491500000000002,0.9359999999999999,1.2377,1.39485,109.565,7.815799999999999,0.7342,7.9514,1.0
2018-02-05,0.7878000000000001,1.2539,0.9315,1.2367499999999998,1.3958499999999998,109.105,7.8370999999999995,0.7264999999999999,7.9808,1.0
2018-02-02,0.79225,1.2426,0.93125,1.24615,1.41225,110.105,7.7336,0.73025,7.9048,1.0
2018-02-01,0.8039000000000001,1.2268,0.9263,1.251,1.4264999999999999,109.405,7.6419999999999995,0.7398,7.8402,1.0
2018-01-31,0.8055,1.2315,0.9314,1.2421,1.4192,109.185,7.7125,0.7364999999999999,7.8788,1.0
2018-01-30,0.8083,1.2334,0.93425,1.2402,1.41465,108.775,7.7223,0.7331,7.8908000000000005,1.0
2018-01-29,0.80945,1.23385,0.9375,1.2382499999999999,1.4074499999999999,108.955,7.7115,0.7322,7.8919,1.0
2018-01-26,0.81115,1.2311,0.9337,1.2421,1.4170500000000001,108.715,7.6906,0.7355499999999999,7.8751999999999995,1.0
2018-01-25,0.80305,1.2382,0.9411,1.2396500000000001,1.41465,109.405,7.7435,0.7326,7.9216999999999995,1.0
2018-01-24,0.80615,1.2349,0.9453,1.2408000000000001,1.4243000000000001,109.225,7.7526,0.73375,7.927,1.0
2018-01-23,0.79985,1.2416,0.95765,1.2299,1.4001000000000001,110.305,7.8233,0.7354499999999999,8.007,1.0
2018-01-22,0.80175,1.2444,0.96185,1.2262,1.3987500000000002,110.92,7.852399999999999,0.7328,8.0203,1.0
2018-01-19,0.79925,1.2489,0.963,1.22215,1.3851499999999999,110.775,7.867800000000001,0.7277,8.0438,1.0
2018-01-18,0.8,1.2418,0.9589,1.22385,1.3893,111.11,7.8472,0.7302,8.0199,1.0
2018-01-17,0.79695,1.2436,0.96565,1.21855,1.3827,111.285,7.87745,0.7273000000000001,8.050799999999999,1.0
2018-01-16,0.7961,1.2435,0.9596,1.2260499999999999,1.3792499999999999,110.455,7.8733,0.7267,8.0388,1.0
2018-01-15,0.7965,1.2429000000000001,0.9631000000000001,1.2263,1.3792,110.53999999999999,7.8808,0.7301,8.0132,1.0
2018-01-12,0.79125,1.2457,0.9682,1.2187000000000001,1.37295,111.03999999999999,7.925599999999999,0.7256,8.0475,1.0
2018-01-11,0.7891,1.2519,0.9759,1.2032,1.3538000000000001,111.255,8.0146,0.7261,8.1324,1.0
2018-01-10,0.7843,1.2547,0.9783,1.1947,1.3507,111.435,8.0722,0.7198,8.2009,1.0
2018-01-09,0.78235,1.2464,0.9834,1.1937,1.354,112.655,8.102699999999999,0.7161,8.2301,1.0
2018-01-08,0.7841,1.2421,0.9771,1.1966999999999999,1.3568,113.095,8.07765,0.7176,8.1997,1.0
2018-01-05,0.7864,1.2409,0.9752000000000001,1.203,1.35705,113.08,8.049,0.7169,8.143799999999999,1.0
2018-01-04,0.7864,1.24865,0.9746,1.2068,1.3553,112.75,8.0659,0.7155,8.1375,1.0
2018-01-03,0.7836,1.2533500000000002,0.9771,1.2014,1.35155,112.505,8.104800000000001,0.7092,8.1779,1.0
2018-01-02,0.783,1.2513,0.9716,1.2059,1.3588,112.295,8.1278,0.7105,8.168,1.0
2018-01-01,0.7805,1.2544499999999998,0.9745,1.201,1.3503500000000002,112.655,8.199100000000001,0.71055,8.2027,1.0
2017-12-29,0.7802,1.2579,0.97435,1.1998,1.3514499999999998,112.685,8.2095,0.7087,8.2032,1.0
2017-12-28,0.7797499999999999,1.2569,0.9786,1.1943,1.34435,112.885,8.2514,0.7089,8.2456,1.0
2017-12-27,0.7767999999999999,1.2655,0.9863,1.1888,1.3397000000000001,113.355,8.271,0.7061,8.2762,1.0
2017-12-26,0.7728,1.2690000000000001,0.9891,1.1858499999999998,1.3374,113.235,8.3104,0.7039,8.3484,1.0
2017-12-25,0.7717,1.2729,0.9885999999999999,1.1869,1.3369,113.275,8.31335,0.7021999999999999,8.3411,1.0
2017-12-22,0.77165,1.2732999999999999,0.9893000000000001,1.1858499999999998,1.3362500000000002,113.27000000000001,8.3275,0.7022999999999999,8.3264,1.0
2017-12-21,0.7702,1.27385,0.9884999999999999,1.18735,1.3385500000000001,113.33,8.3539,0.7018,8.3801,1.0
2017-12-20,0.7666999999999999,1.2836,0.9871,1.1871,1.33755,113.395,8.4108,0.7012,8.3964,1.0
2017-12-19,0.7666,1.2878,0.9848,1.184,1.3385500000000001,112.89,8.3467,0.6974,8.4037,1.0
2017-12-18,0.76635,1.28625,0.9858,1.17815,1.33825,112.55,8.3598,0.6995,8.4364,1.0
2017-12-15,0.7645,1.2862,0.9904999999999999,1.1754,1.33215,112.585,8.381,0.6990000000000001,8.5061,1.0
2017-12-14,0.7666,1.2796,0.9892,1.1778,1.34315,112.39,8.3011,0.6983,8.4389,1.0
2017-12-13,0.7637,1.2815,0.9856,1.1826500000000002,1.342,112.545,8.325,0.7022999999999999,8.4133,1.0
2017-12-12,0.75585,1.2862,0.99165,1.1742,1.3317,113.545,8.346150000000002,0.6934,8.4204,1.0
2017-12-11,0.75265,1.28565,0.9919,1.17685,1.3339,113.56,8.384,0.6912499999999999,8.5048,1.0
2017-12-08,0.75055,1.2845,0.993,1.17645,1.33915,113.485,8.3006,0.68405,8.448699999999999,1.0
2017-12-07,0.7512,1.2851,0.9944,1.1773,1.3474,113.08500000000001,8.3164,0.6831,8.48555,1.0
2017-12-06,0.75635,1.279,0.9899,1.1796,1.3394,112.295,8.2714,0.6883,8.4342,1.0
2017-12-05,0.76065,1.2688,0.9874,1.1825999999999999,1.3443,112.595,8.2634,0.6876,8.365,1.0
2017-12-04,0.75985,1.267,0.985,1.1865999999999999,1.34795,112.415,8.3249,0.6858,8.4197,1.0
2017-12-01,0.76095,1.2683,0.97655,1.1891,1.3472499999999998,112.11,8.2834,0.6886,8.3597,1.0
2017-11-30,0.7567,1.28965,0.9836,1.1904,1.3526500000000001,112.535,8.3192,0.6832,8.3753,1.0
2017-11-29,0.75715,1.2865,0.9846,1.1847500000000002,1.34085,111.93,8.2558,0.6880999999999999,8.3676,1.0
2017-11-28,0.7595000000000001,1.2816,0.9842,1.1841,1.3338,111.485,8.2448,0.69,8.3509,1.0
2017-11-27,0.76025,1.2769,0.9816,1.1898,1.3317999999999999,111.095,8.1521,0.6912,8.3021,1.0
2017-11-24,0.76145,1.2715,0.9798,1.19305,1.33375,111.545,8.1302,0.6880999999999999,8.2769,1.0
2017-11-23,0.7624500000000001,1.27135,0.9816,1.1851500000000001,1.33095,111.22,8.137699999999999,0.6890499999999999,8.2975,1.0
2017-11-22,0.76185,1.2692999999999999,0.9819,1.1822,1.3326500000000001,111.215,8.15345,0.6883,8.3382,1.0
2017-11-21,0.75785,1.2778,0.9914499999999999,1.1738,1.32395,112.445,8.2123,0.683,8.4293,1.0
2017-11-20,0.755,1.282,0.9936,1.17325,1.32345,112.625,8.293099999999999,0.681,8.4842,1.0
2017-11-17,0.7565999999999999,1.2763,0.9885999999999999,1.1795,1.32135,112.085,8.2395,0.6817,8.4252,1.0
2017-11-16,0.75875,1.2757,0.9941,1.177,1.3195000000000001,113.065,8.2079,0.6851,8.4006,1.0
2017-11-15,0.7588,1.2763499999999999,0.9883,1.1792,1.3171,112.875,8.243500000000001,0.6878,8.4293,1.0
2017-11-14,0.76315,1.2731,0.9894000000000001,1.1798,1.3165,113.455,8.181000000000001,0.6876,8.396,1.0
2017-11-13,0.7622,1.2732999999999999,0.9964,1.1667,1.3115999999999999,113.625,8.1666,0.69025,8.3834,1.0
2017-11-10,0.7662,1.2682,0.9958,1.1665,1.3190499999999998,113.535,8.1345,0.69295,8.356349999999999,1.0
2017-11-09,0.7679,1.2683,0.994,1.1642000000000001,1.3151,113.475,8.1311,0.6948,8.3785,1.0
2017-11-08,0.7677499999999999,1.2727,1.0000499999999999,1.15945,1.3115999999999999,113.875,8.16545,0.6965,8.3809,1.0
2017-11-07,0.7645500000000001,1.2774,1.0,1.1586500000000002,1.3167,114.015,8.1717,0.6900999999999999,8.398,1.0
2017-11-06,0.76915,1.2704,0.9975,1.161,1.3172,113.7,8.1354,0.6946,8.3981,1.0
2017-11-03,0.7651,1.2763,1.0007,1.1609,1.3075999999999999,114.075,8.172,0.6907,8.4332,1.0
2017-11-02,0.7713,1.2808,0.9993000000000001,1.1658,1.3059,114.095,8.1358,0.6914,8.3948,1.0
2017-11-01,0.7676000000000001,1.2868,1.0033,1.1619,1.3246,114.17500000000001,8.1498,0.6885,8.4008,1.0
2017-10-31,0.7657,1.2886,0.9977,1.1646,1.3283,113.635,8.1691,0.6847,8.3777,1.0
2017-10-30,0.7688,1.283,0.9944,1.1651,1.3208,113.185,8.1502,0.6877,8.353,1.0
2017-10-27,0.7678499999999999,1.2807499999999998,0.9977,1.161,1.3129,113.685,8.1464,0.6880999999999999,8.3509,1.0
2017-10-26,0.7661,1.2847,0.9977,1.16505,1.316,113.985,8.1709,0.6844,8.3491,1.0
2017-10-25,0.7704,1.2796,0.98965,1.1813,1.3264,113.745,8.0151,0.6887,8.2179,1.0
2017-10-24,0.7776,1.2675,0.9911,1.1761,1.3136,113.9,8.005099999999999,0.6901999999999999,8.2207,1.0
2017-10-23,0.7806500000000001,1.26525,0.985,1.1749,1.31975,113.435,8.0014,0.6966,8.2004,1.0
2017-10-20,0.7819,1.2626,0.9843,1.1785,1.319,113.515,7.9848,0.6970000000000001,8.1638,1.0
2017-10-19,0.788,1.2486,0.9763,1.1852,1.3159,112.545,7.9299,0.7032,8.1266,1.0
2017-10-18,0.7846,1.2467,0.9816,1.17875,1.3205,112.935,7.9604,0.7153,8.1428,1.0
2017-10-17,0.7845500000000001,1.252,0.9783999999999999,1.17665,1.3191,112.205,7.945,0.7171000000000001,8.1545,1.0
2017-10-16,0.7851,1.2518,0.9755,1.17965,1.325,112.19,7.8984000000000005,0.7172000000000001,8.1051,1.0
2017-10-13,0.7888999999999999,1.2468,0.9745,1.1823,1.32865,111.855,7.8888,0.71675,8.1156,1.0
2017-10-12,0.78215,1.2474,0.9753499999999999,1.1830500000000002,1.3262,112.285,7.901999999999999,0.713,8.1256,1.0
2017-10-11,0.7787999999999999,1.246,0.9735,1.1859,1.3223,112.495,7.9211,0.7085,8.0482,1.0
2017-10-10,0.7778,1.2515,0.9751,1.18065,1.3204,112.455,7.9521,0.7069,8.0734,1.0
2017-10-09,0.7753,1.2549000000000001,0.97975,1.1740499999999998,1.3142,112.67,7.9846,0.7065,8.1251,1.0
2017-10-06,0.77705,1.2536,0.97805,1.1734,1.30655,112.645,7.987500000000001,0.7094,8.1164,1.0
2017-10-05,0.77955,1.2565,0.9783,1.1711,1.3119,112.82,8.004999999999999,0.7115,8.1419,1.0
2017-10-04,0.7864,1.2473,0.9751,1.1759499999999998,1.32455,112.755,7.958600000000001,0.7168,8.0984,1.0
2017-10-03,0.7835,1.2488000000000001,0.9738,1.1743999999999999,1.3235999999999999,112.855,7.9817,0.7159,8.137599999999999,1.0
2017-10-02,0.7827,1.2509000000000001,0.9746,1.1732,1.3277,112.765,8.00245,0.7196,8.1701,1.0
2017-09-29,0.7834,1.24695,0.9682,1.1814,1.3397000000000001,112.49000000000001,7.9615,0.7207,8.1477,1.0
2017-09-28,0.7857000000000001,1.2426,0.9701500000000001,1.1785999999999999,1.3442500000000002,112.345,7.939500000000001,0.7236,8.1129,1.0
2017-09-27,0.7849,1.2474,0.9721500000000001,1.17445,1.3387,112.83,7.9533000000000005,0.7201,8.1497,1.0
2017-09-26,0.7887,1.2347000000000001,0.9689,1.1793,1.34585,112.235,7.890750000000001,0.7209,8.1199,1.0
2017-09-25,0.79365,1.2371,0.9665,1.1848,1.3467,111.735,7.81815,0.7263999999999999,8.0436,1.0
2017-09-22,0.7963,1.2338,0.96925,1.1954,1.3493,111.985,7.8,0.7341,7.9837,1.0
2017-09-21,0.7933,1.2327,0.9708,1.1941,1.35795,112.47,7.8027999999999995,0.7307,7.9718,1.0
2017-09-20,0.8032,1.2321,0.9699,1.1893,1.3494,112.225,7.8649000000000004,0.7357,8.013,1.0
2017-09-19,0.8009999999999999,1.229,0.9627,1.1994,1.3509,111.595,7.7997,0.7318,7.9518,1.0
2017-09-18,0.7961,1.22905,0.9615,1.1954,1.3494,111.57,7.8321000000000005,0.72655,7.9620999999999995,1.0
2017-09-15,0.8002,1.2194500000000001,0.9599,1.1943,1.3593,110.845,7.8508,0.72905,7.9663,1.0
2017-09-14,0.8006,1.2164,0.96315,1.1919,1.3397000000000001,110.235,7.8754,0.7222500000000001,7.9887,1.0
2017-09-13,0.7985,1.2173,0.96425,1.18865,1.3211,110.485,7.87985,0.724,8.0329,1.0
2017-09-12,0.8019000000000001,1.2184,0.96025,1.1966999999999999,1.3284,110.175,7.8353,0.7288,7.9711,1.0
2017-09-11,0.8029,1.211,0.9561999999999999,1.1953,1.31635,109.405,7.8411,0.7254499999999999,8.0128,1.0
2017-09-08,0.8059000000000001,1.2154,0.9445,1.2035,1.3198500000000002,107.845,7.7395,0.7264999999999999,7.9304,1.0
2017-09-07,0.80475,1.2113,0.9506,1.2023,1.3101,108.455,7.7331,0.7233,7.9198,1.0
2017-09-06,0.8,1.2225,0.9564,1.1917,1.3043,109.235,7.8017,0.72,7.9805,1.0
2017-09-05,0.7996,1.2372,0.9553,1.1914,1.3033000000000001,108.815,7.7795000000000005,0.7235,7.9685,1.0
2017-09-04,0.79445,1.2418,0.95845,1.1896,1.2931499999999998,109.74000000000001,7.8098,0.7162,7.9629,1.0
2017-09-01,0.7968,1.2396,0.9647,1.1859,1.2950499999999998,110.265,7.7989,0.7156,7.9918,1.0
2017-08-31,0.7947,1.2482,0.9587,1.191,1.29305,109.975,7.7613,0.718,7.9385,1.0
2017-08-30,0.7905,1.2621,0.9636,1.1883,1.2925499999999999,110.235,7.8104,0.7202999999999999,7.979100000000001,1.0
2017-08-29,0.79475,1.25115,0.9555,1.19725,1.292,109.755,7.748900000000001,0.7257,7.93945,1.0
2017-08-28,0.7963,1.2508,0.9552499999999999,1.1979,1.2933,109.255,7.7541,0.7256,7.9587,1.0
2017-08-25,0.7934,1.2481,0.9568,1.1926,1.28865,109.355,7.7582,0.7241,7.9708000000000006,1.0
2017-08-24,0.7902,1.2518,0.9654,1.1799,1.28,109.555,7.8436,0.7215,8.0677,1.0
2017-08-23,0.79045,1.25555,0.9653,1.1807500000000002,1.28,109.035,7.8682,0.7226,8.0596,1.0
2017-08-22,0.7910999999999999,1.25605,0.9682,1.1762,1.2824,109.57,7.9097,0.7279,8.0943,1.0
2017-08-21,0.7939,1.2559,0.9618,1.1816,1.2901,108.97999999999999,7.898,0.73265,8.0731,1.0
2017-08-18,0.79305,1.2586,0.965,1.1762,1.2875999999999999,109.195,7.906599999999999,0.7314,8.111,1.0
2017-08-17,0.7886,1.2679,0.9629,1.1724,1.28685,109.57,7.96865,0.7282,8.1391,1.0
2017-08-16,0.79245,1.2616,0.9659,1.177,1.289,110.195,7.9252,0.7313000000000001,8.0742,1.0
2017-08-15,0.78215,1.2757,0.9727,1.1735,1.287,110.675,7.957800000000001,0.7236,8.0739,1.0
2017-08-14,0.7851,1.2721,0.9721,1.178,1.2965,109.635,7.950900000000001,0.72875,8.1121,1.0
2017-08-11,0.78945,1.2683,0.9619,1.1820499999999998,1.3012,109.185,7.9336,0.732,8.1222,1.0
2017-08-10,0.7875,1.2744,0.9626,1.1772,1.2975,109.215,7.9544,0.7275,8.1349,1.0
2017-08-09,0.78885,1.27,0.96365,1.1759,1.3005,110.08500000000001,7.9565,0.73385,8.1767,1.0
2017-08-08,0.7913,1.2667,0.97435,1.175,1.2991,110.315,7.9572,0.733,8.1755,1.0
2017-08-07,0.7913,1.2681,0.9731000000000001,1.1795499999999999,1.3035,110.745,7.9245,0.7363,8.1491,1.0
2017-08-04,0.7926500000000001,1.2652,0.9729,1.1772,1.3036500000000002,110.685,7.9481,0.741,8.14705,1.0
2017-08-03,0.7948999999999999,1.2586,0.9685,1.187,1.3139,110.04499999999999,7.9066,0.7435,8.1011,1.0
2017-08-02,0.7967500000000001,1.2565499999999998,0.97085,1.1856,1.3223,110.735,7.8979,0.7429,8.098700000000001,1.0
2017-08-01,0.7968500000000001,1.25365,0.9657,1.1801499999999998,1.32035,110.36,7.9282,0.7467,8.1096,1.0
2017-07-31,0.8003,1.2479,0.9666,1.1842,1.3214000000000001,110.255,7.8641000000000005,0.7515000000000001,8.068200000000001,1.0
2017-07-28,0.7987,1.2434,0.9688,1.1752,1.3135,110.665,7.912000000000001,0.7513,8.1181,1.0
2017-07-27,0.7967,1.25535,0.9649,1.1677,1.3066499999999999,111.25,7.9539,0.7491,8.2154,1.0
2017-07-26,0.8006,1.2445,0.9508,1.1734,1.3121,111.17,7.8924,0.752,8.1701,1.0
2017-07-25,0.7937,1.2509000000000001,0.9525,1.16525,1.30255,111.89,7.9729,0.7417,8.2092,1.0
2017-07-24,0.7924,1.2509000000000001,0.9466,1.1642000000000001,1.3029,111.105,8.0068,0.7438,8.2164,1.0
2017-07-21,0.79155,1.2539,0.9457,1.1663000000000001,1.29955,111.125,8.0368,0.7456,8.2418,1.0
2017-07-20,0.7958000000000001,1.259,0.9512499999999999,1.1631,1.2974,111.91,8.0456,0.7401,8.2224,1.0
2017-07-19,0.79525,1.2606,0.95555,1.1515499999999999,1.3018,111.975,8.0531,0.7357,8.3041,1.0
2017-07-18,0.7916,1.2628,0.95485,1.15545,1.304,112.075,8.0884,0.735,8.3021,1.0
2017-07-17,0.78005,1.2698,0.96265,1.14785,1.3054999999999999,112.635,8.159099999999999,0.73185,8.2902,1.0
2017-07-14,0.78325,1.26425,0.9635,1.1469,1.30965,112.53,8.1845,0.7347,8.3078,1.0
2017-07-13,0.7729999999999999,1.2722,0.9672000000000001,1.13985,1.2939500000000002,113.28,8.2597,0.7323999999999999,8.3584,1.0
2017-07-12,0.7678,1.27495,0.9653,1.1412,1.2885,113.155,8.2836,0.72595,8.4176,1.0
2017-07-11,0.7638,1.2913999999999999,0.96375,1.14675,1.28485,113.94,8.2782,0.7225,8.4003,1.0
2017-07-10,0.7606999999999999,1.28905,0.9657,1.14,1.2879,114.03999999999999,8.328299999999999,0.7275,8.4303,1.0
2017-07-07,0.7605999999999999,1.2876,0.964,1.1401,1.2892000000000001,113.895,8.3649,0.7282,8.4277,1.0
2017-07-06,0.7585999999999999,1.2978,0.9606,1.1423,1.2971,113.22,8.3496,0.7276,8.4441,1.0
2017-07-05,0.7603,1.2957,0.964,1.1353,1.2935500000000002,113.265,8.392,0.7289,8.4871,1.0
2017-07-04,0.7604,1.2937,0.96555,1.13455,1.292,113.28,8.355599999999999,0.729,8.5267,1.0
2017-07-03,0.7661,1.3008,0.9635,1.1364,1.2937,113.385,8.3648,0.7294,8.488199999999999,1.0
2017-06-30,0.76905,1.29645,0.9582999999999999,1.1426,1.3027,112.38,8.3472,0.73335,8.4289,1.0
2017-06-29,0.7684,1.3004,0.9558,1.1441,1.3006,112.18,8.3855,0.7300500000000001,8.4617,1.0
2017-06-28,0.7641,1.3039,0.9596,1.1378,1.2926,112.3,8.4259,0.7306,8.544,1.0
2017-06-27,0.7583,1.3199,0.9604,1.1339000000000001,1.2816,112.355,8.419799999999999,0.7271,8.6116,1.0
2017-06-26,0.7585,1.3243,0.97235,1.1181999999999999,1.2721,111.845,8.481,0.7289,8.723,1.0
2017-06-23,0.7568999999999999,1.3267,0.9695,1.1194,1.2718,111.28999999999999,8.4485,0.72865,8.7215,1.0
2017-06-22,0.7542,1.3234,0.97185,1.11525,1.2682,111.33,8.49,0.7264999999999999,8.7497,1.0
2017-06-21,0.75535,1.3334,0.9725,1.1168,1.26715,111.38,8.532399999999999,0.7225,8.7461,1.0
2017-06-20,0.75805,1.3266499999999999,0.97505,1.1134499999999998,1.26305,111.445,8.54515,0.7241,8.7825,1.0
2017-06-19,0.7598499999999999,1.3218,0.9756,1.1148500000000001,1.2736,111.525,8.5024,0.7234499999999999,8.7429,1.0
2017-06-16,0.76205,1.3212,0.9738,1.1197499999999998,1.2776,110.86500000000001,8.447099999999999,0.72505,8.7082,1.0
2017-06-15,0.7579,1.32695,0.97515,1.1145,1.2755,110.935,8.5074,0.7208,8.7515,1.0
2017-06-14,0.75875,1.32465,0.97105,1.1218,1.2752,109.575,8.4237,0.72695,8.7033,1.0
2017-06-13,0.7537499999999999,1.3242,0.9688,1.12155,1.2753,110.07,8.42955,0.7221,8.6936,1.0
2017-06-12,0.75415,1.3324,0.9688,1.1203,1.26565,109.935,8.4742,0.72,8.7459,1.0
2017-06-09,0.75305,1.347,0.9696,1.1195499999999998,1.2745,110.345,8.4937,0.7211000000000001,8.7159,1.0
2017-06-08,0.7545999999999999,1.3508,0.9672499999999999,1.1214,1.2953000000000001,110.005,8.4948,0.7216,8.711,1.0
2017-06-07,0.7549,1.3509,0.9650000000000001,1.1257,1.2961,109.815,8.4949,0.7195,8.6908,1.0
2017-06-06,0.75085,1.3455,0.9621,1.1277499999999998,1.2911000000000001,109.405,8.4529,0.7185,8.6639,1.0
2017-06-05,0.7486999999999999,1.3473,0.96495,1.1254499999999998,1.2903,110.465,8.4512,0.7138,8.6542,1.0
2017-06-02,0.7445999999999999,1.3482,0.96225,1.1282,1.28865,110.415,8.41355,0.7141500000000001,8.6205,1.0
2017-06-01,0.7374,1.3515,0.9716,1.1213,1.2881,111.355,8.453199999999999,0.706,8.6865,1.0
2017-05-31,0.74305,1.3501,0.9678,1.1243500000000002,1.289,110.775,8.4353,0.7084,8.6881,1.0
2017-05-30,0.74655,1.346,0.9747,1.11855,1.28585,110.85,8.4316,0.7096,8.7234,1.0
2017-05-29,0.7440500000000001,1.3454,0.9778,1.1165500000000002,1.2841,111.25999999999999,8.4115,0.7057,8.701,1.0
2017-05-26,0.7447,1.3446500000000001,0.97445,1.1183,1.2803499999999999,111.345,8.377,0.70615,8.6947,1.0
2017-05-25,0.74545,1.3484,0.97295,1.1210499999999999,1.294,111.835,8.398499999999999,0.7022999999999999,8.6867,1.0
2017-05-24,0.7504500000000001,1.3408,0.9732000000000001,1.1219000000000001,1.2974,111.5,8.331,0.7048,8.6688,1.0
2017-05-23,0.7478499999999999,1.3514499999999998,0.9761,1.11835,1.2962500000000001,111.785,8.37435,0.7012,8.7059,1.0
2017-05-22,0.7478,1.3503,0.9734499999999999,1.1238000000000001,1.3,111.29499999999999,8.33765,0.6996,8.6926,1.0
2017-05-19,0.74615,1.3514,0.9723999999999999,1.1207,1.30355,111.275,8.3747,0.6927,8.7267,1.0
2017-05-18,0.74185,1.3603,0.9799,1.1103,1.2939500000000002,111.495,8.4804,0.6899,8.8081,1.0
2017-05-17,0.7432,1.3603,0.9789,1.1159,1.29725,110.82,8.4047,0.6941999999999999,8.7313,1.0
2017-05-16,0.74265,1.3606,0.986,1.10825,1.29175,113.12,8.46365,0.6883,8.7888,1.0
2017-05-15,0.7413,1.3632,0.9964999999999999,1.0975,1.28935,113.785,8.5534,0.68815,8.8294,1.0
2017-05-12,0.7386,1.371,1.0006499999999998,1.0931,1.2891,113.345,8.5593,0.6864,8.8263,1.0
2017-05-11,0.7379,1.3697,1.0078,1.08615,1.2886,113.86500000000001,8.5989,0.6849000000000001,8.884,1.0
2017-05-10,0.73685,1.3655,1.0089,1.0868,1.2938,114.285,8.6214,0.6941999999999999,8.9229,1.0
2017-05-09,0.7345,1.3719999999999999,1.0073,1.0873499999999998,1.2934999999999999,113.985,8.6903,0.6897,8.8881,1.0
2017-05-08,0.7387,1.369,0.9989,1.0924,1.294,113.255,8.6475,0.6907,8.844899999999999,1.0
2017-05-05,0.7421500000000001,1.3652,0.987,1.09975,1.2981,112.725,8.5936,0.6917,8.7901,1.0
2017-05-04,0.74085,1.3749,0.9863500000000001,1.0984500000000001,1.2921,112.46000000000001,8.6769,0.6869000000000001,8.8313,1.0
2017-05-03,0.74225,1.3729,0.99475,1.0885,1.2867,112.755,8.65235,0.6878,8.849,1.0
2017-05-02,0.7536,1.3709,0.9915,1.093,1.29385,111.985,8.59,0.6936,8.8037,1.0
2017-05-01,0.7525999999999999,1.3681,0.9963,1.0899,1.2886,111.84,8.594899999999999,0.6907,8.8483,1.0
2017-04-28,0.74885,1.3652,0.9952,1.0897000000000001,1.29505,111.545,8.5836,0.6868000000000001,8.8533,1.0
2017-04-27,0.74685,1.3633,0.9941,1.0873,1.2904,111.265,8.5647,0.6878,8.8357,1.0
2017-04-26,0.7474000000000001,1.3615,0.9932,1.09035,1.2847,111.055,8.584900000000001,0.6891,8.7634,1.0
2017-04-25,0.7535499999999999,1.3572,0.9936,1.0926,1.2841,111.095,8.5662,0.6951,8.7734,1.0
2017-04-24,0.75705,1.3501,0.9957,1.0867499999999999,1.2794,109.765,8.547699999999999,0.7017,8.8582,1.0
2017-04-21,0.7543,1.34995,0.99585,1.0728,1.2812999999999999,109.085,8.6709,0.7033,9.0055,1.0
2017-04-20,0.7527,1.347,0.99875,1.0716999999999999,1.2812999999999999,109.32,8.6212,0.7012,8.986,1.0
2017-04-19,0.7497499999999999,1.3485,0.9984500000000001,1.0711,1.2779,108.865,8.5805,0.7004,8.9727,1.0
2017-04-18,0.75605,1.33765,0.99625,1.07335,1.2841,108.42500000000001,8.5104,0.7042999999999999,8.9555,1.0
2017-04-17,0.759,1.3317,1.0045,1.0643500000000001,1.25645,108.905,8.557649999999999,0.70075,8.9974,1.0
2017-04-14,0.7577,1.3326500000000001,1.0054500000000002,1.06115,1.2524,108.64,8.5851,0.6999,9.0366,1.0
2017-04-13,0.75685,1.3329,1.0061,1.0614,1.2506,109.095,8.585,0.69985,9.0424,1.0
2017-04-12,0.7521,1.3253,1.0030999999999999,1.0666,1.254,109.03,8.5482,0.6969000000000001,8.9763,1.0
2017-04-11,0.7499,1.3325,1.0075,1.06025,1.2490999999999999,109.62,8.597850000000001,0.696,9.0601,1.0
2017-04-10,0.7501,1.3327,1.0086499999999998,1.0596,1.24145,110.935,8.6259,0.6961999999999999,9.0771,1.0
2017-04-07,0.74995,1.3406,1.009,1.059,1.2373500000000002,111.07,8.65785,0.6936,9.0742,1.0
2017-04-06,0.7545999999999999,1.3414,1.0049000000000001,1.06445,1.24695,110.815,8.625,0.6970000000000001,9.0241,1.0
2017-04-05,0.757,1.3435,1.0049,1.0663,1.2483,110.70500000000001,8.6099,0.6964,8.9898,1.0
2017-04-04,0.7565,1.3402500000000002,1.002,1.0673499999999998,1.24405,110.745,8.589300000000001,0.6973,9.0068,1.0
2017-04-03,0.7605,1.338,1.0015,1.06705,1.2487,110.89500000000001,8.5786,0.7014,8.9541,1.0
2017-03-31,0.76285,1.3313,1.0030999999999999,1.0652,1.255,111.395,8.5964,0.7007,8.9695,1.0
2017-03-30,0.7641,1.3343,1.00135,1.06755,1.2469000000000001,111.91499999999999,8.5624,0.6995,8.9437,1.0
2017-03-29,0.767,1.3326,0.9966,1.0767,1.2434,111.045,8.499500000000001,0.7033,8.868500000000001,1.0
2017-03-28,0.7634,1.3383,0.99245,1.0813,1.245,111.155,8.5246,0.7014,8.832,1.0
2017-03-27,0.7617499999999999,1.3377,0.9857,1.0865,1.2556500000000002,110.66,8.4937,0.7046,8.7877,1.0
2017-03-24,0.7623,1.3378999999999999,0.9914000000000001,1.0799,1.2469999999999999,111.345,8.4961,0.7029000000000001,8.8144,1.0
2017-03-23,0.7626999999999999,1.3351,0.9933000000000001,1.0783,1.2521,110.945,8.4877,0.7029,8.8282,1.0
2017-03-22,0.7678,1.3328,0.9913000000000001,1.0796999999999999,1.2484,111.155,8.46265,0.7044,8.7994,1.0
2017-03-21,0.76905,1.3352,0.9938,1.0811,1.2479,111.725,8.4666,0.7041999999999999,8.7964,1.0
2017-03-20,0.773,1.33475,0.9987,1.0739,1.2358,112.555,8.4766,0.7055,8.8223,1.0
2017-03-17,0.7702500000000001,1.335,0.99865,1.0738,1.2394,112.715,8.478200000000001,0.70165,8.8332,1.0
2017-03-16,0.76775,1.3319,0.9964,1.0766,1.236,113.315,8.5092,0.6987,8.819199999999999,1.0
2017-03-15,0.77095,1.3304,1.0003,1.07345,1.2292,113.38,8.495899999999999,0.7045,8.8626,1.0
2017-03-14,0.75595,1.348,1.0101,1.0604,1.2154,114.745,8.619299999999999,0.6919500000000001,8.9704,1.0
2017-03-13,0.75705,1.3446,1.0072,1.06535,1.2219,114.88,8.5659,0.69235,8.9434,1.0
2017-03-10,0.7542,1.3471,1.0110000000000001,1.0672,1.2171500000000002,114.75,8.602699999999999,0.6921999999999999,9.0032,1.0
2017-03-09,0.75055,1.351,1.0121,1.0577,1.21665,114.945,8.582899999999999,0.6900999999999999,9.0458,1.0
2017-03-08,0.7527,1.3493,1.0147,1.0541,1.217,114.35,8.5484,0.6915,9.0549,1.0
2017-03-07,0.7587999999999999,1.3414,1.01315,1.0566,1.22,113.985,8.4531,0.69545,9.0112,1.0
2017-03-06,0.7579,1.3411,1.012,1.05815,1.2236500000000001,113.885,8.4909,0.6994,9.01915,1.0
2017-03-03,0.75955,1.3377,1.00765,1.0623,1.2295,114.015,8.4225,0.7041999999999999,8.9815,1.0
2017-03-02,0.7572,1.3390499999999999,1.0133,1.05065,1.2266499999999998,114.405,8.4833,0.7064,9.0847,1.0
2017-03-01,0.7676000000000001,1.3326,1.00895,1.0547499999999999,1.2295,113.735,8.40895,0.7143999999999999,9.0492,1.0
2017-02-28,0.7658,1.33005,1.0058,1.0577,1.2380499999999999,112.78,8.394400000000001,0.7192000000000001,9.0367,1.0
2017-02-27,0.76735,1.3182,1.0089000000000001,1.0587499999999999,1.2444,112.705,8.3701,0.7192000000000001,9.06305,1.0
2017-02-24,0.7674000000000001,1.3091,1.0076,1.0563,1.24675,112.19,8.376000000000001,0.7203999999999999,9.0395,1.0
2017-02-23,0.77155,1.3105,1.00625,1.05815,1.2555,112.595,8.3382,0.72295,8.9923,1.0
2017-02-22,0.7703,1.3164,1.0104,1.0556,1.2450999999999999,113.29499999999999,8.3666,0.719,8.9758,1.0
2017-02-21,0.7675,1.3141,1.00965,1.0537,1.24735,113.685,8.3606,0.7162999999999999,8.9761,1.0
2017-02-20,0.7688999999999999,1.31055,1.0028000000000001,1.06135,1.2461,113.1,8.3372,0.7191000000000001,8.93505,1.0
2017-02-17,0.76715,1.3099,1.0027499999999998,1.0614,1.24145,112.875,8.3381,0.7195,8.9105,1.0
2017-02-16,0.76945,1.3070499999999998,0.9971000000000001,1.0674000000000001,1.24905,113.235,8.2869,0.721,8.8604,1.0
2017-02-15,0.771,1.3079,1.0053,1.0601,1.2459500000000001,114.165,8.339,0.7222999999999999,8.9197,1.0
2017-02-14,0.7664,1.30775,1.0061,1.05775,1.24695,114.25999999999999,8.3989,0.7168,8.9306,1.0
2017-02-13,0.76395,1.3072,1.00575,1.05985,1.2527499999999998,113.745,8.3905,0.7177,8.941,1.0
2017-02-10,0.7676000000000001,1.30815,1.0025,1.0641,1.24915,113.215,8.36545,0.7199500000000001,8.92225,1.0
2017-02-09,0.7624500000000001,1.3145,1.00175,1.0655999999999999,1.24965,113.255,8.33545,0.71875,8.9055,1.0
2017-02-08,0.7646,1.3144,0.99465,1.0698500000000002,1.2539500000000001,111.935,8.31625,0.7266,8.836,1.0
2017-02-07,0.7625,1.3183500000000001,0.9976499999999999,1.0681,1.25115,112.385,8.3208,0.7301,8.8756,1.0
2017-02-06,0.76595,1.3082,0.99095,1.075,1.24695,111.745,8.252,0.73205,8.8238,1.0
2017-02-03,0.76835,1.3023,0.9925999999999999,1.0784,1.24875,112.705,8.207799999999999,0.73155,8.762699999999999,1.0
2017-02-02,0.7657499999999999,1.3026,0.9926999999999999,1.07585,1.2528000000000001,112.805,8.25215,0.72885,8.7521,1.0
2017-02-01,0.7585999999999999,1.3049,0.9931,1.0769,1.26585,113.245,8.2344,0.728,8.75,1.0
2017-01-31,0.7585,1.303,0.98935,1.0798,1.2579,112.795,8.245999999999999,0.73115,8.7419,1.0
2017-01-30,0.7555499999999999,1.31175,0.9952,1.06945,1.2486000000000002,113.775,8.3148,0.7284999999999999,8.8323,1.0
2017-01-27,0.75515,1.3152499999999998,0.9998499999999999,1.0699,1.2555,115.08,8.341899999999999,0.72645,8.8515,1.0
2017-01-26,0.7536,1.3089499999999998,0.99985,1.0682,1.25935,114.535,8.3399,0.7245999999999999,8.84,1.0
2017-01-25,0.75725,1.3070499999999998,0.9995,1.0748,1.26345,113.285,8.3117,0.72985,8.8196,1.0
2017-01-24,0.7582500000000001,1.3159,1.001,1.0731,1.25205,113.795,8.35205,0.7247,8.8478,1.0
2017-01-23,0.7583,1.32375,0.9964999999999999,1.0765,1.2535500000000002,112.7,8.3468,0.7233,8.8275,1.0
2017-01-20,0.7555499999999999,1.3322,1.0018500000000001,1.0703,1.2375,114.625,8.4119,0.7169,8.8875,1.0
2017-01-19,0.75615,1.3319,1.0062,1.0664,1.2342,114.87,8.447700000000001,0.71895,8.9504,1.0
2017-01-18,0.75055,1.32695,1.0074,1.06305,1.2259,114.665,8.4946,0.71235,8.9532,1.0
2017-01-17,0.7567,1.3043,1.00155,1.0713499999999998,1.2413500000000002,112.635,8.4474,0.7215,8.8837,1.0
2017-01-16,0.74775,1.3175,1.01235,1.0603,1.20485,114.2,8.531099999999999,0.7102999999999999,8.9523,1.0
2017-01-13,0.7502,1.3113000000000001,1.0091,1.0644,1.2178499999999999,114.53,8.50285,0.71315,8.9045,1.0
2017-01-12,0.7483,1.3145,1.0109,1.06125,1.2163,114.715,8.52755,0.7097,8.9525,1.0
2017-01-11,0.7441,1.31785,1.014,1.0582,1.2212,115.41,8.5514,0.7056,9.027,1.0
2017-01-10,0.73675,1.3232,1.01685,1.05545,1.2177,115.77000000000001,8.606449999999999,0.6990000000000001,9.0831,1.0
2017-01-09,0.7353000000000001,1.3216,1.0151,1.0574,1.2162,116.025,8.5393,0.7016,9.0461,1.0
2017-01-06,0.7298,1.32365,1.0183,1.0533000000000001,1.2287,116.925,8.5359,0.6959500000000001,9.0655,1.0
2017-01-05,0.7337,1.3225,1.00975,1.0607,1.2418,115.355,8.478,0.7025,8.9925,1.0
2017-01-04,0.7283999999999999,1.3301500000000002,1.0206,1.0488,1.2322,117.265,8.594149999999999,0.6971,9.1053,1.0
2017-01-03,0.72255,1.343,1.0272999999999999,1.0406,1.2239,117.755,8.6563,0.6917,9.1645,1.0
2017-01-02,0.71855,1.3437999999999999,1.0235500000000002,1.04595,1.22755,117.525,8.6554,0.69245,9.1431,1.0
2016-12-30,0.7216,1.3432499999999998,1.0184,1.0516,1.23385,116.89500000000001,8.6395,0.6947000000000001,9.1092,1.0
2016-12-29,0.7218500000000001,1.3503,1.02285,1.04915,1.2263000000000002,116.545,8.6442,0.6966000000000001,9.1205,1.0
2016-12-28,0.7177,1.3561,1.0284,1.04115,1.2226,117.255,8.723700000000001,0.692,9.207699999999999,1.0
2016-12-27,0.7184999999999999,1.3575,1.0281,1.0457,1.2271,117.425,8.6982,0.6890000000000001,9.2275,1.0
2016-12-26,0.7189000000000001,1.3510499999999999,1.0272000000000001,1.0455999999999999,1.2288000000000001,117.09,8.6936,0.6901999999999999,9.2061,1.0
2016-12-23,0.71825,1.3536,1.02665,1.0456500000000002,1.22925,117.35,8.7005,0.6880999999999999,9.220199999999998,1.0
2016-12-22,0.7217,1.3483,1.02575,1.0437,1.2283,117.53999999999999,8.7149,0.69045,9.225,1.0
2016-12-21,0.7238,1.34125,1.0268000000000002,1.04245,1.2354,117.55000000000001,8.6825,0.6899,9.2328,1.0
2016-12-20,0.726,1.3369,1.02895,1.0387,1.2367,117.88,8.705,0.6916,9.3495,1.0
2016-12-19,0.7246,1.3408,1.0272999999999999,1.04025,1.24,117.085,8.6857,0.6929000000000001,9.3891,1.0
2016-12-16,0.7306,1.33355,1.0261,1.0451000000000001,1.2496999999999998,117.99000000000001,8.673100000000002,0.69705,9.35785,1.0
2016-12-15,0.73585,1.3336000000000001,1.03,1.0413999999999999,1.2419,118.175,8.668,0.7038,9.409,1.0
2016-12-14,0.7405999999999999,1.3281,1.0203,1.0536500000000002,1.25645,117.045,8.5755,0.7118,9.258,1.0
2016-12-13,0.7499,1.3129,1.0121,1.0627,1.2658,115.185,8.4243,0.7202999999999999,9.1656,1.0
2016-12-12,0.75005,1.3131,1.0133999999999999,1.06345,1.268,115.025,8.438,0.7203999999999999,9.1665,1.0
2016-12-09,0.74535,1.3178999999999998,1.018,1.0562,1.25765,115.4,8.5016,0.7134,9.184,1.0
2016-12-08,0.7461,1.31915,1.01635,1.06155,1.2586,114.035,8.433,0.7174,9.1267,1.0
2016-12-07,0.74815,1.3233000000000001,1.00745,1.0753,1.2622,113.765,8.3641,0.7165,9.0719,1.0
2016-12-06,0.7461,1.3277,1.0102,1.0719,1.2677,114.015,8.4033,0.712,9.1276,1.0
2016-12-05,0.74725,1.3268,1.00645,1.0764,1.2733500000000002,113.845,8.3718,0.7141,9.118500000000001,1.0
2016-12-02,0.7462500000000001,1.3294,1.0114999999999998,1.06725,1.27285,113.58000000000001,8.420200000000001,0.71375,9.1885,1.0
2016-12-01,0.7414499999999999,1.3315000000000001,1.0107,1.0662,1.2593,114.095,8.42045,0.70895,9.2203,1.0
2016-11-30,0.73855,1.3435,1.0172500000000002,1.0588,1.2504499999999998,114.465,8.5256,0.7082999999999999,9.2255,1.0
2016-11-29,0.7484,1.3432499999999998,1.0117500000000001,1.065,1.249,112.38499999999999,8.5319,0.7126,9.1785,1.0
2016-11-28,0.7482500000000001,1.3412,1.0131000000000001,1.06145,1.2415500000000002,111.935,8.5378,0.7074,9.199300000000001,1.0
2016-11-25,0.7444500000000001,1.353,1.0135,1.0587,1.2476500000000001,113.08,8.57825,0.70425,9.242,1.0
2016-11-24,0.74075,1.3491,1.01705,1.0554000000000001,1.24525,113.34,8.5993,0.70025,9.25,1.0
2016-11-23,0.7384999999999999,1.3488,1.0165,1.0559500000000002,1.244,112.515,8.6135,0.7012,9.28,1.0
2016-11-22,0.7402,1.3442,1.0110000000000001,1.0626,1.2424,111.125,8.5208,0.7062999999999999,9.2167,1.0
2016-11-21,0.73685,1.3418,1.0088,1.0629499999999998,1.2493500000000002,110.83000000000001,8.544599999999999,0.7066,9.2187,1.0
2016-11-18,0.73385,1.3501,1.0100500000000001,1.0588,1.23455,110.94999999999999,8.5963,0.7017,9.2638,1.0
2016-11-17,0.7406999999999999,1.3522500000000002,1.0070999999999999,1.0626,1.24165,110.11500000000001,8.54025,0.70255,9.2364,1.0
2016-11-16,0.748,1.34435,1.0019,1.06895,1.2443,109.075,8.4774,0.7070000000000001,9.1991,1.0
2016-11-15,0.75585,1.3449,1.00175,1.0721500000000002,1.24565,109.17500000000001,8.4326,0.7101999999999999,9.18755,1.0
2016-11-14,0.7551,1.3556,0.99805,1.0737,1.2487,108.425,8.474,0.7117,9.1564,1.0
2016-11-11,0.75525,1.3543500000000002,0.9885,1.0856,1.2601499999999999,106.68,8.4057,0.7119,9.0927,1.0
2016-11-10,0.76135,1.347,0.9870000000000001,1.0893,1.2555,106.825,8.364999999999998,0.7213,9.0401,1.0
2016-11-09,0.7635000000000001,1.3421,0.9843500000000001,1.0909499999999999,1.2406,105.665,8.3442,0.728,9.0646,1.0
2016-11-08,0.7762,1.3288,0.9779,1.1026,1.2380499999999999,105.16,8.22935,0.7385999999999999,8.9915,1.0
2016-11-07,0.77275,1.3361,0.9742,1.10405,1.2398,104.465,8.2344,0.7342,9.0239,1.0
2016-11-04,0.7673,1.3404,0.9685999999999999,1.1138,1.2519,103.14,8.1593,0.7326999999999999,8.9485,1.0
2016-11-03,0.7683,1.3396,0.974,1.11055,1.2462,102.985,8.1867,0.7336,8.9687,1.0
2016-11-02,0.76605,1.339,0.9733,1.10965,1.2303000000000002,103.305,8.19035,0.72885,8.9218,1.0
2016-11-01,0.76525,1.339,0.9754,1.10555,1.2243,104.155,8.2152,0.71845,8.9631,1.0
