DATE,DVY.O
2019-07-31,100.25
2019-07-30,101.025
2019-07-29,101.115
2019-07-26,101.305
2019-07-25,100.905
2019-07-24,101.405
2019-07-23,100.61500000000001
2019-07-22,100.03
2019-07-19,100.34
2019-07-18,100.695
2019-07-17,100.175
2019-07-16,100.85499999999999
2019-07-15,101.025
2019-07-12,101.16
2019-07-11,100.42500000000001
2019-07-10,100.32499999999999
2019-07-09,100.22
2019-07-08,100.42500000000001
2019-07-05,100.75999999999999
2019-07-03,100.68
2019-07-02,99.81
2019-07-01,99.78
2019-06-28,99.505
2019-06-27,98.605
2019-06-26,98.025
2019-06-25,98.44999999999999
2019-06-24,98.94
2019-06-21,99.355
2019-06-20,99.07
2019-06-19,98.245
2019-06-18,97.995
2019-06-17,97.315
2019-06-14,98.545
2019-06-13,98.57499999999999
2019-06-12,97.88
2019-06-11,97.865
2019-06-10,97.64
2019-06-07,97.695
2019-06-06,97.675
2019-06-05,97.165
2019-06-04,96.775
2019-06-03,94.88499999999999
2019-05-31,93.64500000000001
2019-05-30,94.83500000000001
2019-05-29,94.935
2019-05-28,95.515
2019-05-24,97.035
2019-05-23,96.91499999999999
2019-05-22,97.715
2019-05-21,98.385
2019-05-20,97.735
2019-05-17,98.19
2019-05-16,98.585
2019-05-15,98.225
2019-05-14,98.105
2019-05-13,97.385
2019-05-10,99.11
2019-05-09,98.33
2019-05-08,98.735
2019-05-07,99.39
2019-05-06,100.47
2019-05-03,100.995
2019-05-02,99.905
2019-05-01,100.015
2019-04-30,101.09
2019-04-29,100.61
2019-04-26,100.68
2019-04-25,100.03999999999999
2019-04-24,100.475
2019-04-23,100.755
2019-04-22,100.045
2019-04-18,100.315
2019-04-17,100.42
2019-04-16,100.53999999999999
2019-04-15,100.145
2019-04-12,100.57
2019-04-11,99.96000000000001
2019-04-10,99.66499999999999
2019-04-09,99.33
2019-04-08,100.13499999999999
2019-04-05,100.245
2019-04-04,99.58500000000001
2019-04-03,99.205
2019-04-02,99.08
2019-04-01,99.25999999999999
2019-03-29,98.205
2019-03-28,97.80000000000001
2019-03-27,97.815
2019-03-26,98.19
2019-03-25,97.055
2019-03-22,97.035
2019-03-21,98.535
2019-03-20,97.375
2019-03-19,99.03999999999999
2019-03-18,99.68
2019-03-15,99.16499999999999
2019-03-14,98.82
2019-03-13,99.035
2019-03-12,98.74000000000001
2019-03-11,98.41
2019-03-08,97.255
2019-03-07,97.4
2019-03-06,97.78999999999999
2019-03-05,98.21000000000001
2019-03-04,98.32
2019-03-01,98.595
2019-02-28,98.11500000000001
2019-02-27,98.25999999999999
2019-02-26,98.08
2019-02-25,98.34
2019-02-22,98.59
2019-02-21,97.965
2019-02-20,98.175
2019-02-19,97.525
2019-02-15,97.07
2019-02-14,96.35499999999999
2019-02-13,96.795
2019-02-12,96.525
2019-02-11,95.655
2019-02-08,95.655
2019-02-07,95.5
2019-02-06,95.595
2019-02-05,95.84
2019-02-04,95.595
2019-02-01,95.375
2019-01-31,95.345
2019-01-30,94.14500000000001
2019-01-29,93.53
2019-01-28,93.21000000000001
2019-01-25,93.53
2019-01-24,93.27000000000001
2019-01-23,93.285
2019-01-22,92.965
2019-01-18,93.89
2019-01-17,92.88
2019-01-16,92.17
2019-01-15,92.185
2019-01-14,91.60499999999999
2019-01-11,92.42
2019-01-10,92.46000000000001
2019-01-09,91.955
2019-01-08,91.82
2019-01-07,90.86500000000001
2019-01-04,90.375
2019-01-03,88.15
2019-01-02,89.08
2018-12-31,89.33
2018-12-28,88.745
2018-12-27,88.86500000000001
2018-12-26,88.215
2018-12-24,85.25999999999999
2018-12-21,88.13
2018-12-20,89.195
2018-12-19,90.07499999999999
2018-12-18,91.015
2018-12-17,91.605
2018-12-14,94.65
2018-12-13,95.53
2018-12-12,95.60499999999999
2018-12-11,95.255
2018-12-10,95.15
2018-12-07,95.39500000000001
2018-12-06,96.335
2018-12-04,96.815
2018-12-03,98.785
2018-11-30,97.885
2018-11-29,97.215
2018-11-28,97.265
2018-11-27,96.42500000000001
2018-11-26,95.945
2018-11-23,94.845
2018-11-21,95.315
2018-11-20,95.475
2018-11-19,97.215
2018-11-16,97.455
2018-11-15,96.84
2018-11-14,96.61500000000001
2018-11-13,97.285
2018-11-12,97.57499999999999
2018-11-09,98.235
2018-11-08,98.86500000000001
2018-11-07,99.14500000000001
2018-11-06,98.055
2018-11-05,97.33500000000001
2018-11-02,96.255
2018-11-01,96.42500000000001
2018-10-31,95.89500000000001
2018-10-30,96.025
2018-10-29,94.77000000000001
2018-10-26,94.075
2018-10-25,95.645
2018-10-24,95.10499999999999
2018-10-23,96.275
2018-10-22,96.75999999999999
2018-10-19,97.515
2018-10-18,97.09
2018-10-17,97.375
2018-10-16,97.66
2018-10-15,96.345
2018-10-12,96.375
2018-10-11,96.08
2018-10-10,98.39500000000001
2018-10-09,100.155
2018-10-08,100.655
2018-10-05,100.28999999999999
2018-10-04,100.07
2018-10-03,100.085
2018-10-02,100.315
2018-10-01,99.99000000000001
2018-09-28,99.805
2018-09-27,99.315
2018-09-26,99.255
2018-09-25,100.65
2018-09-24,101.425
2018-09-21,102.255
2018-09-20,101.99000000000001
2018-09-19,101.61500000000001
2018-09-18,102.295
2018-09-17,102.13499999999999
2018-09-14,102.19999999999999
2018-09-13,102.115
2018-09-12,101.94
2018-09-11,101.63
2018-09-10,101.67500000000001
2018-09-07,101.255
2018-09-06,101.745
2018-09-05,101.74000000000001
2018-09-04,101.055
2018-08-31,100.975
2018-08-30,101.13499999999999
2018-08-29,101.60499999999999
2018-08-28,101.405
2018-08-27,101.595
2018-08-24,101.445
2018-08-23,101.19
2018-08-22,101.33
2018-08-21,101.875
2018-08-20,101.87
2018-08-17,101.42500000000001
2018-08-16,100.83500000000001
2018-08-15,99.75999999999999
2018-08-14,100.39
2018-08-13,99.52000000000001
2018-08-10,99.725
2018-08-09,100.145
2018-08-08,99.955
2018-08-07,100.205
2018-08-06,100.065
2018-08-03,100.03999999999999
2018-08-02,99.42500000000001
2018-08-01,99.03999999999999
2018-07-31,99.975
2018-07-30,99.155
2018-07-27,99.035
2018-07-26,99.32499999999999
2018-07-25,98.75
2018-07-24,98.455
2018-07-23,98.22999999999999
2018-07-20,98.37
2018-07-19,98.92500000000001
2018-07-18,98.63
2018-07-17,98.695
2018-07-16,98.535
2018-07-13,98.9
2018-07-12,98.92
2018-07-11,98.89
2018-07-10,99.515
2018-07-09,99.015
2018-07-06,99.265
2018-07-05,98.64500000000001
2018-07-03,98.005
2018-07-02,97.685
2018-06-29,97.755
2018-06-28,97.785
2018-06-27,97.545
2018-06-26,97.795
2018-06-25,98.475
2018-06-22,98.635
2018-06-21,98.255
2018-06-20,98.795
2018-06-19,98.735
2018-06-18,98.63499999999999
2018-06-15,98.57499999999999
2018-06-14,98.485
2018-06-13,98.185
2018-06-12,98.995
2018-06-11,98.75
2018-06-08,98.62
2018-06-07,98.35499999999999
2018-06-06,97.97999999999999
2018-06-05,98.095
2018-06-04,97.875
2018-06-01,97.755
2018-05-31,97.625
2018-05-30,98.35499999999999
2018-05-29,97.11
2018-05-25,97.6
2018-05-24,97.94
2018-05-23,97.735
2018-05-22,97.58
2018-05-21,97.845
2018-05-18,97.16
2018-05-17,97.42
2018-05-16,97.305
2018-05-15,96.945
2018-05-14,97.185
2018-05-11,97.15
2018-05-10,96.96000000000001
2018-05-09,96.075
2018-05-08,95.65
2018-05-07,96.31
2018-05-04,96.505
2018-05-03,95.58500000000001
2018-05-02,95.60499999999999
2018-05-01,95.875
2018-04-30,96.31
2018-04-27,97.005
2018-04-26,96.75999999999999
2018-04-25,96.11500000000001
2018-04-24,95.91499999999999
2018-04-23,96.21000000000001
2018-04-20,95.87
2018-04-19,96.46000000000001
2018-04-18,97.155
2018-04-17,97.275
2018-04-16,96.64500000000001
2018-04-13,95.595
2018-04-12,95.38
2018-04-11,95.525
2018-04-10,95.715
2018-04-09,94.795
2018-04-06,94.68
2018-04-05,96.215
2018-04-04,95.39500000000001
2018-04-03,94.595
2018-04-02,93.505
2018-03-29,95.13
2018-03-28,94.14500000000001
2018-03-27,94.1
2018-03-26,94.245
2018-03-23,92.495
2018-03-22,94.05000000000001
2018-03-21,96.42500000000001
2018-03-20,96.41
2018-03-19,96.55000000000001
2018-03-16,97.58500000000001
2018-03-15,96.905
2018-03-14,96.94999999999999
2018-03-13,97.375
2018-03-12,97.685
2018-03-09,97.845
2018-03-08,96.745
2018-03-07,96.66
2018-03-06,97.09
2018-03-05,97.14
2018-03-02,95.965
2018-03-01,95.455
2018-02-28,96.33500000000001
2018-02-27,97.41
2018-02-26,98.695
2018-02-23,98.245
2018-02-22,96.52000000000001
2018-02-21,96.25999999999999
2018-02-20,96.94999999999999
2018-02-16,97.995
2018-02-15,97.89
2018-02-14,96.64500000000001
2018-02-13,95.72
2018-02-12,95.39
2018-02-09,94.265
2018-02-08,92.86
2018-02-07,95.62
2018-02-06,95.745
2018-02-05,95.12
2018-02-02,98.485
2018-02-01,100.22
2018-01-31,100.595
2018-01-30,100.6
2018-01-29,101.41499999999999
2018-01-26,102.305
2018-01-25,101.38499999999999
2018-01-24,101.035
2018-01-23,101.235
2018-01-22,101.005
2018-01-19,100.535
2018-01-18,99.82
2018-01-17,100.305
2018-01-16,99.565
2018-01-12,100.375
2018-01-11,99.975
2018-01-10,99.045
2018-01-09,99.21000000000001
2018-01-08,99.53
2018-01-05,98.94999999999999
2018-01-04,98.725
2018-01-03,98.80000000000001
2018-01-02,98.67
2017-12-29,98.565
2017-12-28,98.72999999999999
2017-12-27,98.475
2017-12-26,98.44999999999999
2017-12-22,98.32
2017-12-21,98.065
2017-12-20,98.08500000000001
2017-12-19,98.24000000000001
2017-12-18,99.59
2017-12-15,99.18
2017-12-14,98.375
2017-12-13,99.055
2017-12-12,98.745
2017-12-11,99.16499999999999
2017-12-08,99.025
2017-12-07,98.39500000000001
2017-12-06,98.025
2017-12-05,98.065
2017-12-04,98.86500000000001
2017-12-01,98.34
2017-11-30,98.57499999999999
2017-11-29,97.83500000000001
2017-11-28,96.985
2017-11-27,95.845
2017-11-24,95.59
2017-11-22,95.61500000000001
2017-11-21,95.63
2017-11-20,95.38
2017-11-17,95.255
2017-11-16,95.265
2017-11-15,94.745
2017-11-14,95.50999999999999
2017-11-13,95.245
2017-11-10,94.905
2017-11-09,94.89500000000001
2017-11-08,95.025
2017-11-07,94.805
2017-11-06,94.775
2017-11-03,94.785
2017-11-02,94.83500000000001
2017-11-01,94.59
2017-10-31,94.75999999999999
2017-10-30,94.625
2017-10-27,95.035
2017-10-26,95.10499999999999
2017-10-25,94.86500000000001
2017-10-24,95.455
2017-10-23,95.42500000000001
2017-10-20,95.555
2017-10-19,95.025
2017-10-18,94.91499999999999
2017-10-17,94.935
2017-10-16,94.995
2017-10-13,95.025
2017-10-12,95.065
2017-10-11,94.845
2017-10-10,94.685
2017-10-09,94.07499999999999
2017-10-06,94.07499999999999
2017-10-05,94.435
2017-10-04,94.30000000000001
2017-10-03,94.055
2017-10-02,93.985
2017-09-29,93.61500000000001
2017-09-28,93.75
2017-09-27,93.46000000000001
2017-09-26,93.50999999999999
2017-09-25,94.33500000000001
2017-09-22,93.69
2017-09-21,93.72
2017-09-20,93.89500000000001
2017-09-19,93.89500000000001
2017-09-18,93.905
2017-09-15,93.875
2017-09-14,93.565
2017-09-13,93.32
2017-09-12,93.315
2017-09-11,93.36
2017-09-08,92.485
2017-09-07,92.14500000000001
2017-09-06,92.205
2017-09-05,92.00999999999999
2017-09-01,92.465
2017-08-31,92.09
2017-08-30,91.97999999999999
2017-08-29,91.87
2017-08-28,92.02000000000001
2017-08-25,91.935
2017-08-24,91.465
2017-08-23,91.57499999999999
2017-08-22,91.66
2017-08-21,90.945
2017-08-18,90.83500000000001
2017-08-17,90.875
2017-08-16,92.03999999999999
2017-08-15,91.875
2017-08-14,92.015
2017-08-11,91.405
2017-08-10,91.65
2017-08-09,92.515
2017-08-08,92.78
2017-08-07,92.88499999999999
2017-08-04,92.82499999999999
2017-08-03,92.64
2017-08-02,92.68
2017-08-01,92.835
2017-07-31,92.765
2017-07-28,92.47
2017-07-27,92.985
2017-07-26,92.725
2017-07-25,93.14500000000001
2017-07-24,92.695
2017-07-21,93.03
2017-07-20,92.99000000000001
2017-07-19,92.66499999999999
2017-07-18,91.995
2017-07-17,92.16
2017-07-14,91.965
2017-07-13,91.66499999999999
2017-07-12,91.61500000000001
2017-07-11,91.225
2017-07-10,91.39500000000001
2017-07-07,91.58500000000001
2017-07-06,91.255
2017-07-05,92.14500000000001
2017-07-03,92.59
2017-06-30,92.17500000000001
2017-06-29,92.06
2017-06-28,92.67500000000001
2017-06-27,92.305
2017-06-26,93.61
2017-06-23,93.205
2017-06-22,93.07499999999999
2017-06-21,93.13499999999999
2017-06-20,93.805
2017-06-19,94.505
2017-06-16,94.41
2017-06-15,94.035
2017-06-14,93.975
2017-06-13,93.955
2017-06-12,93.58500000000001
2017-06-09,93.36500000000001
2017-06-08,92.465
2017-06-07,92.495
2017-06-06,92.39
2017-06-05,92.91499999999999
2017-06-02,93.17500000000001
2017-06-01,93.19999999999999
2017-05-31,92.205
2017-05-30,91.985
2017-05-26,92.07499999999999
2017-05-25,92.035
2017-05-24,91.64
2017-05-23,91.42500000000001
2017-05-22,91.22999999999999
2017-05-19,90.745
2017-05-18,90.06
2017-05-17,90.05000000000001
2017-05-16,90.89500000000001
2017-05-15,91.345
2017-05-12,90.86500000000001
2017-05-11,91.03
2017-05-10,91.625
2017-05-09,91.215
2017-05-08,91.565
2017-05-05,91.655
2017-05-04,90.945
2017-05-03,91.16499999999999
2017-05-02,91.18
2017-05-01,91.13
2017-04-28,91.515
2017-04-27,92.215
2017-04-26,92.265
2017-04-25,92.655
2017-04-24,92.035
2017-04-21,91.17500000000001
2017-04-20,91.245
2017-04-19,90.88499999999999
2017-04-18,91.055
2017-04-17,91.08500000000001
2017-04-13,90.47999999999999
2017-04-12,91.215
2017-04-11,91.435
2017-04-10,91.155
2017-04-07,90.88499999999999
2017-04-06,91.10499999999999
2017-04-05,90.65
2017-04-04,90.82499999999999
2017-04-03,90.655
2017-03-31,91.10499999999999
2017-03-30,91.195
2017-03-29,90.955
2017-03-28,90.85499999999999
2017-03-27,90.18
2017-03-24,90.525
2017-03-23,91.345
2017-03-22,91.36
2017-03-21,91.25
2017-03-20,92.045
2017-03-17,92.32499999999999
2017-03-16,92.14500000000001
2017-03-15,92.595
2017-03-14,91.38
2017-03-13,91.755
2017-03-10,91.525
2017-03-09,91.125
2017-03-08,91.285
2017-03-07,92.08
2017-03-06,92.38
2017-03-03,92.735
2017-03-02,92.735
2017-03-01,93.24000000000001
2017-02-28,92.285
2017-02-27,92.275
2017-02-24,92.155
2017-02-23,91.82499999999999
2017-02-22,91.535
2017-02-21,91.595
2017-02-17,91.025
2017-02-16,91.155
2017-02-15,91.045
2017-02-14,90.86500000000001
2017-02-13,90.88
2017-02-10,90.435
2017-02-09,89.91499999999999
2017-02-08,89.705
2017-02-07,89.57499999999999
2017-02-06,89.655
2017-02-03,90.08500000000001
2017-02-02,89.485
2017-02-01,89.13
2017-01-31,89.765
2017-01-30,89.17500000000001
2017-01-27,89.705
2017-01-26,89.88499999999999
2017-01-25,90.185
2017-01-24,89.265
2017-01-23,88.485
2017-01-20,88.765
2017-01-19,88.285
2017-01-18,88.935
2017-01-17,88.735
2017-01-13,88.805
2017-01-12,88.67500000000001
2017-01-11,88.985
2017-01-10,88.435
2017-01-09,88.505
2017-01-06,89.435
2017-01-05,89.24000000000001
2017-01-04,89.46000000000001
2017-01-03,88.935
2016-12-30,88.485
2016-12-29,88.89500000000001
2016-12-28,88.525
2016-12-27,89.435
2016-12-23,89.215
2016-12-22,89.195
2016-12-21,89.285
2016-12-20,90.295
2016-12-19,89.935
2016-12-16,89.72
2016-12-15,89.44999999999999
2016-12-14,89.08
2016-12-13,90.305
2016-12-12,89.78999999999999
2016-12-09,89.82499999999999
2016-12-08,89.465
2016-12-07,89.205
2016-12-06,88.08500000000001
2016-12-05,87.83500000000001
2016-12-02,87.22
2016-12-01,87.05000000000001
2016-11-30,87.225
2016-11-29,87.725
2016-11-28,87.63499999999999
2016-11-25,87.63
2016-11-23,87.055
2016-11-22,87.255
2016-11-21,86.91
2016-11-18,86.13499999999999
2016-11-17,86.17500000000001
2016-11-16,85.96000000000001
2016-11-15,86.32
2016-11-14,85.485
2016-11-11,84.66499999999999
2016-11-10,84.64500000000001
2016-11-09,84.58500000000001
2016-11-08,83.86500000000001
2016-11-07,83.345
2016-11-04,81.765
2016-11-03,81.975
2016-11-02,82.11500000000001
2016-11-01,82.955
2016-10-31,84.045
2016-10-28,83.455
2016-10-27,83.275
2016-10-26,83.815
2016-10-25,83.82499999999999
2016-10-24,83.775
2016-10-21,83.64500000000001
2016-10-20,83.805
2016-10-19,84.22
2016-10-18,84.13
2016-10-17,83.745
2016-10-14,83.83500000000001
2016-10-13,83.875
2016-10-12,83.985
2016-10-11,83.56
2016-10-10,84.62
2016-10-07,84.055
2016-10-06,84.41499999999999
2016-10-05,84.285
2016-10-04,84.095
2016-10-03,85.16499999999999
2016-09-30,85.685
2016-09-29,85.295
2016-09-28,86.205
2016-09-27,85.595
2016-09-26,85.67500000000001
2016-09-23,86.92500000000001
2016-09-22,87.36500000000001
2016-09-21,86.72999999999999
2016-09-20,85.275
2016-09-19,85.505
2016-09-16,85.015
2016-09-15,85.015
2016-09-14,84.315
2016-09-13,84.455
2016-09-12,85.83500000000001
2016-09-09,84.72
2016-09-08,87.255
2016-09-07,87.225
2016-09-06,87.035
2016-09-02,86.695
2016-09-01,85.93
2016-08-31,86.10499999999999
2016-08-30,86.16499999999999
2016-08-29,86.565
2016-08-26,85.97
2016-08-25,86.695
2016-08-24,86.445
2016-08-23,86.805
2016-08-22,86.695
2016-08-19,86.82499999999999
2016-08-18,87.34
2016-08-17,86.67500000000001
2016-08-16,86.19999999999999
2016-08-15,86.82499999999999
2016-08-12,86.845
2016-08-11,86.945
2016-08-10,86.525
2016-08-09,86.595
2016-08-08,86.69
2016-08-05,86.60499999999999
2016-08-04,86.275
2016-08-03,86.225
2016-08-02,86.125
2016-08-01,86.685
2016-07-29,86.995
2016-07-28,86.735
2016-07-27,86.63
2016-07-26,86.91
2016-07-25,86.965
2016-07-22,87.295
2016-07-21,86.745
2016-07-20,86.92500000000001
2016-07-19,86.935
2016-07-18,87.125
2016-07-15,87.265
2016-07-14,86.985
2016-07-13,86.955
2016-07-12,86.82499999999999
2016-07-11,86.255
2016-07-08,85.85499999999999
2016-07-07,84.755
2016-07-06,85.275
2016-07-05,84.845
2016-07-01,85.33500000000001
2016-06-30,85.285
2016-06-29,83.64500000000001
2016-06-28,82.38499999999999
2016-06-27,81.36500000000001
2016-06-24,82.61500000000001
2016-06-23,84.655
2016-06-22,83.525
2016-06-21,83.72
2016-06-20,84.27000000000001
2016-06-17,83.82499999999999
2016-06-16,83.705
2016-06-15,83.39500000000001
2016-06-14,83.61500000000001
2016-06-13,83.56
2016-06-10,84.215
2016-06-09,84.83500000000001
2016-06-08,84.725
2016-06-07,84.42500000000001
2016-06-06,84.13499999999999
2016-06-03,83.655
2016-06-02,83.36500000000001
2016-06-01,83.14
2016-05-31,82.88499999999999
2016-05-27,82.845
2016-05-26,82.515
2016-05-25,82.265
2016-05-24,81.805
2016-05-23,80.875
2016-05-20,81.11500000000001
2016-05-19,80.725
2016-05-18,80.67500000000001
2016-05-17,81.295
2016-05-16,82.275
2016-05-13,81.72999999999999
2016-05-12,82.485
2016-05-11,82.155
2016-05-10,82.485
2016-05-09,81.63499999999999
2016-05-06,81.695
2016-05-05,81.525
2016-05-04,81.695
2016-05-03,81.775
2016-05-02,82.465
2016-04-29,82.05000000000001
2016-04-28,82.095
2016-04-27,82.60499999999999
2016-04-26,81.765
2016-04-25,81.255
2016-04-22,81.405
2016-04-21,80.795
2016-04-20,81.875
2016-04-19,82.565
2016-04-18,82.08500000000001
2016-04-15,81.685
2016-04-14,81.505
2016-04-13,81.905
2016-04-12,81.495
2016-04-11,80.545
2016-04-08,80.60499999999999
2016-04-07,80.25999999999999
2016-04-06,80.89500000000001
2016-04-05,80.41499999999999
2016-04-04,81.475
2016-04-01,81.94
2016-03-31,81.66499999999999
2016-03-30,81.525
2016-03-29,81.41499999999999
2016-03-28,80.41499999999999
2016-03-24,80.315
2016-03-23,80.33
2016-03-22,81.495
2016-03-21,81.72999999999999
2016-03-18,81.715
2016-03-17,81.845
2016-03-16,81.03999999999999
2016-03-15,80.39
2016-03-14,80.505
2016-03-11,80.705
2016-03-10,79.965
2016-03-09,79.815
2016-03-08,79.27000000000001
2016-03-07,79.715
2016-03-04,79.345
2016-03-03,78.66
2016-03-02,77.97999999999999
2016-03-01,77.32
2016-02-29,76.64
2016-02-26,76.77000000000001
2016-02-25,77.495
2016-02-24,76.85499999999999
2016-02-23,76.565
2016-02-22,77.02000000000001
2016-02-19,76.17
2016-02-18,76.265
2016-02-17,75.94
2016-02-16,75.095
2016-02-12,74.205
2016-02-11,73.365
2016-02-10,74.315
2016-02-09,74.58
2016-02-08,74.6
2016-02-05,74.57499999999999
2016-02-04,74.835
2016-02-03,74.975
2016-02-02,73.99000000000001
2016-02-01,74.63
2016-01-29,74.49000000000001
2016-01-28,72.9
2016-01-27,72.07499999999999
2016-01-26,72.28999999999999
2016-01-25,71.19
2016-01-22,72.37
2016-01-21,70.975
2016-01-20,70.78999999999999
2016-01-19,72.005
2016-01-15,71.78999999999999
2016-01-14,72.83500000000001
2016-01-13,71.61
2016-01-12,72.69
2016-01-11,72.58
2016-01-08,72.4
2016-01-07,72.94
2016-01-06,74.22999999999999
2016-01-05,75.015
2016-01-04,74.53999999999999
2015-12-31,75.14
2015-12-30,75.92500000000001
2015-12-29,76.32
2015-12-28,75.85499999999999
2015-12-24,75.92
2015-12-23,76.72999999999999
2015-12-22,75.58500000000001
2015-12-21,74.78999999999999
2015-12-18,74.39500000000001
2015-12-17,75.57
2015-12-16,76.325
2015-12-15,75.16499999999999
2015-12-14,74.32499999999999
2015-12-11,74.11
2015-12-10,75.035
2015-12-09,75.305
2015-12-08,75.705
2015-12-07,76.125
2015-12-04,76.57499999999999
2015-12-03,75.38
2015-12-02,76.32
2015-12-01,77.53
2015-11-30,76.94
2015-11-27,77.1
2015-11-25,77.005
2015-11-24,77.05000000000001
2015-11-23,76.82
2015-11-20,76.74000000000001
2015-11-19,76.555
2015-11-18,76.315
2015-11-17,75.34
2015-11-16,76.02000000000001
2015-11-13,74.75
2015-11-12,75.245
2015-11-11,76.505
2015-11-10,76.47
2015-11-09,76.055
2015-11-06,76.44999999999999
2015-11-05,77.495
2015-11-04,77.61
2015-11-03,77.755
2015-11-02,77.555
2015-10-30,76.85499999999999
2015-10-29,76.81
2015-10-28,77.12
2015-10-27,76.61
2015-10-26,77.07
2015-10-23,77.38499999999999
2015-10-22,77.53
2015-10-21,76.195
2015-10-20,76.465
2015-10-19,76.35499999999999
2015-10-16,76.405
2015-10-15,76.09
2015-10-14,75.42
2015-10-13,75.66499999999999
2015-10-12,76.055
2015-10-09,75.945
2015-10-08,76.00999999999999
2015-10-07,75.08500000000001
2015-10-06,74.555
2015-10-05,74.69999999999999
2015-10-02,73.27000000000001
2015-10-01,72.285
2015-09-30,72.72999999999999
2015-09-29,71.53999999999999
2015-09-28,71.425
2015-09-25,72.6
2015-09-24,72.935
2015-09-23,72.69999999999999
2015-09-22,72.815
2015-09-21,73.53999999999999
2015-09-18,73.185
2015-09-17,74.19999999999999
2015-09-16,74.03999999999999
2015-09-15,73.16
2015-09-14,72.43
2015-09-11,72.6
2015-09-10,72.375
2015-09-09,72.265
2015-09-08,73.25
2015-09-04,71.545
2015-09-03,72.57
2015-09-02,72.13
2015-09-01,71.42
2015-08-31,73.485
2015-08-28,73.845
2015-08-27,73.57499999999999
2015-08-26,71.99000000000001
2015-08-25,70.43
2015-08-24,71.81
2015-08-21,74.425
2015-08-20,75.945
2015-08-19,76.82
2015-08-18,77.315
2015-08-17,77.525
2015-08-14,77.19
2015-08-13,76.74000000000001
2015-08-12,76.97
2015-08-11,76.53
2015-08-10,76.77000000000001
2015-08-07,76.09
2015-08-06,76.10499999999999
2015-08-05,76.10499999999999
2015-08-04,75.83
2015-08-03,76.225
2015-07-31,76.33500000000001
2015-07-30,76.345
2015-07-29,76.16499999999999
2015-07-28,75.63499999999999
2015-07-27,74.905
2015-07-24,74.83
2015-07-23,75.50999999999999
2015-07-22,76.06
2015-07-21,76.035
2015-07-20,76.56
2015-07-17,76.77000000000001
2015-07-16,77.405
2015-07-15,76.775
2015-07-14,76.97
2015-07-13,76.82
2015-07-10,76.28999999999999
2015-07-09,75.67500000000001
2015-07-08,75.82
2015-07-07,76.61500000000001
2015-07-06,75.57499999999999
2015-07-02,75.83500000000001
2015-07-01,75.60499999999999
2015-06-30,75.155
2015-06-29,75.215
2015-06-26,76.465
2015-06-25,76.015
2015-06-24,76.445
2015-06-23,77.64500000000001
2015-06-22,77.92500000000001
2015-06-19,77.67
2015-06-18,78.08500000000001
2015-06-17,77.42500000000001
2015-06-16,77.16
2015-06-15,76.725
2015-06-12,77.125
2015-06-11,77.785
2015-06-10,77.465
2015-06-09,76.66
2015-06-08,76.715
2015-06-05,76.955
2015-06-04,77.275
2015-06-03,77.83500000000001
2015-06-02,78.02000000000001
2015-06-01,78.34
2015-05-29,78.375
2015-05-28,78.86
2015-05-27,78.75999999999999
2015-05-26,78.33500000000001
2015-05-22,79.05000000000001
2015-05-21,79.245
2015-05-20,79.07499999999999
2015-05-19,79.005
2015-05-18,79.045
2015-05-15,78.785
2015-05-14,78.515
2015-05-13,77.82
2015-05-12,77.905
2015-05-11,78.06
2015-05-08,78.41499999999999
2015-05-07,77.655
2015-05-06,77.63
2015-05-05,77.875
2015-05-04,78.905
2015-05-01,78.735
2015-04-30,78.31
2015-04-29,78.86500000000001
2015-04-28,79.17500000000001
2015-04-27,78.69
2015-04-24,79.315
2015-04-23,79.24000000000001
2015-04-22,78.87
2015-04-21,78.67
2015-04-20,79.10499999999999
2015-04-17,78.405
2015-04-16,79.03999999999999
2015-04-15,79.315
2015-04-14,78.92500000000001
2015-04-13,78.47
2015-04-10,78.965
2015-04-09,78.475
2015-04-08,78.33
2015-04-07,78.455
2015-04-06,78.945
2015-04-02,78.055
2015-04-01,77.905
2015-03-31,77.935
2015-03-30,78.315
2015-03-27,77.445
2015-03-26,77.265
2015-03-25,77.58500000000001
2015-03-24,78.995
2015-03-23,79.68
2015-03-20,79.5
2015-03-19,78.57499999999999
2015-03-18,79.065
2015-03-17,77.77000000000001
2015-03-16,77.88499999999999
2015-03-13,76.875
2015-03-12,77.525
2015-03-11,76.44999999999999
2015-03-10,76.64500000000001
2015-03-09,77.47
2015-03-06,77.235
2015-03-05,78.735
2015-03-04,78.57499999999999
2015-03-03,79.05000000000001
2015-03-02,79.11
2015-02-27,79.445
2015-02-26,79.66499999999999
2015-02-25,79.975
2015-02-24,80.36500000000001
2015-02-23,80.235
2015-02-20,80.16
2015-02-19,79.905
2015-02-18,80.195
2015-02-17,79.695
2015-02-13,79.57
2015-02-12,79.875
2015-02-11,79.385
2015-02-10,80.02000000000001
2015-02-09,79.19
2015-02-06,79.62
2015-02-05,80.795
2015-02-04,80.195
2015-02-03,80.795
2015-02-02,79.805
2015-01-30,79.02000000000001
2015-01-29,80.305
2015-01-28,79.44999999999999
2015-01-27,80.295
2015-01-26,80.775
2015-01-23,80.57
2015-01-22,80.955
2015-01-21,80.295
2015-01-20,79.775
2015-01-16,79.6
2015-01-15,78.715
2015-01-14,78.875
2015-01-13,78.74000000000001
2015-01-12,78.62
2015-01-09,79.02000000000001
2015-01-08,79.67
2015-01-07,78.53999999999999
2015-01-06,77.66499999999999
2015-01-05,78.12
2015-01-02,79.43
2014-12-31,79.39500000000001
2014-12-30,80.525
2014-12-29,81.36500000000001
2014-12-26,80.86500000000001
2014-12-24,80.485
2014-12-23,80.485
2014-12-22,80.22
2014-12-19,79.99000000000001
2014-12-18,79.69999999999999
2014-12-17,78.07499999999999
2014-12-16,76.685
2014-12-15,76.64500000000001
2014-12-12,77.215
2014-12-11,78.44
2014-12-10,77.89500000000001
2014-12-09,79.155
2014-12-08,78.97999999999999
2014-12-05,79.16
2014-12-04,79.16499999999999
2014-12-03,79.32
2014-12-02,79.1
2014-12-01,78.61
2014-11-28,79.25
2014-11-26,78.88499999999999
2014-11-25,78.75
2014-11-24,78.82499999999999
2014-11-21,78.87
2014-11-20,78.50999999999999
2014-11-19,78.435
2014-11-18,78.545
2014-11-17,78.235
2014-11-14,77.805
2014-11-13,78.11500000000001
2014-11-12,78.455
2014-11-11,78.765
2014-11-10,78.935
2014-11-07,78.64500000000001
2014-11-06,78.35499999999999
2014-11-05,78.775
2014-11-04,78.08
2014-11-03,78.31
2014-10-31,78.14500000000001
2014-10-30,77.595
2014-10-29,76.625
2014-10-28,76.775
2014-10-27,75.935
2014-10-24,75.935
2014-10-23,75.33500000000001
2014-10-22,74.67500000000001
2014-10-21,74.775
2014-10-20,73.795
2014-10-17,72.955
2014-10-16,72.38499999999999
2014-10-15,72.155
2014-10-14,72.725
2014-10-13,72.17500000000001
2014-10-10,72.805
2014-10-09,72.815
2014-10-08,74.265
2014-10-07,72.89500000000001
2014-10-06,73.61500000000001
2014-10-03,73.695
2014-10-02,73.17500000000001
2014-10-01,73.235
2014-09-30,73.85499999999999
2014-09-29,74.07499999999999
2014-09-26,74.045
2014-09-25,73.655
2014-09-24,74.455
2014-09-23,74.82499999999999
2014-09-22,75.495
2014-09-19,75.985
2014-09-18,75.83500000000001
2014-09-17,75.92
2014-09-16,76.06
2014-09-15,75.62
2014-09-12,75.495
2014-09-11,76.345
2014-09-10,76.0
2014-09-09,75.935
2014-09-08,76.58
2014-09-05,76.93
2014-09-04,76.39500000000001
2014-09-03,76.555
2014-09-02,76.375
2014-08-29,76.64500000000001
2014-08-28,76.345
2014-08-27,76.265
2014-08-26,75.945
2014-08-25,76.235
2014-08-22,75.86500000000001
2014-08-21,75.985
2014-08-20,75.815
2014-08-19,75.555
2014-08-18,75.005
2014-08-15,74.735
2014-08-14,74.685
2014-08-13,74.33500000000001
2014-08-12,73.83500000000001
2014-08-11,73.97999999999999
2014-08-08,73.88
2014-08-07,72.845
2014-08-06,72.805
2014-08-05,73.065
2014-08-04,73.655
2014-08-01,73.65
2014-07-31,73.64500000000001
2014-07-30,74.945
2014-07-29,75.44999999999999
2014-07-28,75.735
2014-07-25,75.43
2014-07-24,75.925
2014-07-23,75.725
2014-07-22,75.8
2014-07-21,75.72999999999999
2014-07-18,75.91
2014-07-17,75.19
2014-07-16,76.005
2014-07-15,75.915
2014-07-14,75.995
2014-07-11,76.015
2014-07-10,76.09
2014-07-09,76.085
2014-07-08,76.08
2014-07-07,76.13
2014-07-03,76.35499999999999
2014-07-02,76.275
2014-07-01,76.975
2014-06-30,76.96000000000001
2014-06-27,76.75999999999999
2014-06-26,76.59
2014-06-25,76.635
2014-06-24,76.505
2014-06-23,77.38
2014-06-20,77.42500000000001
2014-06-19,77.36
2014-06-18,76.945
2014-06-17,76.1
2014-06-16,75.92500000000001
2014-06-13,75.535
2014-06-12,75.255
2014-06-11,75.41
2014-06-10,75.945
2014-06-09,76.075
2014-06-06,76.035
2014-06-05,75.865
2014-06-04,75.285
2014-06-03,75.185
2014-06-02,75.28999999999999
2014-05-30,75.31
2014-05-29,74.99000000000001
2014-05-28,74.72
2014-05-27,74.57499999999999
2014-05-23,74.19
2014-05-22,74.06
2014-05-21,73.75
2014-05-20,73.335
2014-05-19,73.745
2014-05-16,73.995
2014-05-15,73.845
2014-05-14,74.36
2014-05-13,74.52000000000001
2014-05-12,74.50999999999999
2014-05-09,74.28
2014-05-08,74.525
2014-05-07,74.78
2014-05-06,73.97
2014-05-05,74.39500000000001
2014-05-02,74.215
2014-05-01,74.71000000000001
2014-04-30,74.82499999999999
2014-04-29,74.44
2014-04-28,74.47
2014-04-25,74.185
2014-04-24,74.115
2014-04-23,74.035
2014-04-22,73.985
2014-04-21,74.03999999999999
2014-04-17,74.005
2014-04-16,74.165
2014-04-15,73.475
2014-04-14,72.82
2014-04-11,72.235
2014-04-10,72.625
2014-04-09,73.465
2014-04-08,73.17500000000001
2014-04-07,72.645
2014-04-04,73.19999999999999
2014-04-03,73.62
2014-04-02,73.505
2014-04-01,73.35499999999999
2014-03-31,73.31
2014-03-28,72.505
2014-03-27,72.19
2014-03-26,72.14
2014-03-25,72.315
2014-03-24,72.56
2014-03-21,72.65
2014-03-20,72.465
2014-03-19,72.32
2014-03-18,73.00999999999999
2014-03-17,72.67
2014-03-14,72.18
2014-03-13,71.91499999999999
2014-03-12,72.135
2014-03-11,71.72999999999999
2014-03-10,72.055
2014-03-07,72.13
2014-03-06,72.075
2014-03-05,72.19
2014-03-04,72.44999999999999
2014-03-03,71.50999999999999
2014-02-28,71.95
2014-02-27,71.595
2014-02-26,71.365
2014-02-25,71.44999999999999
2014-02-24,71.505
2014-02-21,71.285
2014-02-20,71.22
2014-02-19,70.675
2014-02-18,71.09
2014-02-14,71.005
2014-02-13,70.435
2014-02-12,69.895
2014-02-11,69.905
2014-02-10,69.17
2014-02-07,69.155
2014-02-06,68.32
2014-02-05,67.7
2014-02-04,67.99000000000001
2014-02-03,67.935
2014-01-31,69.5
2014-01-30,69.7
2014-01-29,68.965
2014-01-28,69.46000000000001
2014-01-27,69.245
2014-01-24,69.405
2014-01-23,70.685
2014-01-22,71.215
2014-01-21,71.105
2014-01-17,70.66499999999999
2014-01-16,70.895
2014-01-15,70.72999999999999
2014-01-14,70.61
2014-01-13,70.245
2014-01-10,70.915
2014-01-09,70.475
2014-01-08,70.325
2014-01-07,70.64
2014-01-06,70.155
2014-01-03,70.375
2014-01-02,70.345
2013-12-31,71.34
2013-12-30,71.2
2013-12-27,71.195
2013-12-26,71.005
2013-12-24,70.87
2013-12-23,70.61500000000001
2013-12-20,70.93
2013-12-19,70.285
2013-12-18,70.66499999999999
2013-12-17,69.72999999999999
2013-12-16,69.89
2013-12-13,69.53
2013-12-12,69.465
2013-12-11,69.36
2013-12-10,70.205
2013-12-09,70.595
2013-12-06,70.64
2013-12-05,69.61
2013-12-04,69.92
2013-12-03,70.005
2013-12-02,70.155
2013-11-29,70.54
2013-11-27,70.675
2013-11-26,70.62
2013-11-25,70.86
2013-11-22,71.045
2013-11-21,70.765
2013-11-20,70.335
2013-11-19,70.75999999999999
2013-11-18,70.995
2013-11-15,71.085
2013-11-14,70.85
2013-11-13,70.34
2013-11-12,69.88
2013-11-11,70.15
2013-11-08,70.135
2013-11-07,69.61500000000001
2013-11-06,70.66
2013-11-05,70.17
2013-11-04,70.475
2013-11-01,70.1
2013-10-31,69.82
2013-10-30,70.025
2013-10-29,70.44
2013-10-28,70.09
2013-10-25,70.065
2013-10-24,69.55
2013-10-23,69.37
2013-10-22,69.4
2013-10-21,68.66
2013-10-18,68.725
2013-10-17,68.46000000000001
2013-10-16,67.63
2013-10-15,66.87
2013-10-14,67.57
2013-10-11,67.47
2013-10-10,67.07
2013-10-09,65.61
2013-10-08,65.505
2013-10-07,65.895
2013-10-04,66.28999999999999
2013-10-03,66.065
2013-10-02,66.68
2013-10-01,66.80000000000001
2013-09-30,66.32499999999999
2013-09-27,66.555
2013-09-26,66.795
2013-09-25,66.595
2013-09-24,66.795
2013-09-23,67.32
2013-09-20,67.235
2013-09-19,67.925
2013-09-18,68.00999999999999
2013-09-17,67.03999999999999
2013-09-16,66.595
2013-09-13,66.225
2013-09-12,65.945
2013-09-11,66.125
2013-09-10,66.1
2013-09-09,65.55000000000001
2013-09-06,64.975
2013-09-05,64.87
2013-09-04,64.91
2013-09-03,64.485
2013-08-30,64.685
2013-08-29,65.07499999999999
2013-08-28,65.025
2013-08-27,64.97999999999999
2013-08-26,65.77000000000001
2013-08-23,66.095
2013-08-22,65.75999999999999
2013-08-21,65.235
2013-08-20,65.77000000000001
2013-08-19,65.345
2013-08-16,65.85
2013-08-15,66.27
2013-08-14,67.37
2013-08-13,67.755
2013-08-12,67.74000000000001
2013-08-09,67.87
2013-08-08,68.21000000000001
2013-08-07,67.93
2013-08-06,68.03
2013-08-05,68.33
2013-08-02,68.52000000000001
2013-08-01,68.65
2013-07-31,67.45
2013-07-30,67.58
2013-07-29,67.31
2013-07-26,67.375
2013-07-25,67.42500000000001
2013-07-24,67.025
2013-07-23,67.58
2013-07-22,67.505
2013-07-19,67.42
2013-07-18,67.205
2013-07-17,66.83500000000001
2013-07-16,66.78
2013-07-15,67.11
2013-07-12,66.60499999999999
2013-07-11,66.565
2013-07-10,65.78999999999999
2013-07-09,65.66499999999999
2013-07-08,65.11500000000001
2013-07-05,64.55
2013-07-03,63.894999999999996
2013-07-02,64.16
2013-07-01,64.225
2013-06-28,63.07
2013-06-27,64.095
2013-06-26,63.55
2013-06-25,63.519999999999996
2013-06-24,62.92
2013-06-21,63.425
2013-06-20,62.93000000000001
2013-06-19,64.525
2013-06-18,65.7
2013-06-17,65.185
2013-06-14,64.81
2013-06-13,65.02
2013-06-12,63.985
2013-06-11,64.465
2013-06-10,64.935
2013-06-07,64.85499999999999
2013-06-06,64.19999999999999
2013-06-05,63.7
2013-06-04,64.59
2013-06-03,64.79499999999999
2013-05-31,64.65
2013-05-30,65.39
2013-05-29,65.12
2013-05-28,65.69999999999999
2013-05-24,65.91499999999999
2013-05-23,66.05
2013-05-22,66.255
2013-05-21,66.995
2013-05-20,66.87
2013-05-17,66.975
2013-05-16,66.395
2013-05-15,66.695
2013-05-14,66.285
2013-05-13,65.63
2013-05-10,65.72
2013-05-09,65.45
2013-05-08,65.975
2013-05-07,66.0
2013-05-06,65.47
2013-05-03,65.67
2013-05-02,65.13499999999999
2013-05-01,64.68
2013-04-30,65.495
2013-04-29,65.345
2013-04-26,64.845
2013-04-25,64.92
2013-04-24,64.655
2013-04-23,63.695
2013-04-22,63.985
2013-04-19,63.894999999999996
2013-04-18,63.495
2013-04-17,62.905
2013-04-16,63.870000000000005
2013-04-15,63.17
2013-04-12,64.505
2013-04-11,64.61500000000001
2013-04-10,64.395
2013-04-09,63.629999999999995
2013-04-08,63.644999999999996
2013-04-05,63.195
2013-04-04,63.28
2013-04-03,62.84
2013-04-02,63.31
2013-04-01,63.15
2013-03-28,63.425
2013-03-27,62.980000000000004
2013-03-26,62.97
2013-03-25,62.54
2013-03-22,63.16
2013-03-21,62.925
2013-03-20,63.144999999999996
2013-03-19,62.605000000000004
2013-03-18,62.6
2013-03-15,62.825
2013-03-14,62.75
2013-03-13,62.445
2013-03-12,62.2
2013-03-11,62.144999999999996
2013-03-08,62.025000000000006
2013-03-07,61.650000000000006
2013-03-06,61.75
2013-03-05,61.7
2013-03-04,61.32
2013-03-01,61.05
2013-02-28,61.065
2013-02-27,61.114999999999995
2013-02-26,60.465
2013-02-25,60.16
2013-02-22,61.025000000000006
2013-02-21,60.545
2013-02-20,60.805
2013-02-19,61.325
2013-02-15,60.875
2013-02-14,60.675
2013-02-13,60.875
2013-02-12,60.864999999999995
2013-02-11,60.69
2013-02-08,60.625
2013-02-07,60.435
2013-02-06,60.394999999999996
2013-02-05,60.2
2013-02-04,60.015
2013-02-01,60.485
2013-01-31,60.12
2013-01-30,59.985
2013-01-29,60.195
2013-01-28,59.905
2013-01-25,59.925
2013-01-24,59.695
2013-01-23,59.5
2013-01-22,59.754999999999995
2013-01-18,59.24
2013-01-17,59.02
2013-01-16,58.485
2013-01-15,58.735
2013-01-14,58.614999999999995
2013-01-11,58.54
2013-01-10,58.59
2013-01-09,58.349999999999994
2013-01-08,58.22
2013-01-07,58.474999999999994
2013-01-04,58.85
2013-01-03,58.48
2013-01-02,58.67
2012-12-31,56.825
2012-12-28,56.33
2012-12-27,56.945
2012-12-26,57.085
2012-12-24,57.42
2012-12-21,57.64
2012-12-20,58.105000000000004
2012-12-19,57.825
2012-12-18,58.675
2012-12-17,58.114999999999995
2012-12-14,57.5
2012-12-13,57.644999999999996
2012-12-12,57.864999999999995
2012-12-11,58.04
2012-12-10,57.845
2012-12-07,57.41
2012-12-06,57.63
2012-12-05,57.54
2012-12-04,57.235
2012-12-03,57.41
2012-11-30,57.64
2012-11-29,57.474999999999994
2012-11-28,57.215
2012-11-27,56.86
2012-11-26,56.925
2012-11-23,56.834999999999994
2012-11-21,56.385000000000005
2012-11-20,56.355000000000004
2012-11-19,56.185
2012-11-16,55.46
2012-11-15,54.91
2012-11-14,55.105000000000004
2012-11-13,57.265
2012-11-12,56.275000000000006
2012-11-09,56.03
2012-11-08,56.11
2012-11-07,56.57
2012-11-06,57.85
2012-11-05,57.445
2012-11-02,57.56
2012-11-01,58.265
2012-10-31,57.855000000000004
2012-10-26,57.59
2012-10-25,57.864999999999995
2012-10-24,57.37
2012-10-23,57.519999999999996
2012-10-22,58.144999999999996
2012-10-19,58.235
2012-10-18,59.004999999999995
2012-10-17,58.93
2012-10-16,58.364999999999995
2012-10-15,58.004999999999995
2012-10-12,57.56
2012-10-11,57.87
2012-10-10,57.76
2012-10-09,58.58
2012-10-08,58.495000000000005
2012-10-05,58.605000000000004
2012-10-04,58.45
2012-10-03,58.084999999999994
2012-10-02,57.875
2012-10-01,57.65
2012-09-28,57.665
2012-09-27,57.74
2012-09-26,57.715
2012-09-25,57.935
2012-09-24,58.71
2012-09-21,58.78
2012-09-20,58.46
2012-09-19,58.445
2012-09-18,58.305
2012-09-17,58.365
2012-09-14,58.605000000000004
2012-09-13,58.535
2012-09-12,58.15
2012-09-11,57.980000000000004
2012-09-10,58.295
2012-09-07,58.045
2012-09-06,58.175
2012-09-05,57.19
2012-09-04,57.3
2012-08-31,57.15
2012-08-30,57.105000000000004
2012-08-29,57.4
2012-08-28,57.375
2012-08-27,57.364999999999995
2012-08-24,57.34
2012-08-23,56.97
2012-08-22,57.435
2012-08-21,57.625
2012-08-20,57.875
2012-08-17,57.92
2012-08-16,57.825
2012-08-15,57.59
2012-08-14,57.59
2012-08-13,57.535
2012-08-10,57.575
2012-08-09,57.485
2012-08-08,57.5
2012-08-07,57.379999999999995
2012-08-06,57.480000000000004
2012-08-03,57.565
2012-08-02,56.75
2012-08-01,57.445
2012-07-31,57.379999999999995
2012-07-30,57.635000000000005
2012-07-27,57.855000000000004
2012-07-26,56.185
2012-07-25,56.265
2012-07-24,56.475
2012-07-23,56.835
2012-07-20,57.39
2012-07-19,57.480000000000004
2012-07-18,57.505
2012-07-17,56.9
2012-07-16,56.620000000000005
2012-07-13,56.74
2012-07-12,56.065
2012-07-11,55.92
2012-07-10,56.120000000000005
2012-07-09,56.235
2012-07-06,56.43
2012-07-05,56.515
2012-07-03,56.265
2012-07-02,56.435
2012-06-29,56.31
2012-06-28,55.285
2012-06-27,55.205
2012-06-26,54.730000000000004
2012-06-25,54.435
2012-06-22,55.06
2012-06-21,54.760000000000005
2012-06-20,55.650000000000006
2012-06-19,55.900000000000006
2012-06-18,56.114999999999995
2012-06-15,55.974999999999994
2012-06-14,55.64
2012-06-13,55.235
2012-06-12,55.480000000000004
2012-06-11,54.96
2012-06-08,55.67
2012-06-07,55.155
2012-06-06,54.83
2012-06-05,54.0
2012-06-04,53.629999999999995
2012-06-01,54.084999999999994
2012-05-31,54.875
2012-05-30,54.900000000000006
2012-05-29,55.39
2012-05-25,54.519999999999996
2012-05-24,55.05
2012-05-23,54.53
2012-05-22,54.635000000000005
2012-05-21,54.085
2012-05-18,53.97
2012-05-17,54.405
2012-05-16,55.120000000000005
2012-05-15,55.16
2012-05-14,55.445
2012-05-11,55.975
2012-05-10,56.0
2012-05-09,55.545
2012-05-08,56.0
2012-05-07,56.04
2012-05-04,56.035
2012-05-03,56.445
2012-05-02,56.695
2012-05-01,56.835
2012-04-30,56.845
2012-04-27,56.735
2012-04-26,57.265
2012-04-25,56.254999999999995
2012-04-24,56.065
2012-04-23,55.53
2012-04-20,55.925
2012-04-19,55.480000000000004
2012-04-18,55.519999999999996
2012-04-17,55.695
2012-04-16,55.150000000000006
2012-04-13,55.114999999999995
2012-04-12,55.395
2012-04-11,54.84
2012-04-10,54.46
2012-04-09,55.225
2012-04-05,55.83
2012-04-04,55.965
2012-04-03,56.325
2012-04-02,56.41
2012-03-30,55.92
2012-03-29,55.84
2012-03-28,55.765
2012-03-27,56.015
2012-03-26,55.93
2012-03-23,56.005
2012-03-22,55.78
2012-03-21,56.075
2012-03-20,56.17
2012-03-19,56.28
2012-03-16,56.285
2012-03-15,56.28
2012-03-14,56.17
2012-03-13,56.555
2012-03-12,55.980000000000004
2012-03-09,55.715
2012-03-08,55.435
2012-03-07,55.015
2012-03-06,54.849999999999994
2012-03-05,55.445
2012-03-02,55.32
2012-03-01,55.455
2012-02-29,55.435
2012-02-28,55.525
2012-02-27,55.68000000000001
2012-02-24,55.765
2012-02-23,55.66
2012-02-22,55.405
2012-02-21,55.49
2012-02-17,55.620000000000005
2012-02-16,55.39
2012-02-15,54.675
2012-02-14,55.015
2012-02-13,54.985
2012-02-10,54.915
2012-02-09,55.135
2012-02-08,55.025
2012-02-07,55.025000000000006
2012-02-06,54.760000000000005
2012-02-03,54.8
2012-02-02,54.315
2012-02-01,54.205
2012-01-31,53.825
2012-01-30,53.805
2012-01-27,54.03
2012-01-26,54.335
2012-01-25,54.644999999999996
2012-01-24,54.36
2012-01-23,54.11
2012-01-20,54.254999999999995
2012-01-19,54.099999999999994
2012-01-18,54.305
2012-01-17,54.06
2012-01-13,53.885000000000005
2012-01-12,54.175
2012-01-11,54.125
2012-01-10,53.975
2012-01-09,53.82
2012-01-06,53.655
2012-01-05,53.760000000000005
2012-01-04,53.805
2012-01-03,53.915
2011-12-30,53.93
2011-12-29,54.144999999999996
2011-12-28,53.56
2011-12-27,54.07
2011-12-23,53.71
2011-12-22,53.405
2011-12-21,53.55
2011-12-20,53.125
2011-12-19,51.769999999999996
2011-12-16,52.325
2011-12-15,52.2
2011-12-14,51.599999999999994
2011-12-13,52.235
2011-12-12,52.290000000000006
2011-12-09,52.865
2011-12-08,51.855000000000004
2011-12-07,52.9
2011-12-06,52.905
2011-12-05,52.78
2011-12-02,52.405
2011-12-01,52.7
2011-11-30,52.765
2011-11-29,50.97
2011-11-28,50.480000000000004
2011-11-25,49.685
2011-11-23,49.504999999999995
2011-11-22,50.25
2011-11-21,50.695
2011-11-18,51.54
2011-11-17,51.575
2011-11-16,51.82
2011-11-15,52.475
2011-11-14,52.22
2011-11-11,52.69
2011-11-10,51.84
2011-11-09,51.32
2011-11-08,52.86
2011-11-07,52.485
2011-11-04,52.25
2011-11-03,52.595
2011-11-02,51.445
2011-11-01,51.075
2011-10-31,52.254999999999995
2011-10-28,53.004999999999995
2011-10-27,53.22
2011-10-26,51.769999999999996
2011-10-25,51.370000000000005
2011-10-24,52.150000000000006
2011-10-21,51.8
2011-10-20,50.83
2011-10-19,50.765
2011-10-18,50.805
2011-10-17,50.03
2011-10-14,50.760000000000005
2011-10-13,50.235
2011-10-12,50.315
2011-10-11,49.915
2011-10-10,50.2
2011-10-07,49.17
2011-10-06,49.13
2011-10-05,48.275
2011-10-04,47.7
2011-10-03,46.875
2011-09-30,48.325
2011-09-29,48.94499999999999
2011-09-28,48.355000000000004
2011-09-27,49.23
2011-09-26,48.69
2011-09-23,47.835
2011-09-22,47.75
2011-09-21,49.0
2011-09-20,50.5
2011-09-19,50.379999999999995
2011-09-16,50.730000000000004
2011-09-15,50.525
2011-09-14,49.97
2011-09-13,49.31
2011-09-12,48.81
2011-09-09,48.605000000000004
2011-09-08,49.75
2011-09-07,50.045
2011-09-06,49.01
2011-09-02,49.465
2011-09-01,50.43
2011-08-31,51.03
2011-08-30,50.43
2011-08-29,50.635
2011-08-26,49.28
2011-08-25,48.915
2011-08-24,49.535
2011-08-23,48.765
2011-08-22,47.47
2011-08-19,47.47
2011-08-18,47.864999999999995
2011-08-17,49.19
2011-08-16,49.06
2011-08-15,49.145
2011-08-12,48.085
2011-08-11,47.885000000000005
2011-08-10,46.379999999999995
2011-08-09,47.115
2011-08-08,45.625
2011-08-05,48.49
2011-08-04,48.64
2011-08-03,50.114999999999995
2011-08-02,50.215
2011-08-01,51.225
2011-07-29,51.39
2011-07-28,51.7
2011-07-27,51.83
2011-07-26,52.75
2011-07-25,53.155
2011-07-22,53.385
2011-07-21,53.67
2011-07-20,52.85
2011-07-19,52.785
2011-07-18,52.32
2011-07-15,52.89
2011-07-14,52.67
2011-07-13,52.985
2011-07-12,53.010000000000005
2011-07-11,53.05
2011-07-08,53.765
2011-07-07,53.989999999999995
2011-07-06,53.6
2011-07-05,53.49
2011-07-01,53.65
2011-06-30,52.95
2011-06-29,52.635000000000005
2011-06-28,52.3
2011-06-27,51.99
2011-06-24,51.635000000000005
2011-06-23,52.305
2011-06-22,52.495
2011-06-21,52.465
2011-06-20,52.445
2011-06-17,51.945
2011-06-16,51.765
2011-06-15,51.65
2011-06-14,52.335
2011-06-13,51.5
2011-06-10,51.415000000000006
2011-06-09,51.83
2011-06-08,51.67
2011-06-07,51.775000000000006
2011-06-06,51.75
2011-06-03,52.225
2011-06-02,52.86
2011-06-01,53.2
2011-05-31,54.120000000000005
2011-05-27,53.635000000000005
2011-05-26,53.44
2011-05-25,53.155
2011-05-24,53.34
2011-05-23,53.45
2011-05-20,53.97
2011-05-19,54.3
2011-05-18,54.15
2011-05-17,53.8
2011-05-16,53.795
2011-05-13,53.935
2011-05-12,54.315
2011-05-11,53.870000000000005
2011-05-10,54.26
2011-05-09,53.675
2011-05-06,53.39
2011-05-05,53.16
2011-05-04,53.31
2011-05-03,53.66
2011-05-02,53.715
2011-04-29,53.59
2011-04-28,53.6
2011-04-27,53.39
2011-04-26,52.945
2011-04-25,52.43
2011-04-21,52.465
2011-04-20,52.385000000000005
2011-04-19,51.94
2011-04-18,51.625
2011-04-15,52.209999999999994
2011-04-14,51.805
2011-04-13,51.64
2011-04-12,51.72
2011-04-11,52.04
2011-04-08,52.13
2011-04-07,52.489999999999995
2011-04-06,52.745000000000005
2011-04-05,52.295
2011-04-04,52.489999999999995
2011-04-01,52.465
2011-03-31,52.129999999999995
2011-03-30,52.155
2011-03-29,51.66
2011-03-28,51.335
2011-03-25,51.3
2011-03-24,51.56
2011-03-23,51.35
2011-03-22,51.335
2011-03-21,51.39
2011-03-18,50.68
2011-03-17,50.165
2011-03-16,49.815
2011-03-15,50.445
2011-03-14,51.105000000000004
2011-03-11,51.47
2011-03-10,51.370000000000005
2011-03-09,51.91
2011-03-08,51.78
2011-03-07,51.135
2011-03-04,51.345
2011-03-03,51.75
2011-03-02,50.94
2011-03-01,50.605000000000004
2011-02-28,51.364999999999995
2011-02-25,50.980000000000004
2011-02-24,50.54
2011-02-23,50.695
2011-02-22,51.305
2011-02-18,51.465
2011-02-17,51.345
2011-02-16,51.085
2011-02-15,50.97
2011-02-14,51.035
2011-02-11,51.335
2011-02-10,50.88
2011-02-09,50.905
2011-02-08,50.795
2011-02-07,50.730000000000004
2011-02-04,50.57
2011-02-03,50.525
2011-02-02,50.394999999999996
2011-02-01,50.519999999999996
2011-01-31,49.87
2011-01-28,49.705
2011-01-27,50.445
2011-01-26,50.230000000000004
2011-01-25,50.23
2011-01-24,49.95
2011-01-21,49.870000000000005
2011-01-20,49.87
2011-01-19,49.92
2011-01-18,50.30500000000001
2011-01-14,50.120000000000005
2011-01-13,49.754999999999995
2011-01-12,50.0
2011-01-11,49.785
2011-01-10,49.745000000000005
2011-01-07,49.835
2011-01-06,49.925
2011-01-05,50.095
2011-01-04,50.045
2011-01-03,50.224999999999994
2010-12-31,49.96
2010-12-30,50.075
2010-12-29,50.114999999999995
2010-12-28,50.105000000000004
2010-12-27,50.03
2010-12-23,49.995000000000005
2010-12-22,50.03
2010-12-21,50.325
2010-12-20,50.099999999999994
2010-12-17,49.97
2010-12-16,49.975
2010-12-15,49.754999999999995
2010-12-14,49.985
2010-12-13,49.725
2010-12-10,49.675
2010-12-09,49.305
2010-12-08,49.155
2010-12-07,49.19
2010-12-06,49.035
2010-12-03,49.105000000000004
2010-12-02,49.07
2010-12-01,48.614999999999995
2010-11-30,47.644999999999996
2010-11-29,48.015
2010-11-26,48.015
2010-11-24,48.405
2010-11-23,47.79
2010-11-22,48.355000000000004
2010-11-19,48.215
2010-11-18,48.23
2010-11-17,47.72
2010-11-16,47.64
2010-11-15,48.34
2010-11-12,48.205
2010-11-11,48.655
2010-11-10,48.665
2010-11-09,48.66
2010-11-08,48.99
2010-11-05,49.269999999999996
2010-11-04,49.28
2010-11-03,48.61
2010-11-02,48.510000000000005
2010-11-01,47.965
2010-10-29,48.019999999999996
2010-10-28,48.0
2010-10-27,47.94
2010-10-26,48.235
2010-10-25,48.44
2010-10-22,48.39
2010-10-21,48.22
2010-10-20,48.555
2010-10-19,48.019999999999996
2010-10-18,48.185
2010-10-15,48.265
2010-10-14,48.239999999999995
2010-10-13,48.25
2010-10-12,47.754999999999995
2010-10-11,47.900000000000006
2010-10-08,47.81
2010-10-07,47.56999999999999
2010-10-06,47.510000000000005
2010-10-05,47.56
2010-10-04,46.84
2010-10-01,47.13
2010-09-30,46.85
2010-09-29,46.91
2010-09-28,46.97
2010-09-27,46.69
2010-09-24,46.78
2010-09-23,45.865
2010-09-22,46.739999999999995
2010-09-21,46.825
2010-09-20,46.975
2010-09-17,46.315
2010-09-16,46.315
2010-09-15,46.400000000000006
2010-09-14,46.370000000000005
2010-09-13,46.44
2010-09-10,46.06999999999999
2010-09-09,45.955
2010-09-08,45.635
2010-09-07,45.504999999999995
2010-09-03,46.015
2010-09-02,45.510000000000005
2010-09-01,45.349999999999994
2010-08-31,44.19
2010-08-30,43.959999999999994
2010-08-27,44.69
2010-08-26,43.91
2010-08-25,44.16
2010-08-24,43.97
2010-08-23,44.28
2010-08-20,44.379999999999995
2010-08-19,44.599999999999994
2010-08-18,45.105000000000004
2010-08-17,45.14
2010-08-16,44.614999999999995
2010-08-13,44.57
2010-08-12,44.595
2010-08-11,44.855000000000004
2010-08-10,46.205
2010-08-09,46.290000000000006
2010-08-06,45.959999999999994
2010-08-05,46.05
2010-08-04,46.2
2010-08-03,46.03
2010-08-02,46.17
2010-07-30,45.56999999999999
2010-07-29,45.56
2010-07-28,45.879999999999995
2010-07-27,46.31
2010-07-26,46.040000000000006
2010-07-23,45.56
2010-07-22,45.129999999999995
2010-07-21,44.11
2010-07-20,44.71
2010-07-19,43.84
2010-07-16,43.84
2010-07-15,44.86
2010-07-14,44.84
2010-07-13,45.06
2010-07-12,44.269999999999996
2010-07-09,44.32
2010-07-08,44.04
2010-07-07,43.59
2010-07-06,42.26
2010-07-02,42.019999999999996
2010-07-01,42.239999999999995
2010-06-30,42.415000000000006
2010-06-29,42.795
2010-06-28,43.92
2010-06-25,43.835
2010-06-24,43.575
2010-06-23,44.46
2010-06-22,44.785
2010-06-21,45.66
2010-06-18,45.765
2010-06-17,45.69
2010-06-16,45.59
2010-06-15,45.41
2010-06-14,44.644999999999996
2010-06-11,44.43
2010-06-10,44.25
2010-06-09,43.120000000000005
2010-06-08,43.14
2010-06-07,42.72
2010-06-04,43.06
2010-06-03,44.64
2010-06-02,44.28
2010-06-01,43.36
2010-05-28,44.18
2010-05-27,44.629999999999995
2010-05-26,43.025000000000006
2010-05-25,43.42
2010-05-24,43.61
2010-05-21,43.78
2010-05-20,43.67
2010-05-19,45.345
2010-05-18,45.62
2010-05-17,46.269999999999996
2010-05-14,46.03
2010-05-13,46.765
2010-05-12,47.09
2010-05-11,46.519999999999996
2010-05-10,46.39
2010-05-07,44.51
2010-05-06,45.150000000000006
2010-05-05,46.71
2010-05-04,46.975
2010-05-03,48.06
2010-04-30,47.5
2010-04-29,47.89
2010-04-28,47.34
2010-04-27,47.085
2010-04-26,48.07
2010-04-23,48.285
2010-04-22,47.955
2010-04-21,47.735
2010-04-20,47.67
2010-04-19,47.215
2010-04-16,47.175
2010-04-15,47.605
2010-04-14,47.455
2010-04-13,47.120000000000005
2010-04-12,47.145
2010-04-09,47.08
2010-04-08,46.765
2010-04-07,46.855000000000004
2010-04-06,47.045
2010-04-05,46.769999999999996
2010-04-01,46.290000000000006
2010-03-31,46.0
2010-03-30,46.230000000000004
2010-03-29,46.305
2010-03-26,45.87
2010-03-25,45.8
2010-03-24,46.415
2010-03-23,46.735
2010-03-22,46.345
2010-03-19,46.24
2010-03-18,46.394999999999996
2010-03-17,46.46
2010-03-16,46.17
2010-03-15,45.900000000000006
2010-03-12,45.665
2010-03-11,45.67
2010-03-10,45.515
2010-03-09,45.345
2010-03-08,45.355000000000004
2010-03-05,45.36
2010-03-04,44.815
2010-03-03,44.755
2010-03-02,44.705
2010-03-01,44.495000000000005
2010-02-26,44.010000000000005
2010-02-25,44.22
2010-02-24,44.415
2010-02-23,44.25
2010-02-22,44.525
2010-02-19,44.545
2010-02-18,43.894999999999996
2010-02-17,43.765
2010-02-16,43.445
2010-02-12,42.885000000000005
2010-02-11,42.815
2010-02-10,42.405
2010-02-09,42.535
2010-02-08,42.065
2010-02-05,42.36
2010-02-04,42.34
2010-02-03,43.34
2010-02-02,43.485
2010-02-01,43.05
2010-01-29,42.675
2010-01-28,43.09
2010-01-27,43.33
2010-01-26,43.295
2010-01-25,43.435
2010-01-22,43.285
2010-01-21,44.015
2010-01-20,44.8
2010-01-19,45.065
2010-01-15,44.57
2010-01-14,44.785
2010-01-13,44.82
2010-01-12,44.55
2010-01-11,44.695
2010-01-08,44.415
2010-01-07,44.415
2010-01-06,44.305
2010-01-05,44.275
2010-01-04,44.445
2009-12-31,43.989999999999995
2009-12-30,44.504999999999995
2009-12-29,44.57
2009-12-28,44.46
2009-12-24,44.58
2009-12-23,44.31
2009-12-22,44.515
2009-12-21,44.42
2009-12-18,44.06
2009-12-17,44.239999999999995
2009-12-16,44.510000000000005
2009-12-15,44.495000000000005
2009-12-14,44.754999999999995
2009-12-11,44.290000000000006
2009-12-10,43.915
2009-12-09,43.685
2009-12-08,43.66
2009-12-07,44.035
2009-12-04,43.9
2009-12-03,43.510000000000005
2009-12-02,43.76
2009-12-01,43.44
2009-11-30,42.88
2009-11-27,42.905
2009-11-25,43.56
2009-11-24,43.205
2009-11-23,43.230000000000004
2009-11-20,42.71
2009-11-19,42.68
2009-11-18,43.285
2009-11-17,43.405
2009-11-16,43.370000000000005
2009-11-13,42.715
2009-11-12,42.515
2009-11-11,42.89
2009-11-10,42.55500000000001
2009-11-09,42.519999999999996
2009-11-06,41.795
2009-11-05,41.71
2009-11-04,41.099999999999994
2009-11-03,41.03
2009-11-02,40.845
2009-10-30,40.85
2009-10-29,41.69
2009-10-28,41.03
2009-10-27,41.775000000000006
2009-10-26,41.83
2009-10-23,42.295
2009-10-22,42.965
2009-10-21,42.129999999999995
2009-10-20,42.795
2009-10-19,42.905
2009-10-16,42.495000000000005
2009-10-15,42.739999999999995
2009-10-14,42.254999999999995
2009-10-13,41.900000000000006
2009-10-12,41.980000000000004
2009-10-09,41.68000000000001
2009-10-08,41.46
2009-10-07,41.120000000000005
2009-10-06,41.125
2009-10-05,40.675
2009-10-02,40.21
2009-10-01,40.265
2009-09-30,41.225
2009-09-29,41.724999999999994
2009-09-28,41.56
2009-09-25,40.78
2009-09-24,40.965
2009-09-23,41.56
2009-09-22,41.64
2009-09-21,41.905
2009-09-18,42.235
2009-09-17,42.2
2009-09-16,42.224999999999994
2009-09-15,41.45
2009-09-14,41.195
2009-09-11,40.730000000000004
2009-09-10,40.615
2009-09-09,40.2
2009-09-08,39.995000000000005
2009-09-04,39.834999999999994
2009-09-03,39.254999999999995
2009-09-02,39.195
2009-09-01,39.32
2009-08-31,40.06
2009-08-28,40.44
2009-08-27,40.54
2009-08-26,40.575
2009-08-25,40.565
2009-08-24,40.525000000000006
2009-08-21,40.355
2009-08-20,39.525
2009-08-19,39.3
2009-08-18,39.175
2009-08-17,38.8
2009-08-14,39.72
2009-08-13,39.92
2009-08-12,39.945
2009-08-11,39.36
2009-08-10,39.625
2009-08-07,39.985
2009-08-06,39.075
2009-08-05,39.235
2009-08-04,39.365
2009-08-03,39.265
2009-07-31,38.72
2009-07-30,38.67
2009-07-29,38.37
2009-07-28,38.605000000000004
2009-07-27,38.685
2009-07-24,38.315
2009-07-23,38.095
2009-07-22,36.955
2009-07-21,36.900000000000006
2009-07-20,36.81
2009-07-17,36.325
2009-07-16,36.459999999999994
2009-07-15,36.07
2009-07-14,35.045
2009-07-13,34.894999999999996
2009-07-10,34.055
2009-07-09,34.175
2009-07-08,34.105000000000004
2009-07-07,34.34
2009-07-06,35.06
2009-07-02,34.760000000000005
2009-07-01,35.875
2009-06-30,35.41
2009-06-29,35.67
2009-06-26,35.285
2009-06-25,35.375
2009-06-24,35.515
2009-06-23,34.489999999999995
2009-06-22,35.05
2009-06-19,35.84
2009-06-18,35.915
2009-06-17,35.59
2009-06-16,35.67
2009-06-15,36.175
2009-06-12,36.94
2009-06-11,37.25
2009-06-10,36.59
2009-06-09,36.71
2009-06-08,36.665
2009-06-05,36.625
2009-06-04,36.93
2009-06-03,36.55
2009-06-02,37.209999999999994
2009-06-01,36.8
2009-05-29,35.725
2009-05-28,35.31
2009-05-27,34.925
2009-05-26,35.724999999999994
2009-05-22,34.7
2009-05-21,34.745000000000005
2009-05-20,35.37
2009-05-19,35.715
2009-05-18,35.6
2009-05-15,34.735
2009-05-14,35.34
2009-05-13,35.245000000000005
2009-05-12,36.085
2009-05-11,36.335
2009-05-08,36.83
2009-05-07,36.0
2009-05-06,36.225
2009-05-05,36.025000000000006
2009-05-04,36.25
2009-05-01,35.145
2009-04-30,35.5
2009-04-29,34.989999999999995
2009-04-28,34.18
2009-04-27,34.235
2009-04-24,34.53
2009-04-23,33.625
2009-04-22,33.84
2009-04-21,33.655
2009-04-20,33.245000000000005
2009-04-17,34.364999999999995
2009-04-16,34.01
2009-04-15,33.3
2009-04-14,33.115
2009-04-13,33.965
2009-04-09,33.675
2009-04-08,32.5
2009-04-07,32.480000000000004
2009-04-06,32.995000000000005
2009-04-03,33.150000000000006
2009-04-02,33.09
2009-04-01,31.925
2009-03-31,31.36
2009-03-30,30.82
2009-03-27,32.345
2009-03-26,32.49
2009-03-25,31.64
2009-03-24,31.985
2009-03-23,32.41
2009-03-20,30.73
2009-03-19,31.295
2009-03-18,31.4
2009-03-17,30.465
2009-03-16,29.6
2009-03-13,29.375
2009-03-12,29.045
2009-03-11,28.229999999999997
2009-03-10,29.63
2009-03-09,26.625
2009-03-06,26.634999999999998
2009-03-05,26.595
2009-03-04,27.955
2009-03-03,27.54
2009-03-02,28.619999999999997
2009-02-27,29.75
2009-02-26,30.200000000000003
2009-02-25,30.445
2009-02-24,30.425
2009-02-23,29.595
2009-02-20,30.465
2009-02-19,31.07
2009-02-18,31.475
2009-02-17,31.79
2009-02-13,33.685
2009-02-12,33.91
2009-02-11,34.535
2009-02-10,34.26
2009-02-09,35.629999999999995
2009-02-06,36.115
2009-02-05,34.695
2009-02-04,34.870000000000005
2009-02-03,34.75
2009-02-02,35.01
2009-01-30,35.22
2009-01-29,36.915
2009-01-28,37.42
2009-01-27,36.14
2009-01-26,35.989999999999995
2009-01-23,35.735
2009-01-22,35.724999999999994
2009-01-21,36.685
2009-01-20,36.375
2009-01-16,37.73
2009-01-15,38.15
2009-01-14,38.42
2009-01-13,38.92
2009-01-12,39.025
2009-01-09,40.25
2009-01-08,40.379999999999995
2009-01-07,40.72
2009-01-06,41.66
2009-01-05,41.805
2009-01-02,41.93
2008-12-31,41.085
2008-12-30,40.45
2008-12-29,39.55
2008-12-26,40.685
2008-12-24,38.875
2008-12-23,39.595
2008-12-22,40.745000000000005
2008-12-19,41.415
2008-12-18,40.894999999999996
2008-12-17,42.205
2008-12-16,42.175
2008-12-15,40.22
2008-12-12,41.18
2008-12-11,40.925
2008-12-10,41.885000000000005
2008-12-09,43.144999999999996
2008-12-08,43.19
2008-12-05,41.265
2008-12-04,40.7
2008-12-03,41.045
2008-12-02,40.730000000000004
2008-12-01,39.97
2008-11-28,40.5
2008-11-26,43.475
2008-11-25,41.585
2008-11-24,39.43000000000001
2008-11-21,40.665
2008-11-20,37.665
2008-11-19,42.175
2008-11-18,40.92
2008-11-17,40.935
2008-11-14,42.765
2008-11-13,44.265
2008-11-12,42.735
2008-11-11,44.03
2008-11-10,44.43
2008-11-07,44.59
2008-11-06,44.665
2008-11-05,45.61
2008-11-04,48.155
2008-11-03,47.65
2008-10-31,47.97
2008-10-30,47.519999999999996
2008-10-29,45.349999999999994
2008-10-28,46.265
2008-10-27,40.905
2008-10-24,42.315
2008-10-23,43.695
2008-10-22,44.305
2008-10-21,45.825
2008-10-20,46.445
2008-10-17,45.99
2008-10-16,46.495000000000005
2008-10-15,45.275
2008-10-14,48.370000000000005
2008-10-13,46.7
2008-10-10,43.004999999999995
2008-10-09,44.175
2008-10-08,45.114999999999995
2008-10-07,49.175
2008-10-06,50.155
2008-10-03,52.95
2008-10-02,54.81
2008-10-01,57.614999999999995
2008-09-30,54.225
2008-09-29,
2008-09-26,57.224999999999994
2008-09-25,56.07
2008-09-24,57.03
2008-09-23,57.03
2008-09-22,58.29
2008-09-19,60.65
2008-09-18,54.96
2008-09-17,53.805
2008-09-16,55.724999999999994
2008-09-15,54.53
2008-09-12,55.93
2008-09-11,55.394999999999996
2008-09-10,54.45
2008-09-09,54.635000000000005
2008-09-08,56.46
2008-09-05,53.53
2008-09-04,53.155
2008-09-03,54.2
2008-09-02,53.925
2008-08-29,53.28
2008-08-28,53.33
2008-08-27,52.085
2008-08-26,51.510000000000005
2008-08-25,51.435
2008-08-22,52.385
2008-08-21,51.480000000000004
2008-08-20,51.54
2008-08-19,51.66
2008-08-18,52.474999999999994
2008-08-15,53.425
2008-08-14,52.785
2008-08-13,52.2
2008-08-12,53.215
2008-08-11,54.63
2008-08-08,53.225
2008-08-07,51.675
2008-08-06,53.015
2008-08-05,52.865
2008-08-04,51.3
2008-08-01,51.605
2008-07-31,51.28
2008-07-30,51.754999999999995
2008-07-29,51.14
2008-07-28,49.215
2008-07-25,50.08
2008-07-24,50.54
2008-07-23,52.455
2008-07-22,52.019999999999996
2008-07-21,50.165
2008-07-18,50.14
2008-07-17,49.135000000000005
2008-07-16,47.485
2008-07-15,45.0
2008-07-14,45.769999999999996
2008-07-11,47.07
2008-07-10,48.095
2008-07-09,48.05
2008-07-08,49.325
2008-07-07,47.260000000000005
2008-07-03,48.45
2008-07-02,49.235
2008-07-01,49.415
2008-06-30,49.28
2008-06-27,49.815
2008-06-26,50.55
2008-06-25,51.46
2008-06-24,52.215
2008-06-23,51.86
2008-06-20,52.45
2008-06-19,52.855000000000004
2008-06-18,52.68
2008-06-17,54.31
2008-06-16,55.535
2008-06-13,54.57
2008-06-12,54.285
2008-06-11,54.155
2008-06-10,55.165000000000006
2008-06-09,55.82
2008-06-06,55.724999999999994
2008-06-05,57.980000000000004
2008-06-04,57.275
2008-06-03,57.29
2008-06-02,58.019999999999996
2008-05-30,58.175
2008-05-29,58.45
2008-05-28,58.075
2008-05-27,58.64
2008-05-23,58.379999999999995
2008-05-22,59.16
2008-05-21,59.035
2008-05-20,59.84
2008-05-19,60.175
2008-05-16,60.335
2008-05-15,60.755
2008-05-14,60.425
2008-05-13,59.835
2008-05-12,59.9
2008-05-09,59.2
2008-05-08,59.535
2008-05-07,59.72
2008-05-06,61.114999999999995
2008-05-05,60.370000000000005
2008-05-02,61.105000000000004
2008-05-01,60.849999999999994
2008-04-30,59.69
2008-04-29,59.86
2008-04-28,60.245
2008-04-25,59.57
2008-04-24,59.56
2008-04-23,58.22
2008-04-22,58.765
2008-04-21,59.2
2008-04-18,59.99
2008-04-17,59.43
2008-04-16,59.17
2008-04-15,57.655
2008-04-14,57.025000000000006
2008-04-11,58.370000000000005
2008-04-10,59.405
2008-04-09,58.67
2008-04-08,59.755
2008-04-07,60.565
2008-04-04,59.925
2008-04-03,60.47
2008-04-02,60.36
2008-04-01,60.43
2008-03-31,57.974999999999994
2008-03-28,57.84
2008-03-27,59.065
2008-03-26,59.495000000000005
2008-03-25,60.505
2008-03-24,61.425
2008-03-20,59.265
2008-03-19,58.55
2008-03-18,58.91
2008-03-17,57.245000000000005
2008-03-14,58.254999999999995
2008-03-13,59.125
2008-03-12,58.864999999999995
2008-03-11,59.3
2008-03-10,57.129999999999995
2008-03-07,57.05
2008-03-06,57.489999999999995
2008-03-05,58.7
2008-03-04,58.8
2008-03-03,59.120000000000005
2008-02-29,59.535
2008-02-28,61.525
2008-02-27,62.36
2008-02-26,62.655
2008-02-25,62.71
2008-02-22,61.355
2008-02-21,60.879999999999995
2008-02-20,61.99
2008-02-19,61.855000000000004
2008-02-15,61.525
2008-02-14,61.515
2008-02-13,62.455
2008-02-12,62.35
2008-02-11,61.535
2008-02-08,62.260000000000005
2008-02-07,62.605000000000004
2008-02-06,62.370000000000005
2008-02-05,63.72
2008-02-04,64.69
2008-02-01,65.9
2008-01-31,58.099999999999994
2008-01-30,63.55
2008-01-29,63.285000000000004
2008-01-28,62.379999999999995
2008-01-25,61.230000000000004
2008-01-24,61.5
2008-01-23,56.545
2008-01-22,57.849999999999994
2008-01-18,58.715
2008-01-17,59.215
2008-01-16,61.485
2008-01-15,59.83
2008-01-14,61.595
2008-01-11,62.215
2008-01-10,62.705
2008-01-09,61.379999999999995
2008-01-08,61.045
2008-01-07,62.05
2008-01-04,61.805
2008-01-03,63.019999999999996
2008-01-02,64.12
2007-12-31,64.675
2007-12-28,64.985
2007-12-27,65.22999999999999
2007-12-26,66.94
2007-12-24,67.33
2007-12-21,67.13
2007-12-20,65.39500000000001
2007-12-19,65.0
2007-12-18,65.32499999999999
2007-12-17,65.03
2007-12-14,66.02
2007-12-13,66.9
2007-12-12,67.195
2007-12-11,67.45
2007-12-10,69.5
2007-12-07,68.53
2007-12-06,69.095
2007-12-05,67.875
2007-12-04,66.9
2007-12-03,67.315
2007-11-30,67.53999999999999
2007-11-29,66.5
2007-11-28,66.69999999999999
2007-11-27,64.575
2007-11-26,63.59
2007-11-23,65.61500000000001
2007-11-21,64.16499999999999
2007-11-20,65.0
2007-11-19,64.73
2007-11-16,65.59
2007-11-15,65.87
2007-11-14,66.99
2007-11-13,67.6
2007-11-12,66.02000000000001
2007-11-09,66.03
2007-11-08,66.0
2007-11-07,65.69999999999999
2007-11-06,67.4
2007-11-05,66.675
2007-11-02,67.045
2007-11-01,67.82499999999999
2007-10-31,69.39500000000001
2007-10-30,68.57
2007-10-29,69.475
2007-10-26,69.125
2007-10-25,68.14
2007-10-24,67.805
2007-10-23,67.595
2007-10-22,67.7
2007-10-19,67.555
2007-10-18,68.925
2007-10-17,69.125
2007-10-16,69.2
2007-10-15,70.26
2007-10-12,70.95
2007-10-11,70.94
2007-10-10,70.97
2007-10-09,71.065
2007-10-08,71.015
2007-10-05,71.265
2007-10-04,70.65
2007-10-03,70.49000000000001
2007-10-02,70.325
2007-10-01,70.17
2007-09-28,69.075
2007-09-27,69.725
2007-09-26,69.56
2007-09-25,69.16
2007-09-24,70.075
2007-09-21,70.55
2007-09-20,70.68
2007-09-19,71.35
2007-09-18,70.84
2007-09-17,68.78999999999999
2007-09-14,69.0
2007-09-13,68.9
2007-09-12,68.685
2007-09-11,68.06
2007-09-10,67.85
2007-09-07,68.3
2007-09-06,69.035
2007-09-05,68.86500000000001
2007-09-04,69.75999999999999
2007-08-31,69.13999999999999
2007-08-30,68.61500000000001
2007-08-29,69.05
2007-08-28,67.725
2007-08-27,69.21000000000001
2007-08-24,70.26
2007-08-23,69.735
2007-08-22,70.39500000000001
2007-08-21,69.36000000000001
2007-08-20,69.055
2007-08-17,69.30000000000001
2007-08-16,67.745
2007-08-15,66.255
2007-08-14,66.91
2007-08-13,68.00999999999999
2007-08-10,68.125
2007-08-09,67.805
2007-08-08,70.0
2007-08-07,69.32
2007-08-06,68.425
2007-08-03,66.52000000000001
2007-08-02,68.825
2007-08-01,67.78999999999999
2007-07-31,67.705
2007-07-30,68.49000000000001
2007-07-27,67.27
2007-07-26,68.65
2007-07-25,70.495
2007-07-24,70.38
2007-07-23,72.12
2007-07-20,71.83
2007-07-19,72.83
2007-07-18,72.61
2007-07-17,73.14
2007-07-16,73.00999999999999
2007-07-13,73.38999999999999
2007-07-12,73.095
2007-07-11,71.93
2007-07-10,71.65
2007-07-09,72.69
2007-07-06,72.91499999999999
2007-07-05,73.075
2007-07-03,72.74000000000001
2007-07-02,73.135
2007-06-29,72.025
2007-06-28,72.175
2007-06-27,72.745
2007-06-26,72.16
2007-06-25,72.19
2007-06-22,72.265
2007-06-21,73.11500000000001
2007-06-20,72.99
2007-06-19,73.925
2007-06-18,73.97
2007-06-15,74.19
2007-06-14,73.61500000000001
2007-06-13,73.37
2007-06-12,72.32499999999999
2007-06-11,73.265
2007-06-08,72.94
2007-06-07,72.255
2007-06-06,73.66
2007-06-05,74.47
2007-06-04,75.105
2007-06-01,75.185
2007-05-31,74.85
2007-05-30,74.965
2007-05-29,74.705
2007-05-25,74.41499999999999
2007-05-24,74.225
2007-05-23,75.23
2007-05-22,75.435
2007-05-21,75.475
2007-05-18,75.41
2007-05-17,75.03999999999999
2007-05-16,75.21000000000001
2007-05-15,74.92500000000001
2007-05-14,74.705
2007-05-11,74.81
2007-05-10,74.24
2007-05-09,74.95
2007-05-08,74.82
2007-05-07,74.91499999999999
2007-05-04,74.72999999999999
2007-05-03,74.34
2007-05-02,74.11
2007-05-01,73.845
2007-04-30,73.415
2007-04-27,74.09
2007-04-26,74.4
2007-04-25,74.425
2007-04-24,73.75
2007-04-23,73.925
2007-04-20,74.08500000000001
2007-04-19,73.36500000000001
2007-04-18,73.555
2007-04-17,73.20500000000001
2007-04-16,73.15
2007-04-13,72.405
2007-04-12,71.725
2007-04-11,71.975
2007-04-10,72.44
2007-04-09,72.295
2007-04-05,72.31
2007-04-04,72.175
2007-04-03,72.19999999999999
2007-04-02,71.7
2007-03-30,71.435
2007-03-29,71.555
2007-03-28,71.375
2007-03-27,71.78
2007-03-26,71.87
2007-03-23,71.97
2007-03-22,72.3
2007-03-21,72.5
2007-03-20,71.19999999999999
2007-03-19,70.77000000000001
2007-03-16,69.645
2007-03-15,69.655
2007-03-14,69.25
2007-03-13,69.58
2007-03-12,70.96000000000001
2007-03-09,70.725
2007-03-08,70.555
2007-03-07,70.37
2007-03-06,70.33
2007-03-05,69.17
2007-03-02,70.14
2007-03-01,70.945
2007-02-28,70.995
2007-02-27,70.525
2007-02-26,72.88
2007-02-23,72.65
2007-02-22,72.785
2007-02-21,72.92
2007-02-20,73.14
2007-02-16,72.83
2007-02-15,73.07499999999999
2007-02-14,72.935
2007-02-13,72.545
2007-02-12,71.995
2007-02-09,72.065
2007-02-08,72.255
2007-02-07,72.41499999999999
2007-02-06,72.28
2007-02-05,72.64500000000001
2007-02-02,72.09
2007-02-01,72.25
2007-01-31,71.42500000000001
2007-01-30,70.96000000000001
2007-01-29,70.75
2007-01-26,70.64500000000001
2007-01-25,70.615
2007-01-24,71.07499999999999
2007-01-23,70.69
2007-01-22,70.455
2007-01-19,70.595
2007-01-18,70.48
2007-01-17,70.74
2007-01-16,70.565
2007-01-12,70.57
2007-01-11,70.41
2007-01-10,70.445
2007-01-09,70.105
2007-01-08,70.28999999999999
2007-01-05,70.105
2007-01-04,71.13
2007-01-03,71.065
