DATE,HYG
2007-04-11,
2007-04-12,
2007-04-13,
2007-04-16,
2007-04-17,
2007-04-18,
2007-04-19,
2007-04-20,
2007-04-23,
2007-04-24,
2007-04-25,
2007-04-26,
2007-04-27,
2007-04-30,
2007-05-01,
2007-05-02,
2007-05-03,
2007-05-04,
2007-05-07,
2007-05-08,
2007-05-09,
2007-05-10,
2007-05-11,
2007-05-14,
2007-05-15,
2007-05-16,
2007-05-17,
2007-05-18,105.88499999999999
2007-05-21,105.92
2007-05-22,
2007-05-23,
2007-05-24,
2007-05-25,105.88499999999999
2007-05-29,
2007-05-30,
2007-05-31,
2007-06-01,105.08
2007-06-04,
2007-06-05,
2007-06-06,
2007-06-07,
2007-06-08,
2007-06-11,
2007-06-12,
2007-06-13,
2007-06-14,103.16999999999999
2007-06-15,
2007-06-18,103.105
2007-06-19,103.76
2007-06-20,103.30000000000001
2007-06-21,103.11500000000001
2007-06-22,
2007-06-25,102.67
2007-06-26,102.25
2007-06-27,102.52000000000001
2007-06-28,102.075
2007-06-29,
2007-07-02,
2007-07-03,
2007-07-05,100.785
2007-07-06,101.495
2007-07-09,101.755
2007-07-10,
2007-07-11,100.805
2007-07-12,101.265
2007-07-13,
2007-07-16,
2007-07-17,
2007-07-18,100.925
2007-07-19,100.515
2007-07-20,
2007-07-23,100.35
2007-07-24,100.00999999999999
2007-07-25,
2007-07-26,97.685
2007-07-27,96.05
2007-07-30,
2007-07-31,
2007-08-01,
2007-08-02,
2007-08-03,96.505
2007-08-06,
2007-08-07,
2007-08-08,99.375
2007-08-09,97.345
2007-08-10,97.345
2007-08-13,98.875
2007-08-14,97.57
2007-08-15,97.57
2007-08-16,97.445
2007-08-17,
2007-08-20,97.685
2007-08-21,97.64500000000001
2007-08-22,97.595
2007-08-23,100.96000000000001
2007-08-24,
2007-08-27,101.875
2007-08-28,
2007-08-29,100.905
2007-08-30,100.53999999999999
2007-08-31,102.275
2007-09-04,101.58500000000001
2007-09-05,98.89500000000001
2007-09-06,102.065
2007-09-07,98.39500000000001
2007-09-10,98.64500000000001
2007-09-11,98.89500000000001
2007-09-12,101.92500000000001
2007-09-13,101.88
2007-09-14,
2007-09-17,103.23
2007-09-18,
2007-09-19,105.345
2007-09-20,104.215
2007-09-21,
2007-09-24,104.035
2007-09-25,104.425
2007-09-26,106.25
2007-09-27,103.825
2007-09-28,106.25
2007-10-01,103.19
2007-10-02,106.275
2007-10-03,102.515
2007-10-04,106.025
2007-10-05,106.3
2007-10-08,106.425
2007-10-09,106.5
2007-10-10,100.08500000000001
2007-10-11,104.955
2007-10-12,102.39500000000001
2007-10-15,100.39500000000001
2007-10-16,100.39500000000001
2007-10-17,
2007-10-18,
2007-10-19,
2007-10-22,
2007-10-23,
2007-10-24,
2007-10-25,100.39500000000001
2007-10-26,100.39500000000001
2007-10-29,99.89500000000001
2007-10-30,100.89500000000001
2007-10-31,103.675
2007-11-01,102.44
2007-11-02,101.295
2007-11-05,100.0
2007-11-06,
2007-11-07,99.975
2007-11-08,101.05
2007-11-09,101.0
2007-11-12,101.9
2007-11-13,101.475
2007-11-14,101.5
2007-11-15,101.5
2007-11-16,101.5
2007-11-19,101.5
2007-11-20,100.53999999999999
2007-11-21,99.09
2007-11-23,98.75
2007-11-26,99.25
2007-11-27,100.0
2007-11-28,100.5
2007-11-29,101.0
2007-11-30,102.05
2007-12-03,102.1
2007-12-04,102.5
2007-12-05,100.59
2007-12-06,101.715
2007-12-07,101.965
2007-12-10,101.9
2007-12-11,101.755
2007-12-12,102.25
2007-12-13,101.75
2007-12-14,102.0
2007-12-17,101.25
2007-12-18,101.825
2007-12-19,102.13499999999999
2007-12-20,102.0
2007-12-21,101.94999999999999
2007-12-24,102.0
2007-12-26,101.45
2007-12-27,101.245
2007-12-28,100.8
2007-12-31,100.505
2008-01-02,99.75
2008-01-03,99.965
2008-01-04,99.25
2008-01-07,98.465
2008-01-08,
2008-01-09,96.00999999999999
2008-01-10,97.495
2008-01-11,98.41499999999999
2008-01-14,97.72
2008-01-15,97.91999999999999
2008-01-16,97.465
2008-01-17,96.72
2008-01-18,97.68
2008-01-22,96.73
2008-01-23,98.0
2008-01-24,98.28
2008-01-25,98.445
2008-01-28,97.86
2008-01-29,98.17
2008-01-30,97.78
2008-01-31,98.82499999999999
2008-02-01,97.94
2008-02-04,98.94
2008-02-05,
2008-02-06,96.985
2008-02-07,96.465
2008-02-08,96.265
2008-02-11,95.61500000000001
2008-02-12,96.035
2008-02-13,95.355
2008-02-14,94.93
2008-02-15,96.495
2008-02-19,
2008-02-20,94.55
2008-02-21,95.74000000000001
2008-02-22,
2008-02-25,97.655
2008-02-26,96.495
2008-02-27,96.685
2008-02-28,98.055
2008-02-29,95.305
2008-03-03,96.42
2008-03-04,
2008-03-05,96.715
2008-03-06,96.125
2008-03-07,96.985
2008-03-10,95.275
2008-03-11,96.68
2008-03-12,95.755
2008-03-13,97.005
2008-03-14,94.215
2008-03-17,96.25
2008-03-18,97.00999999999999
2008-03-19,94.86
2008-03-20,96.07
2008-03-24,96.255
2008-03-25,97.88499999999999
2008-03-26,96.25
2008-03-27,95.985
2008-03-28,98.005
2008-03-31,96.39500000000001
2008-04-01,96.13
2008-04-02,96.13499999999999
2008-04-03,96.12
2008-04-04,96.475
2008-04-07,97.0
2008-04-08,96.53
2008-04-09,96.665
2008-04-10,97.10499999999999
2008-04-11,96.955
2008-04-14,97.27000000000001
2008-04-15,96.695
2008-04-16,98.13
2008-04-17,98.535
2008-04-18,97.78999999999999
2008-04-21,97.7
2008-04-22,98.77000000000001
2008-04-23,98.19999999999999
2008-04-24,98.18
2008-04-25,97.64500000000001
2008-04-28,99.22
2008-04-29,98.91999999999999
2008-04-30,99.21000000000001
2008-05-01,100.5
2008-05-02,99.655
2008-05-05,99.19999999999999
2008-05-06,98.62
2008-05-07,98.8
2008-05-08,99.485
2008-05-09,98.71000000000001
2008-05-12,98.575
2008-05-13,98.345
2008-05-14,97.185
2008-05-15,98.685
2008-05-16,98.69999999999999
2008-05-19,98.67
2008-05-20,99.19999999999999
2008-05-21,98.845
2008-05-22,98.84
2008-05-23,97.495
2008-05-27,98.65
2008-05-28,97.96
2008-05-29,98.75
2008-05-30,99.18
2008-06-02,97.0
2008-06-03,95.185
2008-06-04,96.39
2008-06-05,97.38
2008-06-06,95.78
2008-06-09,96.825
2008-06-10,96.15
2008-06-11,97.02000000000001
2008-06-12,96.58500000000001
2008-06-13,95.89500000000001
2008-06-16,95.61
2008-06-17,95.535
2008-06-18,95.685
2008-06-19,96.4
2008-06-20,95.77
2008-06-23,97.6
2008-06-24,95.115
2008-06-25,97.225
2008-06-26,97.0
2008-06-27,97.15
2008-06-30,95.875
2008-07-01,93.59
2008-07-02,92.095
2008-07-03,94.0
2008-07-07,94.0
2008-07-08,92.82
2008-07-09,92.725
2008-07-10,93.005
2008-07-11,94.765
2008-07-14,91.725
2008-07-15,93.52000000000001
2008-07-16,93.215
2008-07-17,90.465
2008-07-18,94.905
2008-07-21,94.41499999999999
2008-07-22,95.175
2008-07-23,95.025
2008-07-24,95.11500000000001
2008-07-25,95.11500000000001
2008-07-28,95.305
2008-07-29,93.97999999999999
2008-07-30,
2008-07-31,91.66
2008-08-01,92.62
2008-08-04,94.5
2008-08-05,92.45
2008-08-06,92.64
2008-08-07,
2008-08-08,90.995
2008-08-11,90.38499999999999
2008-08-12,94.46000000000001
2008-08-13,94.66499999999999
2008-08-14,91.945
2008-08-15,94.45
2008-08-18,92.345
2008-08-19,94.775
2008-08-20,94.775
2008-08-21,92.215
2008-08-22,92.155
2008-08-25,94.625
2008-08-26,94.46000000000001
2008-08-27,
2008-08-28,
2008-08-29,94.5
2008-09-02,
2008-09-03,
2008-09-04,
2008-09-05,90.42
2008-09-08,92.27
2008-09-09,92.05
2008-09-10,94.5
2008-09-11,91.99000000000001
2008-09-12,89.86
2008-09-15,86.97999999999999
2008-09-16,85.895
2008-09-17,89.715
2008-09-18,87.35
2008-09-19,85.97999999999999
2008-09-22,88.25
2008-09-23,87.44
2008-09-24,88.25
2008-09-25,85.875
2008-09-26,86.25
2008-09-29,87.5
2008-09-30,
2008-10-01,83.89
2008-10-02,80.74000000000001
2008-10-03,86.5
2008-10-06,78.68
2008-10-07,80.25
2008-10-08,75.065
2008-10-09,75.55
2008-10-10,
2008-10-13,73.94
2008-10-14,77.3
2008-10-15,74.735
2008-10-16,71.1
2008-10-17,71.525
2008-10-20,70.4
2008-10-21,72.42
2008-10-22,
2008-10-23,70.93
2008-10-24,72.17
2008-10-27,
2008-10-28,
2008-10-29,72.10499999999999
2008-10-30,71.325
2008-10-31,70.43
2008-11-03,70.83
2008-11-04,72.91499999999999
2008-11-05,71.275
2008-11-06,79.80000000000001
2008-11-07,74.49000000000001
2008-11-10,74.11500000000001
2008-11-11,72.715
2008-11-12,73.34
2008-11-13,70.65
2008-11-14,
2008-11-17,
2008-11-18,
2008-11-19,76.45
2008-11-20,75.22
2008-11-21,
2008-11-24,
2008-11-25,75.155
2008-11-26,
2008-11-28,75.155
2008-12-01,
2008-12-02,
2008-12-03,76.275
2008-12-04,
2008-12-05,75.975
2008-12-08,
2008-12-09,
2008-12-10,
2008-12-11,
2008-12-12,
2008-12-15,
2008-12-16,
2008-12-17,
2008-12-18,71.75
2008-12-19,71.36
2008-12-22,73.63499999999999
2008-12-23,74.85
2008-12-24,73.0
2008-12-26,76.53999999999999
2008-12-29,74.625
2008-12-30,75.125
2008-12-31,76.63
2009-01-02,75.21000000000001
2009-01-05,79.42500000000001
2009-01-06,79.97999999999999
2009-01-07,79.045
2009-01-08,78.655
2009-01-09,79.25
2009-01-12,77.075
2009-01-13,77.5
2009-01-14,76.00999999999999
2009-01-15,75.52
2009-01-16,75.97999999999999
2009-01-20,74.62
2009-01-21,74.2
2009-01-22,74.35499999999999
2009-01-23,73.595
2009-01-26,76.25
2009-01-27,74.25999999999999
2009-01-28,76.58500000000001
2009-01-29,75.125
2009-01-30,75.23
2009-02-02,72.88499999999999
2009-02-03,72.745
2009-02-04,72.595
2009-02-05,72.22999999999999
2009-02-06,74.005
2009-02-09,74.425
2009-02-10,73.815
2009-02-11,73.865
2009-02-12,73.44
2009-02-13,74.175
2009-02-17,71.22999999999999
2009-02-18,71.505
2009-02-19,72.47
2009-02-20,70.42
2009-02-23,
2009-02-24,72.75
2009-02-25,
2009-02-26,
2009-02-27,
2009-03-02,
2009-03-03,
2009-03-04,
2009-03-05,
2009-03-06,
2009-03-09,
2009-03-10,
2009-03-11,
2009-03-12,
2009-03-13,
2009-03-16,
2009-03-17,
2009-03-18,
2009-03-19,
2009-03-20,
2009-03-23,
2009-03-24,
2009-03-25,
2009-03-26,70.375
2009-03-27,
2009-03-30,
2009-03-31,
2009-04-01,
2009-04-02,
2009-04-03,70.15
2009-04-06,70.275
2009-04-07,
2009-04-08,70.5
2009-04-09,73.4
2009-04-13,72.625
2009-04-14,71.905
2009-04-15,72.315
2009-04-16,73.375
2009-04-17,75.32
2009-04-20,73.495
2009-04-21,74.05
2009-04-22,73.50999999999999
2009-04-23,73.53
2009-04-24,74.675
2009-04-27,73.79499999999999
2009-04-28,75.02000000000001
2009-04-29,75.6
2009-04-30,75.9
2009-05-01,75.725
2009-05-04,75.4
2009-05-05,75.95
2009-05-06,76.71
2009-05-07,75.125
2009-05-08,76.88
2009-05-11,77.505
2009-05-12,76.50999999999999
2009-05-13,75.92
2009-05-14,75.005
2009-05-15,73.9
2009-05-18,74.78999999999999
2009-05-19,75.635
2009-05-20,76.995
2009-05-21,76.705
2009-05-22,76.85499999999999
2009-05-26,77.2
2009-05-27,77.265
2009-05-28,78.14
2009-05-29,78.3
2009-06-01,79.755
2009-06-02,78.34
2009-06-03,78.11
2009-06-04,79.35
2009-06-05,79.16
2009-06-08,78.75999999999999
2009-06-09,78.81
2009-06-10,79.235
2009-06-11,79.625
2009-06-12,79.47999999999999
2009-06-15,78.905
2009-06-16,78.20500000000001
2009-06-17,77.465
2009-06-18,78.15
2009-06-19,77.72999999999999
2009-06-22,77.075
2009-06-23,77.86500000000001
2009-06-24,77.51
2009-06-25,78.155
2009-06-26,78.07
2009-06-29,79.555
2009-06-30,79.67
2009-07-01,78.93
2009-07-02,77.83500000000001
2009-07-06,77.015
2009-07-07,75.895
2009-07-08,76.42500000000001
2009-07-09,76.955
2009-07-10,76.60499999999999
2009-07-13,76.905
2009-07-14,76.70500000000001
2009-07-15,78.3
2009-07-16,79.0
2009-07-17,78.975
2009-07-20,79.94999999999999
2009-07-21,80.65
2009-07-22,80.19999999999999
2009-07-23,81.035
2009-07-24,81.345
2009-07-27,82.09
2009-07-28,82.065
2009-07-29,82.55000000000001
2009-07-30,83.625
2009-07-31,85.735
2009-08-03,83.97
2009-08-04,83.18
2009-08-05,83.47
2009-08-06,82.69999999999999
2009-08-07,83.2
2009-08-10,83.655
2009-08-11,83.545
2009-08-12,83.61
2009-08-13,82.42
2009-08-14,82.42500000000001
2009-08-17,80.33000000000001
2009-08-18,81.015
2009-08-19,81.7
2009-08-20,81.06
2009-08-21,82.32499999999999
2009-08-24,82.065
2009-08-25,81.985
2009-08-26,82.095
2009-08-27,82.03999999999999
2009-08-28,82.59
2009-08-31,82.33500000000001
2009-09-01,81.425
2009-09-02,80.65
2009-09-03,80.85
2009-09-04,81.94
2009-09-08,82.735
2009-09-09,81.995
2009-09-10,83.475
2009-09-11,83.875
2009-09-14,84.03
2009-09-15,85.785
2009-09-16,85.275
2009-09-17,85.525
2009-09-18,86.1
2009-09-21,85.25999999999999
2009-09-22,85.68
2009-09-23,86.00999999999999
2009-09-24,85.945
2009-09-25,86.02000000000001
2009-09-28,86.295
2009-09-29,86.25
2009-09-30,86.17500000000001
2009-10-01,83.39500000000001
2009-10-02,83.23
2009-10-05,84.35499999999999
2009-10-06,84.19
2009-10-07,84.55
2009-10-08,85.265
2009-10-09,85.61500000000001
2009-10-12,85.305
2009-10-13,85.24000000000001
2009-10-14,86.08
2009-10-15,85.99000000000001
2009-10-16,85.835
2009-10-19,86.13
2009-10-20,86.18
2009-10-21,86.545
2009-10-22,86.795
2009-10-23,86.89
2009-10-26,86.81
2009-10-27,86.575
2009-10-28,85.905
2009-10-29,86.13
2009-10-30,84.82
2009-11-02,84.825
2009-11-03,85.32
2009-11-04,85.625
2009-11-05,85.355
2009-11-06,85.615
2009-11-09,85.905
2009-11-10,85.765
2009-11-11,85.92500000000001
2009-11-12,87.35
2009-11-13,86.0
2009-11-16,86.33500000000001
2009-11-17,86.35
2009-11-18,86.05
2009-11-19,86.45
2009-11-20,86.095
2009-11-23,86.13499999999999
2009-11-24,86.48
2009-11-25,86.305
2009-11-27,85.6
2009-11-30,86.125
2009-12-01,85.86
2009-12-02,85.87
2009-12-03,86.005
2009-12-04,86.35499999999999
2009-12-07,86.455
2009-12-08,86.405
2009-12-09,86.535
2009-12-10,86.79
2009-12-11,86.71000000000001
2009-12-14,87.58000000000001
2009-12-15,87.62
2009-12-16,87.80000000000001
2009-12-17,87.35
2009-12-18,87.69
2009-12-21,87.53999999999999
2009-12-22,88.08500000000001
2009-12-23,88.255
2009-12-24,88.435
2009-12-28,88.255
2009-12-29,87.31
2009-12-30,87.86500000000001
2009-12-31,88.24000000000001
2010-01-04,88.89
2010-01-05,89.285
2010-01-06,89.13
2010-01-07,89.57
2010-01-08,89.65
2010-01-11,89.53999999999999
2010-01-12,89.18
2010-01-13,89.2
2010-01-14,89.5
2010-01-15,89.1
2010-01-19,89.03
2010-01-20,89.16
2010-01-21,87.805
2010-01-22,87.135
2010-01-25,87.75
2010-01-26,86.52
2010-01-27,86.995
2010-01-28,86.65
2010-01-29,86.19
2010-02-01,85.92
2010-02-02,86.095
2010-02-03,88.34
2010-02-04,85.375
2010-02-05,84.83500000000001
2010-02-08,84.535
2010-02-09,85.04
2010-02-10,83.63499999999999
2010-02-11,84.13499999999999
2010-02-12,83.855
2010-02-16,84.69
2010-02-17,85.4
2010-02-18,85.96000000000001
2010-02-19,86.275
2010-02-22,86.945
2010-02-23,86.055
2010-02-24,86.675
2010-02-25,86.255
2010-02-26,86.85
2010-03-01,86.58500000000001
2010-03-02,86.99000000000001
2010-03-03,87.35
2010-03-04,86.965
2010-03-05,87.565
2010-03-08,88.08500000000001
2010-03-09,88.295
2010-03-10,87.905
2010-03-11,88.095
2010-03-12,88.32
2010-03-15,88.09
2010-03-16,88.28999999999999
2010-03-17,88.605
2010-03-18,88.565
2010-03-19,88.26499999999999
2010-03-22,88.455
2010-03-23,88.715
2010-03-24,88.64
2010-03-25,88.85
2010-03-26,88.745
2010-03-29,88.555
2010-03-30,88.75999999999999
2010-03-31,88.60499999999999
2010-04-01,88.445
2010-04-05,88.225
2010-04-06,87.765
2010-04-07,87.93
2010-04-08,87.93
2010-04-09,88.21
2010-04-12,88.17
2010-04-13,88.83
2010-04-14,88.975
2010-04-15,89.445
2010-04-16,88.39500000000001
2010-04-19,88.24000000000001
2010-04-20,89.36000000000001
2010-04-21,89.02000000000001
2010-04-22,89.38499999999999
2010-04-23,89.22
2010-04-26,89.15
2010-04-27,88.78
2010-04-28,88.815
2010-04-29,89.25999999999999
2010-04-30,88.97
2010-05-03,88.07
2010-05-04,88.755
2010-05-05,87.25
2010-05-06,85.15
2010-05-07,86.535
2010-05-10,86.08
2010-05-11,86.28
2010-05-12,87.85
2010-05-13,86.68
2010-05-14,84.72
2010-05-17,87.08500000000001
2010-05-18,85.61500000000001
2010-05-19,85.235
2010-05-20,82.5
2010-05-21,84.47
2010-05-24,84.41
2010-05-25,84.205
2010-05-26,83.05000000000001
2010-05-27,84.47999999999999
2010-05-28,84.91
2010-06-01,83.835
2010-06-02,83.995
2010-06-03,84.15
2010-06-04,83.66999999999999
2010-06-07,82.94
2010-06-08,83.07
2010-06-09,83.155
2010-06-10,84.145
2010-06-11,83.705
2010-06-14,84.49000000000001
2010-06-15,85.03
2010-06-16,86.955
2010-06-17,86.85
2010-06-18,86.14500000000001
2010-06-21,86.35
2010-06-22,85.775
2010-06-23,85.815
2010-06-24,85.20500000000001
2010-06-25,85.71000000000001
2010-06-28,85.7
2010-06-29,85.42
2010-06-30,87.02000000000001
2010-07-01,84.35
2010-07-02,84.785
2010-07-06,85.395
2010-07-07,86.06
2010-07-08,86.63999999999999
2010-07-09,86.58500000000001
2010-07-12,86.32
2010-07-13,86.965
2010-07-14,86.935
2010-07-15,88.035
2010-07-16,87.91499999999999
2010-07-19,86.9
2010-07-20,88.5
2010-07-21,87.33000000000001
2010-07-22,88.05000000000001
2010-07-23,88.91499999999999
2010-07-26,88.85
2010-07-27,88.84
2010-07-28,88.6
2010-07-29,88.97
2010-07-30,88.15
2010-08-02,88.37
2010-08-03,88.515
2010-08-04,88.52000000000001
2010-08-05,88.27000000000001
2010-08-06,88.38
2010-08-09,88.25
2010-08-10,88.245
2010-08-11,87.44
2010-08-12,87.32
2010-08-13,87.215
2010-08-16,87.745
2010-08-17,87.58500000000001
2010-08-18,87.445
2010-08-19,87.555
2010-08-20,87.74000000000001
2010-08-23,87.625
2010-08-24,87.27000000000001
2010-08-25,87.235
2010-08-26,86.97
2010-08-27,87.21000000000001
2010-08-30,86.99000000000001
2010-08-31,87.41499999999999
2010-09-01,87.465
2010-09-02,87.50999999999999
2010-09-03,87.66
2010-09-07,87.655
2010-09-08,87.69
2010-09-09,88.32
2010-09-10,88.19999999999999
2010-09-13,88.435
2010-09-14,88.65
2010-09-15,88.63
2010-09-16,88.86
2010-09-17,88.97999999999999
2010-09-20,89.12
2010-09-21,88.69
2010-09-22,88.75
2010-09-23,88.695
2010-09-24,88.765
2010-09-27,88.85
2010-09-28,88.99000000000001
2010-09-29,89.175
2010-09-30,89.605
2010-10-01,89.13499999999999
2010-10-04,88.845
2010-10-05,89.215
2010-10-06,89.155
2010-10-07,89.31
2010-10-08,89.57
2010-10-11,89.83
2010-10-12,89.785
2010-10-13,90.22
2010-10-14,89.69
2010-10-15,89.92
2010-10-18,89.67
2010-10-19,89.66999999999999
2010-10-20,89.975
2010-10-21,90.015
2010-10-22,90.34
2010-10-25,90.61500000000001
2010-10-26,90.78999999999999
2010-10-27,90.655
2010-10-28,90.78
2010-10-29,90.845
2010-11-01,90.03999999999999
2010-11-02,90.44999999999999
2010-11-03,90.67500000000001
2010-11-04,92.185
2010-11-05,91.8
2010-11-08,91.405
2010-11-09,91.255
2010-11-10,90.655
2010-11-11,90.24000000000001
2010-11-12,89.69
2010-11-15,89.725
2010-11-16,88.75
2010-11-17,89.175
2010-11-18,90.25
2010-11-19,90.1
2010-11-22,89.75
2010-11-23,88.785
2010-11-24,88.92
2010-11-26,88.6
2010-11-29,88.86500000000001
2010-11-30,88.875
2010-12-01,89.11
2010-12-02,89.11500000000001
2010-12-03,90.135
2010-12-06,89.69999999999999
2010-12-07,89.69999999999999
2010-12-08,89.775
2010-12-09,89.49000000000001
2010-12-10,89.32
2010-12-13,88.745
2010-12-14,89.495
2010-12-15,89.02000000000001
2010-12-16,89.37
2010-12-17,89.77
2010-12-20,89.83000000000001
2010-12-21,89.71000000000001
2010-12-22,89.995
2010-12-23,90.345
2010-12-27,90.295
2010-12-28,89.60499999999999
2010-12-29,89.96000000000001
2010-12-30,90.11
2010-12-31,90.27000000000001
2011-01-03,90.45500000000001
2011-01-04,90.71000000000001
2011-01-05,90.985
2011-01-06,91.07
2011-01-07,90.785
2011-01-10,90.85
2011-01-11,91.015
2011-01-12,91.37
2011-01-13,91.28
2011-01-14,91.30000000000001
2011-01-18,91.315
2011-01-19,91.12
2011-01-20,90.72999999999999
2011-01-21,91.345
2011-01-24,91.395
2011-01-25,91.445
2011-01-26,91.65
2011-01-27,91.57
2011-01-28,91.41999999999999
2011-01-31,91.66
2011-02-01,91.4
2011-02-02,91.345
2011-02-03,91.495
2011-02-04,91.795
2011-02-07,92.03999999999999
2011-02-08,92.295
2011-02-09,91.725
2011-02-10,91.72
2011-02-11,91.92500000000001
2011-02-14,92.035
2011-02-15,91.84
2011-02-16,91.92
2011-02-17,92.11
2011-02-18,92.255
2011-02-22,91.72
2011-02-23,91.705
2011-02-24,91.725
2011-02-25,91.97
2011-02-28,92.45
2011-03-01,91.645
2011-03-02,91.895
2011-03-03,92.13
2011-03-04,92.21000000000001
2011-03-07,92.005
2011-03-08,91.89
2011-03-09,91.69
2011-03-10,91.315
2011-03-11,91.32
2011-03-14,90.84
2011-03-15,90.205
2011-03-16,89.825
2011-03-17,90.505
2011-03-18,91.23
2011-03-21,91.75
2011-03-22,91.705
2011-03-23,91.64500000000001
2011-03-24,91.80000000000001
2011-03-25,91.72999999999999
2011-03-28,91.805
2011-03-29,91.745
2011-03-30,92.015
2011-03-31,91.92500000000001
2011-04-01,91.53
2011-04-04,91.795
2011-04-05,91.75
2011-04-06,91.82
2011-04-07,91.905
2011-04-08,91.815
2011-04-11,91.885
2011-04-12,91.56
2011-04-13,92.05
2011-04-14,91.56
2011-04-15,91.95
2011-04-18,91.515
2011-04-19,91.94
2011-04-20,92.15
2011-04-21,92.375
2011-04-25,92.19
2011-04-26,92.525
2011-04-27,92.56
2011-04-28,92.66499999999999
2011-04-29,92.56
2011-05-02,92.32
2011-05-03,92.435
2011-05-04,92.18
2011-05-05,91.935
2011-05-06,92.41
2011-05-09,92.555
2011-05-10,92.515
2011-05-11,92.38
2011-05-12,92.425
2011-05-13,92.24
2011-05-16,92.285
2011-05-17,92.55000000000001
2011-05-18,92.605
2011-05-19,92.44
2011-05-20,92.5
2011-05-23,92.07
2011-05-24,92.035
2011-05-25,92.05000000000001
2011-05-26,92.11
2011-05-27,92.205
2011-05-31,92.39500000000001
2011-06-01,91.25
2011-06-02,91.275
2011-06-03,90.995
2011-06-06,90.65
2011-06-07,90.67
2011-06-08,90.225
2011-06-09,90.315
2011-06-10,89.7
2011-06-13,89.39
2011-06-14,89.9
2011-06-15,89.44
2011-06-16,88.2
2011-06-17,89.005
2011-06-20,89.53999999999999
2011-06-21,89.93
2011-06-22,89.575
2011-06-23,89.925
2011-06-24,89.495
2011-06-27,89.44999999999999
2011-06-28,89.735
2011-06-29,90.765
2011-06-30,91.445
2011-07-01,92.195
2011-07-05,91.37
2011-07-06,91.38
2011-07-07,91.66
2011-07-08,91.41499999999999
2011-07-11,90.63
2011-07-12,90.485
2011-07-13,91.05
2011-07-14,91.16
2011-07-15,91.125
2011-07-18,90.725
2011-07-19,91.19999999999999
2011-07-20,91.135
2011-07-21,91.695
2011-07-22,91.805
2011-07-25,91.495
2011-07-26,91.275
2011-07-27,90.66
2011-07-28,90.92
2011-07-29,90.96000000000001
2011-08-01,90.62
2011-08-02,89.7
2011-08-03,89.525
2011-08-04,87.405
2011-08-05,87.1
2011-08-08,82.755
2011-08-09,85.525
2011-08-10,84.85
2011-08-11,87.31
2011-08-12,85.71000000000001
2011-08-15,86.57499999999999
2011-08-16,86.445
2011-08-17,87.045
2011-08-18,86.215
2011-08-19,85.62
2011-08-22,85.77
2011-08-23,86.14
2011-08-24,85.64
2011-08-25,85.16499999999999
2011-08-26,86.08500000000001
2011-08-29,86.745
2011-08-30,87.00999999999999
2011-08-31,87.975
2011-09-01,87.35499999999999
2011-09-02,86.91
2011-09-06,86.63
2011-09-07,86.47
2011-09-08,86.50999999999999
2011-09-09,85.83500000000001
2011-09-12,85.17500000000001
2011-09-13,85.975
2011-09-14,86.265
2011-09-15,87.125
2011-09-16,86.965
2011-09-19,86.805
2011-09-20,86.9
2011-09-21,86.17500000000001
2011-09-22,84.875
2011-09-23,85.14500000000001
2011-09-26,85.38
2011-09-27,85.6
2011-09-28,85.53
2011-09-29,84.77000000000001
2011-09-30,82.85
2011-10-03,81.25999999999999
2011-10-04,82.21000000000001
2011-10-05,81.715
2011-10-06,83.08500000000001
2011-10-07,83.25999999999999
2011-10-10,85.18
2011-10-11,84.05
2011-10-12,85.95
2011-10-13,85.775
2011-10-14,86.52000000000001
2011-10-17,86.125
2011-10-18,86.155
2011-10-19,86.155
2011-10-20,86.63499999999999
2011-10-21,87.845
2011-10-24,90.125
2011-10-25,89.0
2011-10-26,89.25
2011-10-27,90.33
2011-10-28,90.34
2011-10-31,89.345
2011-11-01,87.6
2011-11-02,88.24000000000001
2011-11-03,88.75999999999999
2011-11-04,88.905
2011-11-07,88.62
2011-11-08,88.89
2011-11-09,87.115
2011-11-10,86.98
2011-11-11,87.95500000000001
2011-11-14,87.515
2011-11-15,87.03999999999999
2011-11-16,86.56
2011-11-17,86.07
2011-11-18,86.01
2011-11-21,85.155
2011-11-22,84.16
2011-11-23,82.655
2011-11-25,83.125
2011-11-28,84.27
2011-11-29,84.935
2011-11-30,86.645
2011-12-01,86.47
2011-12-02,86.71000000000001
2011-12-05,87.215
2011-12-06,87.61
2011-12-07,87.505
2011-12-08,86.94
2011-12-09,87.58500000000001
2011-12-12,87.375
2011-12-13,86.765
2011-12-14,87.07
2011-12-15,87.14
2011-12-16,87.58500000000001
2011-12-19,87.42500000000001
2011-12-20,88.315
2011-12-21,88.63499999999999
2011-12-22,88.85
2011-12-23,89.375
2011-12-27,88.975
2011-12-28,88.98
2011-12-29,89.19999999999999
2011-12-30,89.19
2012-01-03,89.53
2012-01-04,89.775
2012-01-05,89.125
2012-01-06,88.88499999999999
2012-01-09,89.035
2012-01-10,89.365
2012-01-11,89.13499999999999
2012-01-12,89.225
2012-01-13,88.94999999999999
2012-01-17,89.045
2012-01-18,89.305
2012-01-19,89.62
2012-01-20,89.765
2012-01-23,90.11000000000001
2012-01-24,90.115
2012-01-25,90.73
2012-01-26,91.35
2012-01-27,90.775
2012-01-30,90.565
2012-01-31,90.70500000000001
2012-02-01,90.4
2012-02-02,90.515
2012-02-03,90.66
2012-02-06,90.7
2012-02-07,90.96000000000001
2012-02-08,90.91
2012-02-09,90.99000000000001
2012-02-10,90.38499999999999
2012-02-13,90.485
2012-02-14,90.685
2012-02-15,90.265
2012-02-16,90.66999999999999
2012-02-17,90.485
2012-02-21,90.895
2012-02-22,91.15
2012-02-23,91.595
2012-02-24,91.735
2012-02-27,91.815
2012-02-28,91.97999999999999
2012-02-29,91.83500000000001
2012-03-01,91.61500000000001
2012-03-02,91.38
2012-03-05,90.89
2012-03-06,89.655
2012-03-07,89.725
2012-03-08,90.465
2012-03-09,90.685
2012-03-12,90.63
2012-03-13,91.25
2012-03-14,91.08500000000001
2012-03-15,90.895
2012-03-16,90.505
2012-03-19,90.775
2012-03-20,90.765
2012-03-21,90.49000000000001
2012-03-22,90.72999999999999
2012-03-23,90.535
2012-03-26,91.075
2012-03-27,91.14
2012-03-28,90.995
2012-03-29,90.805
2012-03-30,90.745
2012-04-02,90.33
2012-04-03,90.305
2012-04-04,89.97
2012-04-05,89.85499999999999
2012-04-09,89.245
2012-04-10,88.925
2012-04-11,89.39
2012-04-12,90.275
2012-04-13,89.9
2012-04-16,89.78
2012-04-17,90.32
2012-04-18,90.235
2012-04-19,90.16
2012-04-20,90.285
2012-04-23,89.86500000000001
2012-04-24,90.3
2012-04-25,91.0
2012-04-26,91.045
2012-04-27,90.96000000000001
2012-04-30,91.17500000000001
2012-05-01,90.735
2012-05-02,91.185
2012-05-03,90.895
2012-05-04,90.775
2012-05-07,91.03999999999999
2012-05-08,90.985
2012-05-09,90.675
2012-05-10,90.68
2012-05-11,90.75
2012-05-14,90.07499999999999
2012-05-15,89.78999999999999
2012-05-16,88.84
2012-05-17,87.36500000000001
2012-05-18,87.53
2012-05-21,88.54499999999999
2012-05-22,88.37
2012-05-23,88.405
2012-05-24,88.685
2012-05-25,88.155
2012-05-29,89.11
2012-05-30,88.63
2012-05-31,87.72999999999999
2012-06-01,86.42
2012-06-04,86.5
2012-06-05,87.255
2012-06-06,87.99000000000001
2012-06-07,88.21000000000001
2012-06-08,88.78
2012-06-11,88.175
2012-06-12,88.83000000000001
2012-06-13,88.505
2012-06-14,89.225
2012-06-15,89.415
2012-06-18,89.375
2012-06-19,89.95
2012-06-20,90.41
2012-06-21,89.535
2012-06-22,90.16
2012-06-25,90.015
2012-06-26,90.07499999999999
2012-06-27,90.39
2012-06-28,90.43
2012-06-29,91.345
2012-07-02,90.91499999999999
2012-07-03,91.435
2012-07-05,91.16
2012-07-06,91.065
2012-07-09,91.11500000000001
2012-07-10,90.6
2012-07-11,90.955
2012-07-12,90.745
2012-07-13,91.065
2012-07-16,90.825
2012-07-17,91.07
2012-07-18,91.535
2012-07-19,91.765
2012-07-20,91.33500000000001
2012-07-23,91.225
2012-07-24,90.70500000000001
2012-07-25,90.535
2012-07-26,91.345
2012-07-27,91.88499999999999
2012-07-30,91.86500000000001
2012-07-31,91.695
2012-08-01,91.61500000000001
2012-08-02,91.21000000000001
2012-08-03,91.61
2012-08-06,91.785
2012-08-07,91.38499999999999
2012-08-08,91.65
2012-08-09,91.55
2012-08-10,91.455
2012-08-13,91.41
2012-08-14,91.61
2012-08-15,91.405
2012-08-16,91.58000000000001
2012-08-17,91.52000000000001
2012-08-20,91.685
2012-08-21,91.83500000000001
2012-08-22,91.785
2012-08-23,91.74000000000001
2012-08-24,92.11
2012-08-27,92.11
2012-08-28,92.01
2012-08-29,92.095
2012-08-30,92.05000000000001
2012-08-31,92.3
2012-09-04,91.91
2012-09-05,91.875
2012-09-06,92.36
2012-09-07,92.505
2012-09-10,92.405
2012-09-11,93.00999999999999
2012-09-12,93.36500000000001
2012-09-13,93.96000000000001
2012-09-14,93.86
2012-09-17,93.825
2012-09-18,93.91
2012-09-19,93.465
2012-09-20,93.315
2012-09-21,93.215
2012-09-24,92.945
2012-09-25,92.3
2012-09-26,91.80000000000001
2012-09-27,92.755
2012-09-28,92.45500000000001
2012-10-01,91.695
2012-10-02,91.88999999999999
2012-10-03,92.07
2012-10-04,92.50999999999999
2012-10-05,92.455
2012-10-08,92.295
2012-10-09,92.13499999999999
2012-10-10,91.81
2012-10-11,92.195
2012-10-12,92.475
2012-10-15,92.94
2012-10-16,93.295
2012-10-17,93.53999999999999
2012-10-18,93.38499999999999
2012-10-19,92.96
2012-10-22,92.975
2012-10-23,92.57
2012-10-24,92.57
2012-10-25,92.815
2012-10-26,92.46000000000001
2012-10-31,92.50999999999999
2012-11-01,92.63
2012-11-02,92.37
2012-11-05,92.25
2012-11-06,92.42500000000001
2012-11-07,91.96000000000001
2012-11-08,91.65
2012-11-09,91.435
2012-11-12,91.465
2012-11-13,91.17500000000001
2012-11-14,90.785
2012-11-15,90.65
2012-11-16,90.92
2012-11-19,91.995
2012-11-20,92.02000000000001
2012-11-21,92.08500000000001
2012-11-23,92.4
2012-11-26,92.36
2012-11-27,92.465
2012-11-28,92.5
2012-11-29,92.88999999999999
2012-11-30,93.07
2012-12-03,92.935
2012-12-04,92.94
2012-12-05,93.075
2012-12-06,93.38
2012-12-07,93.28
2012-12-10,93.35
2012-12-11,93.445
2012-12-12,93.7
2012-12-13,93.375
2012-12-14,93.29499999999999
2012-12-17,93.68
2012-12-18,93.69
2012-12-19,93.63
2012-12-20,93.77
2012-12-21,93.61
2012-12-24,93.23
2012-12-26,92.935
2012-12-27,93.13499999999999
2012-12-28,93.015
2012-12-31,93.44
2013-01-02,94.22
2013-01-03,93.85
2013-01-04,93.95500000000001
2013-01-07,94.08
2013-01-08,94.08500000000001
2013-01-09,94.175
2013-01-10,94.315
2013-01-11,94.49
2013-01-14,94.38499999999999
2013-01-15,94.295
2013-01-16,94.235
2013-01-17,94.575
2013-01-18,94.63499999999999
2013-01-22,94.755
2013-01-23,94.78999999999999
2013-01-24,94.82499999999999
2013-01-25,94.885
2013-01-28,94.75
2013-01-29,94.6
2013-01-30,93.975
2013-01-31,93.85
2013-02-01,93.5
2013-02-04,93.115
2013-02-05,93.25999999999999
2013-02-06,93.135
2013-02-07,92.95
2013-02-08,92.945
2013-02-11,92.95500000000001
2013-02-12,93.31
2013-02-13,93.38499999999999
2013-02-14,93.46000000000001
2013-02-15,93.42
2013-02-19,93.44
2013-02-20,93.52000000000001
2013-02-21,93.44
2013-02-22,93.60499999999999
2013-02-25,93.445
2013-02-26,93.765
2013-02-27,94.04499999999999
2013-02-28,93.995
2013-03-01,93.68
2013-03-04,93.78
2013-03-05,94.0
2013-03-06,93.91
2013-03-07,94.005
2013-03-08,94.01
2013-03-11,94.09
2013-03-12,94.08500000000001
2013-03-13,94.14
2013-03-14,94.345
2013-03-15,94.4
2013-03-18,94.4
2013-03-19,94.215
2013-03-20,94.56
2013-03-21,94.315
2013-03-22,94.345
2013-03-25,94.17
2013-03-26,94.25999999999999
2013-03-27,94.185
2013-03-28,94.36
2013-04-01,93.99000000000001
2013-04-02,94.07
2013-04-03,93.955
2013-04-04,93.91499999999999
2013-04-05,93.88
2013-04-08,94.1
2013-04-09,94.295
2013-04-10,94.715
2013-04-11,94.725
2013-04-12,94.76
2013-04-15,94.195
2013-04-16,94.7
2013-04-17,94.545
2013-04-18,94.515
2013-04-19,94.47
2013-04-22,94.67500000000001
2013-04-23,94.985
2013-04-24,95.2
2013-04-25,95.41499999999999
2013-04-26,95.435
2013-04-29,95.61
2013-04-30,95.775
2013-05-01,95.215
2013-05-02,95.775
2013-05-03,95.905
2013-05-06,96.055
2013-05-07,95.98
2013-05-08,96.24
2013-05-09,96.055
2013-05-10,95.545
2013-05-13,95.15
2013-05-14,95.14500000000001
2013-05-15,95.255
2013-05-16,95.42
2013-05-17,95.42500000000001
2013-05-20,95.505
2013-05-21,95.68
2013-05-22,95.28999999999999
2013-05-23,94.905
2013-05-24,94.71000000000001
2013-05-28,94.385
2013-05-29,94.0
2013-05-30,94.14500000000001
2013-05-31,93.14
2013-06-03,92.43
2013-06-04,92.505
2013-06-05,91.71000000000001
2013-06-06,92.46000000000001
2013-06-07,92.295
2013-06-10,92.125
2013-06-11,91.565
2013-06-12,91.695
2013-06-13,92.565
2013-06-14,92.71000000000001
2013-06-17,92.88
2013-06-18,93.13
2013-06-19,91.735
2013-06-20,90.675
2013-06-21,90.565
2013-06-24,89.05
2013-06-25,90.245
2013-06-26,91.075
2013-06-27,91.64500000000001
2013-06-28,90.93
2013-07-01,90.78999999999999
2013-07-02,90.735
2013-07-03,90.755
2013-07-05,89.805
2013-07-08,91.11
2013-07-09,91.08
2013-07-10,91.49000000000001
2013-07-11,92.635
2013-07-12,92.46000000000001
2013-07-15,92.93
2013-07-16,92.73
2013-07-17,93.35
2013-07-18,93.9
2013-07-19,93.85499999999999
2013-07-22,93.91499999999999
2013-07-23,93.74000000000001
2013-07-24,92.81
2013-07-25,92.66499999999999
2013-07-26,92.725
2013-07-29,92.6
2013-07-30,92.60499999999999
2013-07-31,92.81
2013-08-01,91.65
2013-08-02,92.185
2013-08-05,91.83500000000001
2013-08-06,91.67
2013-08-07,91.445
2013-08-08,91.525
2013-08-09,91.56
2013-08-12,91.50999999999999
2013-08-13,91.51
2013-08-14,91.4
2013-08-15,90.985
2013-08-16,90.72999999999999
2013-08-19,89.935
2013-08-20,90.775
2013-08-21,90.445
2013-08-22,90.9
2013-08-23,91.33500000000001
2013-08-26,91.265
2013-08-27,90.755
2013-08-28,91.055
2013-08-29,91.41
2013-08-30,91.38
2013-09-03,90.39
2013-09-04,90.71000000000001
2013-09-05,90.285
2013-09-06,90.57499999999999
2013-09-09,90.82
2013-09-10,91.12
2013-09-11,91.215
2013-09-12,91.14
2013-09-13,91.08500000000001
2013-09-16,91.53
2013-09-17,91.88
2013-09-18,92.775
2013-09-19,92.465
2013-09-20,92.38
2013-09-23,92.33
2013-09-24,92.165
2013-09-25,92.05000000000001
2013-09-26,91.965
2013-09-27,91.86
2013-09-30,91.57
2013-10-01,91.53
2013-10-02,91.55000000000001
2013-10-03,91.625
2013-10-04,91.785
2013-10-07,91.555
2013-10-08,91.5
2013-10-09,91.6
2013-10-10,91.995
2013-10-11,92.16
2013-10-14,92.34
2013-10-15,92.28
2013-10-16,92.775
2013-10-17,93.195
2013-10-18,93.465
2013-10-21,93.25
2013-10-22,93.495
2013-10-23,93.57499999999999
2013-10-24,93.6
2013-10-25,93.625
2013-10-28,93.60499999999999
2013-10-29,93.75999999999999
2013-10-30,93.405
2013-10-31,93.435
2013-11-01,92.83
2013-11-04,92.985
2013-11-05,92.75999999999999
2013-11-06,92.995
2013-11-07,93.05000000000001
2013-11-08,92.89500000000001
2013-11-11,92.55000000000001
2013-11-12,92.44
2013-11-13,92.755
2013-11-14,93.025
2013-11-15,93.17
2013-11-18,92.92
2013-11-19,92.875
2013-11-20,92.805
2013-11-21,93.095
2013-11-22,93.16
2013-11-25,93.32499999999999
2013-11-26,93.4
2013-11-27,93.33
2013-11-29,93.38
2013-12-02,92.985
2013-12-03,92.89
2013-12-04,92.665
2013-12-05,92.60499999999999
2013-12-06,92.895
2013-12-09,93.185
2013-12-10,93.18
2013-12-11,92.91499999999999
2013-12-12,92.775
2013-12-13,92.87
2013-12-16,92.965
2013-12-17,92.985
2013-12-18,93.155
2013-12-19,93.045
2013-12-20,93.08500000000001
2013-12-23,93.155
2013-12-24,93.16499999999999
2013-12-26,92.715
2013-12-27,92.72999999999999
2013-12-30,92.765
2013-12-31,92.87
2014-01-02,93.015
2014-01-03,93.02000000000001
2014-01-06,93.19999999999999
2014-01-07,93.235
2014-01-08,93.17
2014-01-09,93.28
2014-01-10,93.545
2014-01-13,93.47999999999999
2014-01-14,93.64
2014-01-15,93.75
2014-01-16,93.775
2014-01-17,93.785
2014-01-21,93.92500000000001
2014-01-22,93.775
2014-01-23,93.615
2014-01-24,93.03
2014-01-27,92.995
2014-01-28,93.41
2014-01-29,93.125
2014-01-30,93.285
2014-01-31,93.265
2014-02-03,92.56
2014-02-04,92.62
2014-02-05,92.635
2014-02-06,92.92
2014-02-07,93.395
2014-02-10,93.49000000000001
2014-02-11,93.615
2014-02-12,93.50999999999999
2014-02-13,93.74000000000001
2014-02-14,93.905
2014-02-18,94.03
2014-02-19,93.825
2014-02-20,94.06
2014-02-21,94.18
2014-02-24,94.35499999999999
2014-02-25,94.47999999999999
2014-02-26,94.625
2014-02-27,94.82
2014-02-28,94.935
2014-03-03,94.38
2014-03-04,94.71000000000001
2014-03-05,94.53999999999999
2014-03-06,94.405
2014-03-07,94.07499999999999
2014-03-10,94.06
2014-03-11,93.975
2014-03-12,94.125
2014-03-13,93.885
2014-03-14,93.78
2014-03-17,93.935
2014-03-18,94.21000000000001
2014-03-19,93.755
2014-03-20,94.04499999999999
2014-03-21,93.985
2014-03-24,94.035
2014-03-25,94.205
2014-03-26,94.19999999999999
2014-03-27,94.095
2014-03-28,94.245
2014-03-31,94.41
2014-04-01,94.11
2014-04-02,94.03999999999999
2014-04-03,94.06
2014-04-04,94.315
2014-04-07,94.08
2014-04-08,94.305
2014-04-09,94.44999999999999
2014-04-10,94.18
2014-04-11,93.795
2014-04-14,94.07
2014-04-15,94.17500000000001
2014-04-16,94.22
2014-04-17,94.14
2014-04-21,94.11
2014-04-22,94.24
2014-04-23,94.265
2014-04-24,94.28
2014-04-25,94.22
2014-04-28,94.2
2014-04-29,94.35
2014-04-30,94.38
2014-05-01,93.83500000000001
2014-05-02,94.03
2014-05-05,94.03
2014-05-06,94.05000000000001
2014-05-07,94.18
2014-05-08,94.15
2014-05-09,94.28
2014-05-12,94.315
2014-05-13,94.47999999999999
2014-05-14,94.53999999999999
2014-05-15,94.46000000000001
2014-05-16,94.62
2014-05-19,94.775
2014-05-20,94.655
2014-05-21,94.63
2014-05-22,94.71000000000001
2014-05-23,94.72
2014-05-27,94.8
2014-05-28,94.83
2014-05-29,94.96000000000001
2014-05-30,95.045
2014-06-02,94.345
2014-06-03,94.32499999999999
2014-06-04,94.315
2014-06-05,94.57
2014-06-06,94.845
2014-06-09,94.94
2014-06-10,94.88
2014-06-11,94.91499999999999
2014-06-12,94.87
2014-06-13,94.935
2014-06-16,94.93
2014-06-17,94.84
2014-06-18,95.25
2014-06-19,95.21000000000001
2014-06-20,95.345
2014-06-23,95.325
2014-06-24,95.28
2014-06-25,95.36500000000001
2014-06-26,95.295
2014-06-27,95.295
2014-06-30,95.19
2014-07-01,94.81
2014-07-02,94.875
2014-07-03,94.775
2014-07-07,94.665
2014-07-08,94.695
2014-07-09,94.625
2014-07-10,94.32
2014-07-11,94.47
2014-07-14,94.46000000000001
2014-07-15,94.30000000000001
2014-07-16,94.16499999999999
2014-07-17,93.5
2014-07-18,93.87
2014-07-21,93.725
2014-07-22,93.86500000000001
2014-07-23,94.06
2014-07-24,94.205
2014-07-25,94.03
2014-07-28,93.77000000000001
2014-07-29,93.64500000000001
2014-07-30,93.25
2014-07-31,92.47
2014-08-01,92.03
2014-08-04,92.60499999999999
2014-08-05,92.4
2014-08-06,92.63
2014-08-07,92.705
2014-08-08,93.015
2014-08-11,93.405
2014-08-12,93.39
2014-08-13,93.67500000000001
2014-08-14,93.86
2014-08-15,94.025
2014-08-18,94.30000000000001
2014-08-19,94.285
2014-08-20,94.33500000000001
2014-08-21,94.36500000000001
2014-08-22,94.11
2014-08-25,94.315
2014-08-26,94.39
2014-08-27,94.315
2014-08-28,94.17500000000001
2014-08-29,94.225
2014-09-02,93.91499999999999
2014-09-03,93.69
2014-09-04,93.39500000000001
2014-09-05,93.265
2014-09-08,93.17500000000001
2014-09-09,92.755
2014-09-10,92.80000000000001
2014-09-11,92.775
2014-09-12,92.66499999999999
2014-09-15,92.505
2014-09-16,92.745
2014-09-17,92.94
2014-09-18,93.015
2014-09-19,93.155
2014-09-22,92.94999999999999
2014-09-23,92.495
2014-09-24,92.235
2014-09-25,91.65
2014-09-26,91.57
2014-09-29,91.33500000000001
2014-09-30,91.92500000000001
2014-10-01,91.67500000000001
2014-10-02,91.845
2014-10-03,92.155
2014-10-06,92.245
2014-10-07,91.91499999999999
2014-10-08,92.315
2014-10-09,91.33500000000001
2014-10-10,90.595
2014-10-13,90.205
2014-10-14,90.515
2014-10-15,90.475
2014-10-16,91.025
2014-10-17,91.805
2014-10-20,92.41499999999999
2014-10-21,93.15
2014-10-22,92.545
2014-10-23,92.58
2014-10-24,92.80000000000001
2014-10-27,92.435
2014-10-28,92.565
2014-10-29,92.46000000000001
2014-10-30,92.46000000000001
2014-10-31,92.50999999999999
2014-11-03,92.30000000000001
2014-11-04,92.025
2014-11-05,91.99000000000001
2014-11-06,92.235
2014-11-07,92.345
2014-11-10,92.4
2014-11-11,92.57499999999999
2014-11-12,92.275
2014-11-13,91.9
2014-11-14,91.46000000000001
2014-11-17,91.44999999999999
2014-11-18,91.285
2014-11-19,91.235
2014-11-20,91.22999999999999
2014-11-21,91.775
2014-11-24,91.72999999999999
2014-11-25,91.89500000000001
2014-11-26,92.0
2014-11-28,92.195
2014-12-01,89.805
2014-12-02,90.295
2014-12-03,90.46000000000001
2014-12-04,90.39
2014-12-05,90.33
2014-12-08,89.83
2014-12-09,89.78999999999999
2014-12-10,88.73
2014-12-11,88.42
2014-12-12,87.27000000000001
2014-12-15,87.205
2014-12-16,86.88499999999999
2014-12-17,88.66
2014-12-18,89.295
2014-12-19,90.2
2014-12-22,89.995
2014-12-23,90.32499999999999
2014-12-24,90.32499999999999
2014-12-26,90.00999999999999
2014-12-29,90.0
2014-12-30,89.815
2014-12-31,89.59
2015-01-02,89.58500000000001
2015-01-05,88.765
2015-01-06,88.41499999999999
2015-01-07,88.985
2015-01-08,89.63499999999999
2015-01-09,90.09
2015-01-12,89.975
2015-01-13,89.97
2015-01-14,89.755
2015-01-15,89.25
2015-01-16,89.58
2015-01-20,89.455
2015-01-21,89.88499999999999
2015-01-22,90.015
2015-01-23,89.985
2015-01-26,90.41499999999999
2015-01-27,90.345
2015-01-28,90.145
2015-01-29,90.475
2015-01-30,90.255
2015-02-02,90.205
2015-02-03,90.715
2015-02-04,90.33
2015-02-05,90.86500000000001
2015-02-06,90.94
2015-02-09,90.735
2015-02-10,90.97
2015-02-11,90.94999999999999
2015-02-12,90.995
2015-02-13,91.14
2015-02-17,91.08
2015-02-18,91.33
2015-02-19,91.195
2015-02-20,91.38
2015-02-23,91.465
2015-02-24,91.56
2015-02-25,91.845
2015-02-26,91.845
2015-02-27,91.88
2015-03-02,91.47999999999999
2015-03-03,91.18
2015-03-04,91.03999999999999
2015-03-05,91.195
2015-03-06,90.64
2015-03-09,90.4
2015-03-10,90.095
2015-03-11,90.33500000000001
2015-03-12,90.505
2015-03-13,90.225
2015-03-16,90.085
2015-03-17,89.64
2015-03-18,90.455
2015-03-19,89.82
2015-03-20,90.42500000000001
2015-03-23,90.5
2015-03-24,90.63
2015-03-25,90.42500000000001
2015-03-26,90.41
2015-03-27,90.475
2015-03-30,90.68
2015-03-31,90.58500000000001
2015-04-01,90.39
2015-04-02,90.475
2015-04-06,90.71000000000001
2015-04-07,91.16499999999999
2015-04-08,91.14
2015-04-09,91.07
2015-04-10,91.25999999999999
2015-04-13,91.09
2015-04-14,91.14500000000001
2015-04-15,91.5
2015-04-16,91.35499999999999
2015-04-17,91.05000000000001
2015-04-20,91.235
2015-04-21,91.28
2015-04-22,91.21000000000001
2015-04-23,91.17500000000001
2015-04-24,91.31
2015-04-27,91.33500000000001
2015-04-28,91.24000000000001
2015-04-29,91.035
2015-04-30,90.985
2015-05-01,90.785
2015-05-04,90.745
2015-05-05,90.62
2015-05-06,90.38
2015-05-07,90.36500000000001
2015-05-08,91.07
2015-05-11,90.525
2015-05-12,90.505
2015-05-13,90.375
2015-05-14,90.805
2015-05-15,91.015
2015-05-18,90.83500000000001
2015-05-19,90.715
2015-05-20,90.63499999999999
2015-05-21,90.74000000000001
2015-05-22,90.81
2015-05-26,90.63499999999999
2015-05-27,90.85499999999999
2015-05-28,90.78999999999999
2015-05-29,90.905
2015-06-01,90.63499999999999
2015-06-02,90.495
2015-06-03,90.005
2015-06-04,89.75999999999999
2015-06-05,89.44999999999999
2015-06-08,89.445
2015-06-09,89.325
2015-06-10,89.36500000000001
2015-06-11,89.565
2015-06-12,89.25999999999999
2015-06-15,88.845
2015-06-16,89.33500000000001
2015-06-17,89.265
2015-06-18,89.555
2015-06-19,89.595
2015-06-22,89.765
2015-06-23,89.735
2015-06-24,89.53999999999999
2015-06-25,89.265
2015-06-26,89.0
2015-06-29,88.375
2015-06-30,88.795
2015-07-01,88.46000000000001
2015-07-02,88.775
2015-07-06,88.485
2015-07-07,88.545
2015-07-08,88.09
2015-07-09,88.32499999999999
2015-07-10,88.77000000000001
2015-07-13,88.86500000000001
2015-07-14,88.755
2015-07-15,88.815
2015-07-16,88.905
2015-07-17,88.64500000000001
2015-07-20,88.295
2015-07-21,88.11500000000001
2015-07-22,87.565
2015-07-23,87.525
2015-07-24,87.235
2015-07-27,86.9
2015-07-28,87.35499999999999
2015-07-29,87.88499999999999
2015-07-30,88.09
2015-07-31,87.985
2015-08-03,87.39500000000001
2015-08-04,87.455
2015-08-05,87.33500000000001
2015-08-06,86.985
2015-08-07,86.705
2015-08-10,86.955
2015-08-11,86.555
2015-08-12,86.445
2015-08-13,86.32499999999999
2015-08-14,86.38499999999999
2015-08-17,86.375
2015-08-18,86.265
2015-08-19,86.17500000000001
2015-08-20,85.775
2015-08-21,85.405
2015-08-24,84.78
2015-08-25,84.945
2015-08-26,85.63
2015-08-27,86.365
2015-08-28,86.38499999999999
2015-08-31,86.245
2015-09-01,85.57499999999999
2015-09-02,85.945
2015-09-03,86.045
2015-09-04,85.955
2015-09-08,86.42500000000001
2015-09-09,86.31
2015-09-10,86.515
2015-09-11,86.485
2015-09-14,86.305
2015-09-15,86.36
2015-09-16,86.045
2015-09-17,86.10499999999999
2015-09-18,85.83500000000001
2015-09-21,85.685
2015-09-22,85.065
2015-09-23,84.91499999999999
2015-09-24,84.495
2015-09-25,84.065
2015-09-28,82.805
2015-09-29,82.775
2015-09-30,83.265
2015-10-01,82.41
2015-10-02,82.435
2015-10-05,83.42500000000001
2015-10-06,83.875
2015-10-07,84.745
2015-10-08,85.08500000000001
2015-10-09,85.10499999999999
2015-10-12,84.985
2015-10-13,84.745
2015-10-14,84.66499999999999
2015-10-15,84.88499999999999
2015-10-16,85.255
2015-10-19,85.525
2015-10-20,85.595
2015-10-21,85.505
2015-10-22,85.525
2015-10-23,85.845
2015-10-26,85.725
2015-10-27,85.455
2015-10-28,85.705
2015-10-29,85.465
2015-10-30,85.565
2015-11-02,85.435
2015-11-03,85.515
2015-11-04,85.285
2015-11-05,84.955
2015-11-06,84.535
2015-11-09,84.195
2015-11-10,84.025
2015-11-11,83.805
2015-11-12,83.245
2015-11-13,83.005
2015-11-16,83.39500000000001
2015-11-17,83.445
2015-11-18,83.595
2015-11-19,82.86500000000001
2015-11-20,82.815
2015-11-23,82.775
2015-11-24,82.88499999999999
2015-11-25,82.945
2015-11-27,83.10499999999999
2015-11-30,83.045
2015-12-01,83.255
2015-12-02,83.055
2015-12-03,82.875
2015-12-04,82.67500000000001
2015-12-07,82.095
2015-12-08,81.065
2015-12-09,81.485
2015-12-10,81.11500000000001
2015-12-11,79.505
2015-12-14,78.815
2015-12-15,80.125
2015-12-16,80.725
2015-12-17,79.85499999999999
2015-12-18,79.545
2015-12-21,79.285
2015-12-22,80.225
2015-12-23,80.745
2015-12-24,80.465
2015-12-28,80.015
2015-12-29,80.495
2015-12-30,80.535
2015-12-31,80.60499999999999
2016-01-04,80.09
2016-01-05,80.265
2016-01-06,80.245
2016-01-07,79.745
2016-01-08,79.525
2016-01-11,79.38499999999999
2016-01-12,79.505
2016-01-13,78.67500000000001
2016-01-14,78.945
2016-01-15,77.92500000000001
2016-01-19,77.61
2016-01-20,77.125
2016-01-21,77.63499999999999
2016-01-22,78.83500000000001
2016-01-25,78.055
2016-01-26,78.745
2016-01-27,78.625
2016-01-28,79.035
2016-01-29,79.275
2016-02-01,78.435
2016-02-02,77.875
2016-02-03,78.245
2016-02-04,78.005
2016-02-05,77.43
2016-02-08,76.505
2016-02-09,76.215
2016-02-10,76.095
2016-02-11,75.58500000000001
2016-02-12,76.715
2016-02-16,76.785
2016-02-17,77.405
2016-02-18,77.475
2016-02-19,77.64500000000001
2016-02-22,78.32499999999999
2016-02-23,78.13499999999999
2016-02-24,78.275
2016-02-25,78.705
2016-02-26,79.195
2016-02-29,80.065
2016-03-01,80.905
2016-03-02,80.35499999999999
2016-03-03,80.655
2016-03-04,80.88499999999999
2016-03-07,80.975
2016-03-08,80.375
2016-03-09,80.60499999999999
2016-03-10,81.155
2016-03-11,82.14500000000001
2016-03-14,81.905
2016-03-15,81.17500000000001
2016-03-16,81.725
2016-03-17,82.205
2016-03-18,82.35499999999999
2016-03-21,82.285
2016-03-22,82.08500000000001
2016-03-23,81.725
2016-03-24,81.345
2016-03-28,80.975
2016-03-29,81.295
2016-03-30,81.58500000000001
2016-03-31,81.695
2016-04-01,81.35499999999999
2016-04-04,81.16499999999999
2016-04-05,80.875
2016-04-06,81.565
2016-04-07,81.14500000000001
2016-04-08,81.535
2016-04-11,81.64500000000001
2016-04-12,82.11500000000001
2016-04-13,82.64500000000001
2016-04-14,82.60499999999999
2016-04-15,82.495
2016-04-18,82.955
2016-04-19,83.315
2016-04-20,83.465
2016-04-21,83.215
2016-04-22,83.38499999999999
2016-04-25,83.10499999999999
2016-04-26,83.35499999999999
2016-04-27,83.83500000000001
2016-04-28,83.735
2016-04-29,83.845
2016-05-02,83.475
2016-05-03,82.955
2016-05-04,82.64500000000001
2016-05-05,82.58500000000001
2016-05-06,82.515
2016-05-09,82.36
2016-05-10,83.08
2016-05-11,83.015
2016-05-12,83.14500000000001
2016-05-13,82.775
2016-05-16,83.235
2016-05-17,83.08500000000001
2016-05-18,83.08500000000001
2016-05-19,82.86500000000001
2016-05-20,83.125
2016-05-23,83.13499999999999
2016-05-24,83.64500000000001
2016-05-25,83.795
2016-05-26,83.555
2016-05-27,83.67500000000001
2016-05-31,83.57499999999999
2016-06-01,83.295
2016-06-02,83.36500000000001
2016-06-03,83.525
2016-06-06,83.88499999999999
2016-06-07,84.225
2016-06-08,84.555
2016-06-09,84.245
2016-06-10,83.815
2016-06-13,83.285
2016-06-14,82.995
2016-06-15,83.025
2016-06-16,83.07499999999999
2016-06-17,83.11500000000001
2016-06-20,83.60499999999999
2016-06-21,83.92500000000001
2016-06-22,84.005
2016-06-23,84.61500000000001
2016-06-24,83.315
2016-06-27,82.065
2016-06-28,83.045
2016-06-29,84.125
2016-06-30,84.715
2016-07-01,84.455
2016-07-05,84.005
2016-07-06,84.35499999999999
2016-07-07,84.465
2016-07-08,85.57499999999999
2016-07-11,85.655
2016-07-12,85.905
2016-07-13,85.625
2016-07-14,85.795
2016-07-15,85.64500000000001
2016-07-18,85.89500000000001
2016-07-19,85.685
2016-07-20,85.905
2016-07-21,85.805
2016-07-22,86.155
2016-07-25,85.765
2016-07-26,85.435
2016-07-27,85.66499999999999
2016-07-28,85.245
2016-07-29,85.39500000000001
2016-08-01,84.57499999999999
2016-08-02,84.445
2016-08-03,84.82499999999999
2016-08-04,85.33500000000001
2016-08-05,85.565
2016-08-08,85.86500000000001
2016-08-09,86.17
2016-08-10,86.055
2016-08-11,86.26
2016-08-12,86.315
2016-08-15,86.565
2016-08-16,86.405
2016-08-17,86.505
2016-08-18,86.83500000000001
2016-08-19,86.60499999999999
2016-08-22,86.465
2016-08-23,86.745
2016-08-24,86.535
2016-08-25,86.685
2016-08-26,86.555
2016-08-29,86.965
2016-08-30,87.035
2016-08-31,86.67500000000001
2016-09-01,86.505
2016-09-02,86.875
2016-09-06,86.995
2016-09-07,86.775
2016-09-08,86.625
2016-09-09,85.795
2016-09-12,86.095
2016-09-13,85.455
2016-09-14,85.405
2016-09-15,85.875
2016-09-16,85.88499999999999
2016-09-19,85.945
2016-09-20,85.82499999999999
2016-09-21,86.61500000000001
2016-09-22,86.845
2016-09-23,86.715
2016-09-26,86.35499999999999
2016-09-27,86.63499999999999
2016-09-28,87.215
2016-09-29,86.86500000000001
2016-09-30,87.255
2016-10-03,86.81
2016-10-04,86.715
2016-10-05,86.91499999999999
2016-10-06,86.945
2016-10-07,87.10499999999999
2016-10-10,87.39500000000001
2016-10-11,86.89500000000001
2016-10-12,86.86500000000001
2016-10-13,86.66499999999999
2016-10-14,86.815
2016-10-17,86.755
2016-10-18,87.095
2016-10-19,87.33500000000001
2016-10-20,87.345
2016-10-21,87.375
2016-10-24,87.42500000000001
2016-10-25,87.375
2016-10-26,87.025
2016-10-27,86.685
2016-10-28,86.285
2016-10-31,86.015
2016-11-01,85.315
2016-11-02,84.935
2016-11-03,84.935
2016-11-04,84.985
2016-11-07,86.155
2016-11-08,85.995
2016-11-09,85.375
2016-11-10,84.265
2016-11-11,83.515
2016-11-14,84.095
2016-11-15,85.17500000000001
2016-11-16,84.85499999999999
2016-11-17,84.655
2016-11-18,84.655
2016-11-21,85.305
2016-11-22,85.945
2016-11-23,85.61500000000001
2016-11-25,85.725
2016-11-28,85.745
2016-11-29,85.595
2016-11-30,85.655
2016-12-01,84.88
2016-12-02,85.35499999999999
2016-12-05,85.63499999999999
2016-12-06,86.00999999999999
2016-12-07,86.475
2016-12-08,86.42500000000001
2016-12-09,86.495
2016-12-12,86.38499999999999
2016-12-13,86.625
2016-12-14,85.95
2016-12-15,85.965
2016-12-16,86.055
2016-12-19,86.285
2016-12-20,86.38499999999999
2016-12-21,86.555
2016-12-22,86.42500000000001
2016-12-23,86.595
2016-12-27,86.515
2016-12-28,86.39500000000001
2016-12-29,86.505
2016-12-30,86.545
2017-01-03,86.935
2017-01-04,87.36
2017-01-05,87.265
2017-01-06,87.225
2017-01-09,87.21000000000001
2017-01-10,87.205
2017-01-11,87.265
2017-01-12,87.275
2017-01-13,87.285
2017-01-17,87.245
2017-01-18,87.305
2017-01-19,87.015
2017-01-20,87.185
2017-01-23,87.205
2017-01-24,87.285
2017-01-25,87.565
2017-01-26,87.545
2017-01-27,87.625
2017-01-30,87.435
2017-01-31,87.35499999999999
2017-02-01,87.22
2017-02-02,87.315
2017-02-03,87.475
2017-02-06,87.39500000000001
2017-02-07,87.305
2017-02-08,87.33500000000001
2017-02-09,87.455
2017-02-10,87.535
2017-02-13,87.64500000000001
2017-02-14,87.725
2017-02-15,87.745
2017-02-16,87.66499999999999
2017-02-17,87.755
2017-02-21,88.045
2017-02-22,88.095
2017-02-23,88.17500000000001
2017-02-24,88.225
2017-02-27,88.33500000000001
2017-02-28,88.295
2017-03-01,88.225
2017-03-02,87.975
2017-03-03,87.995
2017-03-06,87.705
2017-03-07,87.155
2017-03-08,86.58500000000001
2017-03-09,86.345
2017-03-10,86.345
2017-03-13,86.38499999999999
2017-03-14,86.13499999999999
2017-03-15,87.28
2017-03-16,87.095
2017-03-17,87.08500000000001
2017-03-20,87.005
2017-03-21,86.32499999999999
2017-03-22,86.495
2017-03-23,86.525
2017-03-24,86.815
2017-03-27,86.725
2017-03-28,87.215
2017-03-29,87.38499999999999
2017-03-30,87.805
2017-03-31,87.785
2017-04-03,87.38
2017-04-04,87.38499999999999
2017-04-05,87.295
2017-04-06,87.435
2017-04-07,87.39500000000001
2017-04-10,87.515
2017-04-11,87.35499999999999
2017-04-12,87.42500000000001
2017-04-13,87.225
2017-04-17,87.485
2017-04-18,87.445
2017-04-19,87.375
2017-04-20,87.655
2017-04-21,87.57499999999999
2017-04-24,88.005
2017-04-25,88.16499999999999
2017-04-26,88.11500000000001
2017-04-27,88.13499999999999
2017-04-28,88.13499999999999
2017-05-01,87.795
2017-05-02,87.83500000000001
2017-05-03,87.905
2017-05-04,87.435
2017-05-05,87.565
2017-05-08,87.685
2017-05-09,87.64500000000001
2017-05-10,87.975
2017-05-11,87.995
2017-05-12,87.995
2017-05-15,88.205
2017-05-16,88.295
2017-05-17,87.91499999999999
2017-05-18,88.015
2017-05-19,88.215
2017-05-22,88.41499999999999
2017-05-23,88.42500000000001
2017-05-24,88.57499999999999
2017-05-25,88.525
2017-05-26,88.555
2017-05-30,88.63499999999999
2017-05-31,88.66499999999999
2017-06-01,88.58500000000001
2017-06-02,88.61500000000001
2017-06-05,88.505
2017-06-06,88.375
2017-06-07,88.185
2017-06-08,88.265
2017-06-09,88.32
2017-06-12,88.485
2017-06-13,88.625
2017-06-14,88.625
2017-06-15,88.305
2017-06-16,88.155
2017-06-19,88.405
2017-06-20,88.11500000000001
2017-06-21,87.61500000000001
2017-06-22,87.82499999999999
2017-06-23,88.205
2017-06-26,88.315
2017-06-27,88.05000000000001
2017-06-28,88.405
2017-06-29,88.195
2017-06-30,88.375
2017-07-03,87.945
2017-07-05,87.91499999999999
2017-07-06,87.66499999999999
2017-07-07,87.61500000000001
2017-07-10,87.685
2017-07-11,87.66499999999999
2017-07-12,88.195
2017-07-13,88.285
2017-07-14,88.515
2017-07-17,88.535
2017-07-18,88.61500000000001
2017-07-19,88.745
2017-07-20,88.795
2017-07-21,88.735
2017-07-24,88.795
2017-07-25,88.815
2017-07-26,88.975
2017-07-27,88.92500000000001
2017-07-28,88.88499999999999
2017-07-31,88.905
2017-08-01,88.63
2017-08-02,88.655
2017-08-03,88.485
2017-08-04,88.485
2017-08-07,88.455
2017-08-08,88.11500000000001
2017-08-09,87.765
2017-08-10,87.205
2017-08-11,87.345
2017-08-14,87.765
2017-08-15,87.82499999999999
2017-08-16,87.83500000000001
2017-08-17,87.35499999999999
2017-08-18,87.465
2017-08-21,87.545
2017-08-22,87.91499999999999
2017-08-23,87.91499999999999
2017-08-24,88.055
2017-08-25,88.215
2017-08-28,88.245
2017-08-29,88.125
2017-08-30,88.35499999999999
2017-08-31,88.58500000000001
2017-09-01,88.305
2017-09-05,88.11500000000001
2017-09-06,88.065
2017-09-07,88.08500000000001
2017-09-08,87.805
2017-09-11,88.055
2017-09-12,88.185
2017-09-13,88.205
2017-09-14,88.33500000000001
2017-09-15,88.405
2017-09-18,88.36500000000001
2017-09-19,88.445
2017-09-20,88.455
2017-09-21,88.33500000000001
2017-09-22,88.41499999999999
2017-09-25,88.485
2017-09-26,88.58500000000001
2017-09-27,88.61500000000001
2017-09-28,88.60499999999999
2017-09-29,88.745
2017-10-02,88.36500000000001
2017-10-03,88.505
2017-10-04,88.41499999999999
2017-10-05,88.515
2017-10-06,88.405
2017-10-09,88.41499999999999
2017-10-10,88.485
2017-10-11,88.405
2017-10-12,88.305
2017-10-13,88.32499999999999
2017-10-16,88.375
2017-10-17,88.525
2017-10-18,88.60499999999999
2017-10-19,88.61500000000001
2017-10-20,88.67500000000001
2017-10-23,88.60499999999999
2017-10-24,88.595
2017-10-25,88.35499999999999
2017-10-26,88.225
2017-10-27,88.465
2017-10-30,88.445
2017-10-31,88.475
2017-11-01,88.025
2017-11-02,87.975
2017-11-03,87.975
2017-11-06,87.975
2017-11-07,87.745
2017-11-08,87.375
2017-11-09,86.92500000000001
2017-11-10,87.13499999999999
2017-11-13,87.045
2017-11-14,86.705
2017-11-15,86.685
2017-11-16,87.505
2017-11-17,87.465
2017-11-20,87.485
2017-11-21,87.66499999999999
2017-11-22,87.785
2017-11-24,87.86500000000001
2017-11-27,87.595
2017-11-28,87.875
2017-11-29,87.755
2017-11-30,87.795
2017-12-01,87.35499999999999
2017-12-04,87.33500000000001
2017-12-05,87.315
2017-12-06,87.225
2017-12-07,87.255
2017-12-08,87.345
2017-12-11,87.375
2017-12-12,87.33500000000001
2017-12-13,87.39
2017-12-14,87.185
2017-12-15,87.205
2017-12-18,87.305
2017-12-19,87.13499999999999
2017-12-20,87.195
2017-12-21,86.89500000000001
2017-12-22,87.015
2017-12-26,87.125
2017-12-27,87.17500000000001
2017-12-28,87.13499999999999
2017-12-29,87.235
2018-01-02,87.33500000000001
2018-01-03,87.745
2018-01-04,87.91499999999999
2018-01-05,87.965
2018-01-08,87.945
2018-01-09,87.625
2018-01-10,87.465
2018-01-11,87.735
2018-01-12,87.57499999999999
2018-01-16,87.545
2018-01-17,87.535
2018-01-18,87.465
2018-01-19,87.525
2018-01-22,87.61500000000001
2018-01-23,87.86500000000001
2018-01-24,87.755
2018-01-25,87.705
2018-01-26,87.775
2018-01-29,87.445
2018-01-30,87.16499999999999
2018-01-31,87.35499999999999
2018-02-01,86.765
2018-02-02,86.225
2018-02-05,85.745
2018-02-06,86.275
2018-02-07,85.89500000000001
2018-02-08,85.195
2018-02-09,84.945
2018-02-12,85.525
2018-02-13,85.265
2018-02-14,85.405
2018-02-15,86.08500000000001
2018-02-16,86.505
2018-02-20,86.125
2018-02-21,85.775
2018-02-22,85.815
2018-02-23,86.36500000000001
2018-02-26,86.525
2018-02-27,86.32499999999999
2018-02-28,86.155
2018-03-01,85.625
2018-03-02,85.745
2018-03-05,85.735
2018-03-06,85.875
2018-03-07,85.655
2018-03-08,85.775
2018-03-09,86.08
2018-03-12,85.91499999999999
2018-03-13,85.66499999999999
2018-03-14,85.565
2018-03-15,85.625
2018-03-16,85.795
2018-03-19,85.455
2018-03-20,85.595
2018-03-21,85.67500000000001
2018-03-22,85.155
2018-03-23,84.92500000000001
2018-03-26,85.475
2018-03-27,85.39500000000001
2018-03-28,85.345
2018-03-29,85.61500000000001
2018-04-02,84.985
2018-04-03,85.195
2018-04-04,85.405
2018-04-05,85.455
2018-04-06,85.275
2018-04-09,85.565
2018-04-10,85.905
2018-04-11,85.91499999999999
2018-04-12,86.225
2018-04-13,86.285
2018-04-16,86.42500000000001
2018-04-17,86.475
2018-04-18,86.35499999999999
2018-04-19,86.095
2018-04-20,85.905
2018-04-23,85.66499999999999
2018-04-24,85.475
2018-04-25,85.505
2018-04-26,85.785
2018-04-27,85.765
2018-04-30,85.705
2018-05-01,85.375
2018-05-02,85.36500000000001
2018-05-03,85.35499999999999
2018-05-04,85.42500000000001
2018-05-07,85.485
2018-05-08,85.375
2018-05-09,85.505
2018-05-10,85.755
2018-05-11,85.725
2018-05-14,85.735
2018-05-15,85.345
2018-05-16,85.435
2018-05-17,85.475
2018-05-18,85.38499999999999
2018-05-21,85.515
2018-05-22,85.555
2018-05-23,85.64500000000001
2018-05-24,85.685
2018-05-25,85.545
2018-05-29,85.185
2018-05-30,85.485
2018-05-31,85.38499999999999
2018-06-01,85.185
2018-06-04,85.36500000000001
2018-06-05,85.485
2018-06-06,85.67500000000001
2018-06-07,85.705
2018-06-08,85.66499999999999
2018-06-11,85.805
2018-06-12,85.89500000000001
2018-06-13,85.92500000000001
2018-06-14,86.16499999999999
2018-06-15,86.13499999999999
2018-06-18,86.10499999999999
2018-06-19,85.995
2018-06-20,86.07499999999999
2018-06-21,85.91499999999999
2018-06-22,85.905
2018-06-25,85.725
2018-06-26,85.705
2018-06-27,85.515
2018-06-28,85.295
2018-06-29,85.065
2018-07-02,84.785
2018-07-03,84.775
2018-07-05,85.10499999999999
2018-07-06,85.32499999999999
2018-07-09,85.455
2018-07-10,85.475
2018-07-11,85.35499999999999
2018-07-12,85.625
2018-07-13,85.625
2018-07-16,85.555
2018-07-17,85.595
2018-07-18,85.64500000000001
2018-07-19,85.58500000000001
2018-07-20,85.625
2018-07-23,85.61500000000001
2018-07-24,85.775
2018-07-25,85.92500000000001
2018-07-26,85.945
2018-07-27,85.92500000000001
2018-07-30,85.955
2018-07-31,86.125
2018-08-01,85.83500000000001
2018-08-02,85.86500000000001
2018-08-03,85.935
2018-08-06,86.10499999999999
2018-08-07,86.14500000000001
2018-08-08,86.095
2018-08-09,86.035
2018-08-10,85.89500000000001
2018-08-13,85.805
2018-08-14,85.975
2018-08-15,85.82499999999999
2018-08-16,85.945
2018-08-17,86.025
2018-08-20,86.08500000000001
2018-08-21,86.205
2018-08-22,86.245
2018-08-23,86.225
2018-08-24,86.36500000000001
2018-08-27,86.39500000000001
2018-08-28,86.35499999999999
2018-08-29,86.32499999999999
2018-08-30,86.245
2018-08-31,86.345
2018-09-04,85.82499999999999
2018-09-05,85.735
2018-09-06,85.785
2018-09-07,85.715
2018-09-10,85.875
2018-09-11,85.89500000000001
2018-09-12,86.095
2018-09-13,86.245
2018-09-14,86.345
2018-09-17,86.265
2018-09-18,86.255
2018-09-19,86.10499999999999
2018-09-20,86.185
2018-09-21,86.245
2018-09-24,86.185
2018-09-25,86.13499999999999
2018-09-26,86.205
2018-09-27,86.36500000000001
2018-09-28,86.445
2018-10-01,86.265
2018-10-02,86.215
2018-10-03,85.995
2018-10-04,85.705
2018-10-05,85.315
2018-10-08,85.11500000000001
2018-10-09,85.225
2018-10-10,84.63499999999999
2018-10-11,84.715
2018-10-12,85.17500000000001
2018-10-15,85.065
2018-10-16,85.36500000000001
2018-10-17,85.215
2018-10-18,84.86500000000001
2018-10-19,84.89500000000001
2018-10-22,84.945
2018-10-23,84.85499999999999
2018-10-24,84.445
2018-10-25,84.61500000000001
2018-10-26,84.235
2018-10-29,84.16499999999999
2018-10-30,84.32499999999999
2018-10-31,84.375
2018-11-01,84.35499999999999
2018-11-02,84.275
2018-11-05,84.35499999999999
2018-11-06,84.545
2018-11-07,85.035
2018-11-08,84.86500000000001
2018-11-09,84.32499999999999
2018-11-12,83.85499999999999
2018-11-13,83.705
2018-11-14,83.535
2018-11-15,83.515
2018-11-16,83.245
2018-11-19,83.025
2018-11-20,82.755
2018-11-21,83.14500000000001
2018-11-23,82.725
2018-11-26,83.095
2018-11-27,83.055
2018-11-28,83.745
2018-11-29,83.755
2018-11-30,83.61500000000001
2018-12-03,83.795
2018-12-04,83.265
2018-12-06,83.015
2018-12-07,82.83500000000001
2018-12-10,82.88499999999999
2018-12-11,83.055
2018-12-12,83.315
2018-12-13,83.525
2018-12-14,83.16499999999999
2018-12-17,82.64500000000001
2018-12-18,82.095
2018-12-19,81.32499999999999
2018-12-20,80.625
2018-12-21,80.225
2018-12-24,79.655
2018-12-26,80.965
2018-12-27,80.91499999999999
2018-12-28,81.065
2018-12-31,81.10499999999999
2019-01-02,81.015
2019-01-03,81.015
2019-01-04,82.38499999999999
2019-01-07,83.185
2019-01-08,83.715
2019-01-09,83.83500000000001
2019-01-10,84.185
2019-01-11,83.89500000000001
2019-01-14,83.625
2019-01-15,83.905
2019-01-16,84.045
2019-01-17,84.255
2019-01-18,84.495
2019-01-22,83.945
2019-01-23,84.10499999999999
2019-01-24,84.195
2019-01-25,84.405
2019-01-28,84.285
2019-01-29,84.225
2019-01-30,84.905
2019-01-31,85.08500000000001
2019-02-01,84.67500000000001
2019-02-04,84.89500000000001
2019-02-05,85.185
2019-02-06,85.10499999999999
2019-02-07,84.815
2019-02-08,84.795
2019-02-11,84.82499999999999
2019-02-12,85.245
2019-02-13,85.11500000000001
2019-02-14,85.125
2019-02-15,85.39500000000001
2019-02-19,85.42500000000001
2019-02-20,85.495
2019-02-21,85.42500000000001
2019-02-22,85.58500000000001
2019-02-25,85.64500000000001
2019-02-26,85.765
2019-02-27,85.795
2019-02-28,85.725
2019-03-01,85.60499999999999
2019-03-04,85.475
2019-03-05,85.435
2019-03-06,85.305
2019-03-07,85.235
2019-03-08,85.095
2019-03-11,85.375
2019-03-12,85.525
2019-03-13,85.755
2019-03-14,85.715
2019-03-15,85.775
2019-03-18,85.745
2019-03-19,85.795
2019-03-20,86.16499999999999
2019-03-21,86.11500000000001
2019-03-22,85.83500000000001
2019-03-25,85.815
2019-03-26,86.025
2019-03-27,86.07499999999999
2019-03-28,86.245
2019-03-29,86.455
2019-04-01,86.07499999999999
2019-04-02,86.11500000000001
2019-04-03,86.13499999999999
2019-04-04,86.265
2019-04-05,86.42500000000001
2019-04-08,86.375
2019-04-09,86.32499999999999
2019-04-10,86.695
2019-04-11,86.83500000000001
2019-04-12,86.955
2019-04-15,86.905
2019-04-16,86.83500000000001
2019-04-17,86.64500000000001
2019-04-18,86.685
2019-04-22,86.535
2019-04-23,86.83500000000001
2019-04-24,86.705
2019-04-25,86.755
2019-04-26,86.965
2019-04-29,86.935
2019-04-30,86.945
2019-05-01,86.295
2019-05-02,86.36500000000001
2019-05-03,86.565
2019-05-06,86.58500000000001
2019-05-07,86.095
2019-05-08,86.11500000000001
2019-05-09,85.985
2019-05-10,86.225
2019-05-13,85.445
2019-05-14,85.63499999999999
2019-05-15,85.705
2019-05-16,85.955
2019-05-17,85.935
2019-05-20,85.875
2019-05-21,86.11500000000001
2019-05-22,86.185
2019-05-23,85.785
2019-05-24,85.655
2019-05-28,85.57499999999999
2019-05-29,85.33500000000001
2019-05-30,85.515
2019-05-31,84.91499999999999
2019-06-03,84.655
2019-06-04,85.505
2019-06-05,85.67500000000001
2019-06-06,85.875
2019-06-07,86.11500000000001
2019-06-10,86.235
2019-06-11,86.36500000000001
2019-06-12,86.13499999999999
2019-06-13,86.35499999999999
2019-06-14,86.285
2019-06-17,86.14500000000001
2019-06-18,86.755
2019-06-19,87.14500000000001
2019-06-20,87.595
2019-06-21,87.345
2019-06-24,87.305
2019-06-25,86.955
2019-06-26,86.91499999999999
2019-06-27,87.155
2019-06-28,87.205
2019-07-01,86.83500000000001
2019-07-02,86.995
2019-07-03,87.345
2019-07-05,86.995
2019-07-08,86.82499999999999
2019-07-09,86.745
2019-07-10,86.955
2019-07-11,86.805
2019-07-12,86.91499999999999
2019-07-15,86.995
2019-07-16,86.815
2019-07-17,86.705
2019-07-18,86.745
2019-07-19,86.58500000000001
2019-07-22,86.86500000000001
2019-07-23,87.015
2019-07-24,87.095
2019-07-25,87.005
2019-07-26,87.155
2019-07-29,87.045
2019-07-30,87.07499999999999
2019-07-31,86.945
