DATE,IEF.O
2019-07-31,109.875
2019-07-30,109.595
2019-07-29,109.545
2019-07-26,109.445
2019-07-25,109.445
2019-07-24,109.63499999999999
2019-07-23,109.485
2019-07-22,109.655
2019-07-19,109.62
2019-07-18,109.805
2019-07-17,109.555
2019-07-16,109.025
2019-07-15,109.275
2019-07-12,109.065
2019-07-11,108.945
2019-07-10,109.475
2019-07-09,109.39500000000001
2019-07-08,109.485
2019-07-05,109.60499999999999
2019-07-03,110.295
2019-07-02,110.095
2019-07-01,109.695
2019-06-28,110.025
2019-06-27,109.955
2019-06-26,109.64500000000001
2019-06-25,110.11500000000001
2019-06-24,109.91499999999999
2019-06-21,109.545
2019-06-20,109.985
2019-06-19,109.795
2019-06-18,109.505
2019-06-17,109.305
2019-06-14,109.31
2019-06-13,109.225
2019-06-12,108.965
2019-06-11,108.685
2019-06-10,108.685
2019-06-07,109.215
2019-06-06,108.795
2019-06-05,108.82499999999999
2019-06-04,108.815
2019-06-03,109.205
2019-05-31,108.905
2019-05-30,108.185
2019-05-29,107.795
2019-05-28,107.785
2019-05-24,107.36500000000001
2019-05-23,107.405
2019-05-22,106.745
2019-05-21,106.42500000000001
2019-05-20,106.555
2019-05-17,106.745
2019-05-16,106.695
2019-05-15,106.875
2019-05-14,106.53999999999999
2019-05-13,106.63499999999999
2019-05-10,106.10499999999999
2019-05-09,106.185
2019-05-08,105.91499999999999
2019-05-07,106.125
2019-05-06,105.765
2019-05-03,105.49000000000001
2019-05-02,105.345
2019-05-01,105.655
2019-04-30,105.905
2019-04-29,105.695
2019-04-26,105.88499999999999
2019-04-25,105.63499999999999
2019-04-24,105.715
2019-04-23,105.345
2019-04-22,105.155
2019-04-18,105.32499999999999
2019-04-17,105.07499999999999
2019-04-16,105.055
2019-04-15,105.405
2019-04-12,105.275
2019-04-11,105.765
2019-04-10,105.995
2019-04-09,105.745
2019-04-08,105.565
2019-04-05,105.725
2019-04-04,105.67500000000001
2019-04-03,105.57499999999999
2019-04-02,105.89500000000001
2019-04-01,105.715
2019-03-29,106.67500000000001
2019-03-28,106.845
2019-03-27,106.83500000000001
2019-03-26,106.535
2019-03-25,106.58500000000001
2019-03-22,106.345
2019-03-21,105.555
2019-03-20,105.595
2019-03-19,104.875
2019-03-18,104.955
2019-03-15,105.07499999999999
2019-03-14,104.775
2019-03-13,104.905
2019-03-12,104.91499999999999
2019-03-11,104.63499999999999
2019-03-08,104.745
2019-03-07,104.595
2019-03-06,104.215
2019-03-05,103.955
2019-03-04,103.89500000000001
2019-03-01,103.58500000000001
2019-02-28,104.13
2019-02-27,104.375
2019-02-26,104.735
2019-02-25,104.455
2019-02-22,104.57499999999999
2019-02-21,104.305
2019-02-20,104.61
2019-02-19,104.64500000000001
2019-02-15,104.455
2019-02-14,104.505
2019-02-13,104.06
2019-02-12,104.295
2019-02-11,104.445
2019-02-08,104.625
2019-02-07,104.475
2019-02-06,104.14500000000001
2019-02-05,104.055
2019-02-04,103.88499999999999
2019-02-01,104.11500000000001
2019-01-31,104.85499999999999
2019-01-30,104.36500000000001
2019-01-29,104.155
2019-01-28,103.85499999999999
2019-01-25,103.815
2019-01-24,104.065
2019-01-23,103.755
2019-01-22,103.785
2019-01-18,103.44999999999999
2019-01-17,103.775
2019-01-16,103.94
2019-01-15,104.015
2019-01-14,104.10499999999999
2019-01-11,104.13499999999999
2019-01-10,103.86500000000001
2019-01-09,103.905
2019-01-08,103.86500000000001
2019-01-07,104.10499999999999
2019-01-04,104.39500000000001
2019-01-03,105.235
2019-01-02,104.41
2018-12-31,104.16499999999999
2018-12-28,103.805
2018-12-27,103.235
2018-12-26,102.965
2018-12-24,103.485
2018-12-21,103.195
2018-12-20,103.13499999999999
2018-12-19,103.255
2018-12-18,102.89500000000001
2018-12-17,102.86500000000001
2018-12-14,102.565
2018-12-13,102.38499999999999
2018-12-12,102.345
2018-12-11,102.61500000000001
2018-12-10,102.875
2018-12-07,102.815
2018-12-06,102.515
2018-12-04,102.245
2018-12-03,101.775
2018-11-30,101.775
2018-11-29,101.58500000000001
2018-11-28,101.315
2018-11-27,101.305
2018-11-26,101.215
2018-11-23,101.315
2018-11-21,101.235
2018-11-20,101.265
2018-11-19,101.285
2018-11-16,101.13499999999999
2018-11-15,100.83500000000001
2018-11-14,100.755
2018-11-13,100.535
2018-11-12,100.465
2018-11-09,100.16499999999999
2018-11-08,99.775
2018-11-07,99.91499999999999
2018-11-06,99.935
2018-11-05,100.055
2018-11-02,99.985
2018-11-01,100.515
2018-10-31,100.63499999999999
2018-10-30,100.905
2018-10-29,101.11500000000001
2018-10-26,101.125
2018-10-25,100.67500000000001
2018-10-24,100.92500000000001
2018-10-23,100.375
2018-10-22,100.13499999999999
2018-10-19,100.125
2018-10-18,100.235
2018-10-17,100.065
2018-10-16,100.33500000000001
2018-10-15,100.33500000000001
2018-10-12,100.295
2018-10-11,100.405
2018-10-10,100.015
2018-10-09,99.945
2018-10-08,99.755
2018-10-05,99.745
2018-10-04,99.995
2018-10-03,100.245
2018-10-02,100.955
2018-10-01,100.725
2018-09-28,101.14500000000001
2018-09-27,101.14500000000001
2018-09-26,101.11500000000001
2018-09-25,100.805
2018-09-24,100.88499999999999
2018-09-21,101.005
2018-09-20,100.975
2018-09-19,100.945
2018-09-18,101.13499999999999
2018-09-17,101.555
2018-09-14,101.525
2018-09-13,101.715
2018-09-12,101.725
2018-09-11,101.63499999999999
2018-09-10,101.985
2018-09-07,101.92500000000001
2018-09-06,102.375
2018-09-05,102.16499999999999
2018-09-04,102.195
2018-08-31,102.61500000000001
2018-08-30,102.595
2018-08-29,102.39500000000001
2018-08-28,102.435
2018-08-27,102.66499999999999
2018-08-24,102.88499999999999
2018-08-23,102.85499999999999
2018-08-22,102.875
2018-08-21,102.67500000000001
2018-08-20,102.815
2018-08-17,102.495
2018-08-16,102.455
2018-08-15,102.495
2018-08-14,102.235
2018-08-13,102.345
2018-08-10,102.35499999999999
2018-08-09,101.92500000000001
2018-08-08,101.64500000000001
2018-08-07,101.555
2018-08-06,101.775
2018-08-03,101.705
2018-08-02,101.455
2018-08-01,101.33500000000001
2018-07-31,101.775
2018-07-30,101.66499999999999
2018-07-27,101.755
2018-07-26,101.61500000000001
2018-07-25,101.735
2018-07-24,101.805
2018-07-23,101.735
2018-07-20,102.215
2018-07-19,102.565
2018-07-18,102.295
2018-07-17,102.375
2018-07-16,102.445
2018-07-13,102.60499999999999
2018-07-12,102.435
2018-07-11,102.475
2018-07-10,102.275
2018-07-09,102.345
2018-07-06,102.595
2018-07-05,102.505
2018-07-03,102.485
2018-07-02,102.245
2018-06-29,102.515
2018-06-28,102.60499999999999
2018-06-27,102.695
2018-06-26,102.30000000000001
2018-06-25,102.255
2018-06-22,102.11500000000001
2018-06-21,102.08500000000001
2018-06-20,101.83500000000001
2018-06-19,102.14500000000001
2018-06-18,101.86500000000001
2018-06-15,101.82499999999999
2018-06-14,101.735
2018-06-13,101.445
2018-06-12,101.565
2018-06-11,101.625
2018-06-08,101.695
2018-06-07,101.83500000000001
2018-06-06,101.435
2018-06-05,101.83500000000001
2018-06-04,101.57499999999999
2018-06-01,101.92500000000001
2018-05-31,102.495
2018-05-30,102.555
2018-05-29,102.995
2018-05-25,101.88499999999999
2018-05-24,101.475
2018-05-23,101.225
2018-05-22,100.785
2018-05-21,100.805
2018-05-18,100.755
2018-05-17,100.35499999999999
2018-05-16,100.445
2018-05-15,100.64500000000001
2018-05-14,101.185
2018-05-11,101.39500000000001
2018-05-10,101.38499999999999
2018-05-09,101.185
2018-05-08,101.42500000000001
2018-05-07,101.57499999999999
2018-05-04,101.63499999999999
2018-05-03,101.625
2018-05-02,101.38499999999999
2018-05-01,101.35499999999999
2018-04-30,101.695
2018-04-27,101.595
2018-04-26,101.405
2018-04-25,101.125
2018-04-24,101.35499999999999
2018-04-23,101.475
2018-04-20,101.57499999999999
2018-04-19,101.92500000000001
2018-04-18,102.205
2018-04-17,102.595
2018-04-16,102.525
2018-04-13,102.565
2018-04-12,102.495
2018-04-11,102.86500000000001
2018-04-10,102.755
2018-04-09,102.935
2018-04-06,102.92500000000001
2018-04-05,102.465
2018-04-04,102.725
2018-04-03,102.785
2018-04-02,103.14
2018-03-29,103.17500000000001
2018-03-28,102.965
2018-03-27,102.985
2018-03-26,102.41499999999999
2018-03-23,102.685
2018-03-22,102.565
2018-03-21,102.125
2018-03-20,102.065
2018-03-19,102.275
2018-03-16,102.345
2018-03-15,102.505
2018-03-14,102.525
2018-03-13,102.315
2018-03-12,102.14500000000001
2018-03-09,101.92500000000001
2018-03-08,102.125
2018-03-07,101.945
2018-03-06,101.935
2018-03-05,101.935
2018-03-02,102.065
2018-03-01,102.47
2018-02-28,102.17500000000001
2018-02-27,101.945
2018-02-26,102.235
2018-02-23,102.10499999999999
2018-02-22,101.745
2018-02-21,101.595
2018-02-20,101.91499999999999
2018-02-16,101.995
2018-02-15,101.775
2018-02-14,101.725
2018-02-13,102.35499999999999
2018-02-12,102.185
2018-02-09,102.225
2018-02-08,102.405
2018-02-07,102.305
2018-02-06,102.61500000000001
2018-02-05,103.045
2018-02-02,102.245
2018-02-01,102.595
2018-01-31,103.295
2018-01-30,103.275
2018-01-29,103.505
2018-01-26,103.765
2018-01-25,104.055
2018-01-24,103.845
2018-01-23,104.055
2018-01-22,103.735
2018-01-19,103.785
2018-01-18,104.045
2018-01-17,104.38499999999999
2018-01-16,104.61500000000001
2018-01-12,104.565
2018-01-11,104.64500000000001
2018-01-10,104.57499999999999
2018-01-09,104.60499999999999
2018-01-08,105.095
2018-01-05,105.13499999999999
2018-01-04,105.275
2018-01-03,105.33500000000001
2018-01-02,105.235
2017-12-29,105.565
2017-12-28,105.39500000000001
2017-12-27,105.525
2017-12-26,105.08500000000001
2017-12-22,105.035
2017-12-21,104.995
2017-12-20,105.095
2017-12-19,105.39500000000001
2017-12-18,105.875
2017-12-15,106.10499999999999
2017-12-14,106.14500000000001
2017-12-13,106.17500000000001
2017-12-12,105.755
2017-12-11,105.83500000000001
2017-12-08,105.905
2017-12-07,105.985
2017-12-06,106.16499999999999
2017-12-05,105.965
2017-12-04,105.86500000000001
2017-12-01,105.92500000000001
2017-11-30,105.685
2017-11-29,106.035
2017-11-28,106.36500000000001
2017-11-27,106.35499999999999
2017-11-24,106.275
2017-11-22,106.35499999999999
2017-11-21,106.035
2017-11-20,106.005
2017-11-17,106.185
2017-11-16,106.035
2017-11-15,106.315
2017-11-14,105.94
2017-11-13,105.785
2017-11-10,105.815
2017-11-09,106.375
2017-11-08,106.405
2017-11-07,106.545
2017-11-06,106.505
2017-11-03,106.375
2017-11-02,106.22
2017-11-01,106.045
2017-10-31,106.155
2017-10-30,106.235
2017-10-27,105.82499999999999
2017-10-26,105.525
2017-10-25,105.66499999999999
2017-10-24,105.845
2017-10-23,106.14500000000001
2017-10-20,106.015
2017-10-19,106.505
2017-10-18,106.38499999999999
2017-10-17,106.63499999999999
2017-10-16,106.695
2017-10-13,106.845
2017-10-12,106.505
2017-10-11,106.39500000000001
2017-10-10,106.295
2017-10-09,106.255
2017-10-06,106.125
2017-10-05,106.255
2017-10-04,106.41499999999999
2017-10-03,106.39500000000001
2017-10-02,106.255
2017-09-29,106.515
2017-09-28,106.66499999999999
2017-09-27,106.705
2017-09-26,107.225
2017-09-25,107.315
2017-09-22,107.005
2017-09-21,106.805
2017-09-20,106.92500000000001
2017-09-19,107.14500000000001
2017-09-18,107.245
2017-09-15,107.475
2017-09-14,107.555
2017-09-13,107.535
2017-09-12,107.755
2017-09-11,108.025
2017-09-08,108.63499999999999
2017-09-07,108.685
2017-09-06,108.195
2017-09-05,108.505
2017-09-01,107.75
2017-08-31,108.245
2017-08-30,108.065
2017-08-29,108.13499999999999
2017-08-28,107.89500000000001
2017-08-25,107.795
2017-08-24,107.61500000000001
2017-08-23,107.785
2017-08-22,107.405
2017-08-21,107.64500000000001
2017-08-18,107.565
2017-08-17,107.555
2017-08-16,107.195
2017-08-15,106.955
2017-08-14,107.285
2017-08-11,107.565
2017-08-10,107.435
2017-08-09,107.035
2017-08-08,106.88499999999999
2017-08-07,106.985
2017-08-04,106.91499999999999
2017-08-03,107.225
2017-08-02,106.85499999999999
2017-08-01,106.955
2017-07-31,106.83500000000001
2017-07-28,106.82499999999999
2017-07-27,106.64
2017-07-26,106.805
2017-07-25,106.465
2017-07-24,107.055
2017-07-21,107.155
2017-07-20,106.935
2017-07-19,106.91499999999999
2017-07-18,106.935
2017-07-17,106.545
2017-07-14,106.41499999999999
2017-07-13,106.235
2017-07-12,106.38499999999999
2017-07-11,106.065
2017-07-10,105.92500000000001
2017-07-07,105.795
2017-07-06,105.945
2017-07-05,106.14
2017-07-03,106.08500000000001
2017-06-30,106.61500000000001
2017-06-29,106.89500000000001
2017-06-28,107.265
2017-06-27,107.345
2017-06-26,107.905
2017-06-23,107.805
2017-06-22,107.785
2017-06-21,107.685
2017-06-20,107.695
2017-06-19,107.41499999999999
2017-06-16,107.725
2017-06-15,107.63499999999999
2017-06-14,107.845
2017-06-13,107.265
2017-06-12,107.235
2017-06-09,107.245
2017-06-08,107.345
2017-06-07,107.505
2017-06-06,107.745
2017-06-05,107.405
2017-06-02,107.58500000000001
2017-06-01,107.095
2017-05-31,107.295
2017-05-30,107.245
2017-05-26,106.975
2017-05-25,106.91499999999999
2017-05-24,106.905
2017-05-23,106.63499999999999
2017-05-22,106.92500000000001
2017-05-19,107.035
2017-05-18,107.065
2017-05-17,107.11500000000001
2017-05-16,106.265
2017-05-15,106.10499999999999
2017-05-12,106.195
2017-05-11,105.655
2017-05-10,105.57499999999999
2017-05-09,105.61500000000001
2017-05-08,105.72
2017-05-05,106.005
2017-05-04,105.965
2017-05-03,106.205
2017-05-02,106.435
2017-05-01,106.205
2017-04-28,106.6
2017-04-27,106.495
2017-04-26,106.41499999999999
2017-04-25,106.14500000000001
2017-04-24,106.67500000000001
2017-04-21,106.92500000000001
2017-04-20,106.85499999999999
2017-04-19,107.10499999999999
2017-04-18,107.405
2017-04-17,106.765
2017-04-13,106.89500000000001
2017-04-12,106.615
2017-04-11,106.285
2017-04-10,105.785
2017-04-07,105.61500000000001
2017-04-06,105.945
2017-04-05,106.005
2017-04-04,105.815
2017-04-03,105.97
2017-03-31,105.595
2017-03-30,105.405
2017-03-29,105.695
2017-03-28,105.39500000000001
2017-03-27,105.735
2017-03-24,105.475
2017-03-23,105.405
2017-03-22,105.525
2017-03-21,105.33500000000001
2017-03-20,104.985
2017-03-17,104.735
2017-03-16,104.455
2017-03-15,104.735
2017-03-14,103.83500000000001
2017-03-13,103.715
2017-03-10,103.975
2017-03-09,103.755
2017-03-08,104.055
2017-03-07,104.39500000000001
2017-03-06,104.565
2017-03-03,104.57499999999999
2017-03-02,104.495
2017-03-01,104.75
2017-02-28,105.655
2017-02-27,105.685
2017-02-24,106.07499999999999
2017-02-23,105.57499999999999
2017-02-22,105.305
2017-02-21,105.13499999999999
2017-02-17,105.185
2017-02-16,104.905
2017-02-15,104.485
2017-02-14,104.685
2017-02-13,105.055
2017-02-10,105.235
2017-02-09,105.305
2017-02-08,105.92500000000001
2017-02-07,105.495
2017-02-06,105.295
2017-02-03,104.815
2017-02-02,104.745
2017-02-01,104.705
2017-01-31,105.065
2017-01-30,104.705
2017-01-27,104.725
2017-01-26,104.58500000000001
2017-01-25,104.455
2017-01-24,104.955
2017-01-23,105.375
2017-01-20,104.82499999999999
2017-01-19,104.775
2017-01-18,105.155
2017-01-17,105.92500000000001
2017-01-13,105.38499999999999
2017-01-12,105.625
2017-01-11,105.53999999999999
2017-01-10,105.44999999999999
2017-01-09,105.505
2017-01-06,105.1
2017-01-05,105.57499999999999
2017-01-04,104.9
2017-01-03,104.78999999999999
2016-12-30,104.805
2016-12-29,104.515
2016-12-28,104.195
2016-12-27,103.805
2016-12-23,103.97
2016-12-22,103.83500000000001
2016-12-21,104.08500000000001
2016-12-20,103.905
2016-12-19,104.11
2016-12-16,103.63499999999999
2016-12-15,103.495
2016-12-14,103.785
2016-12-13,104.655
2016-12-12,104.60499999999999
2016-12-09,104.58500000000001
2016-12-08,105.125
2016-12-07,105.535
2016-12-06,105.195
2016-12-05,105.12
2016-12-02,105.16499999999999
2016-12-01,104.705
2016-11-30,105.27000000000001
2016-11-29,105.965
2016-11-28,105.86500000000001
2016-11-25,105.38499999999999
2016-11-23,105.475
2016-11-22,105.85499999999999
2016-11-21,105.755
2016-11-18,105.655
2016-11-17,106.125
2016-11-16,106.60499999999999
2016-11-15,106.485
2016-11-14,106.505
2016-11-11,107.14500000000001
2016-11-10,107.36500000000001
2016-11-09,108.005
2016-11-08,109.67500000000001
2016-11-07,110.055
2016-11-04,110.535
2016-11-03,110.16499999999999
2016-11-02,110.245
2016-11-01,109.92
2016-10-31,110.07499999999999
2016-10-28,109.965
2016-10-27,109.945
2016-10-26,110.36500000000001
2016-10-25,110.57499999999999
2016-10-24,110.57499999999999
2016-10-21,110.735
2016-10-20,110.625
2016-10-19,110.695
2016-10-18,110.64500000000001
2016-10-17,110.46000000000001
2016-10-14,110.205
2016-10-13,110.565
2016-10-12,110.315
2016-10-11,110.315
2016-10-10,110.33500000000001
2016-10-07,110.65
2016-10-06,110.49000000000001
2016-10-05,110.725
2016-10-04,110.965
2016-10-03,111.485
2016-09-30,111.875
2016-09-29,112.17500000000001
2016-09-28,112.08
2016-09-27,112.14500000000001
2016-09-26,111.955
2016-09-23,111.625
2016-09-22,111.565
2016-09-21,111.265
2016-09-20,111.065
2016-09-19,110.91499999999999
2016-09-16,111.08500000000001
2016-09-15,110.965
2016-09-14,110.945
2016-09-13,110.695
2016-09-12,111.1
2016-09-09,111.015
2016-09-08,111.535
2016-09-07,112.08500000000001
2016-09-06,112.015
2016-09-02,111.495
2016-09-01,111.765
2016-08-31,111.775
2016-08-30,111.905
2016-08-29,111.92500000000001
2016-08-26,111.455
2016-08-25,111.89500000000001
2016-08-24,112.065
2016-08-23,112.10499999999999
2016-08-22,112.11500000000001
2016-08-19,111.85499999999999
2016-08-18,112.225
2016-08-17,112.025
2016-08-16,111.86500000000001
2016-08-15,112.045
2016-08-12,112.38499999999999
2016-08-11,111.975
2016-08-10,112.505
2016-08-09,112.225
2016-08-08,111.83500000000001
2016-08-05,111.89500000000001
2016-08-04,112.58500000000001
2016-08-03,112.315
2016-08-02,112.255
2016-08-01,112.53999999999999
2016-07-29,113.08500000000001
2016-07-28,112.61500000000001
2016-07-27,112.57499999999999
2016-07-26,112.11500000000001
2016-07-25,112.025
2016-07-22,112.11500000000001
2016-07-21,112.195
2016-07-20,111.965
2016-07-19,112.195
2016-07-18,111.905
2016-07-15,111.935
2016-07-14,112.35499999999999
2016-07-13,112.82499999999999
2016-07-12,112.525
2016-07-11,113.225
2016-07-08,113.82499999999999
2016-07-07,113.61500000000001
2016-07-06,113.715
2016-07-05,113.725
2016-07-01,113.1
2016-06-30,112.955
2016-06-29,112.735
2016-06-28,113.195
2016-06-27,113.16
2016-06-24,112.195
2016-06-23,110.685
2016-06-22,111.205
2016-06-21,111.005
2016-06-20,111.235
2016-06-17,111.745
2016-06-16,112.065
2016-06-15,111.955
2016-06-14,111.625
2016-06-13,111.67500000000001
2016-06-10,111.42500000000001
2016-06-09,111.065
2016-06-08,110.89500000000001
2016-06-07,110.775
2016-06-06,110.61500000000001
2016-06-03,110.875
2016-06-02,109.875
2016-06-01,109.53999999999999
2016-05-31,109.735
2016-05-27,109.60499999999999
2016-05-26,109.815
2016-05-25,109.455
2016-05-24,109.515
2016-05-23,109.705
2016-05-20,109.63499999999999
2016-05-19,109.565
2016-05-18,109.465
2016-05-17,110.345
2016-05-16,110.475
2016-05-13,110.905
2016-05-12,110.485
2016-05-11,110.745
2016-05-10,110.60499999999999
2016-05-09,110.60499999999999
2016-05-06,110.375
2016-05-05,110.64500000000001
2016-05-04,110.35499999999999
2016-05-03,110.14500000000001
2016-05-02,109.515
2016-04-29,110.005
2016-04-28,110.015
2016-04-27,109.67500000000001
2016-04-26,109.045
2016-04-25,109.28999999999999
2016-04-22,109.435
2016-04-21,109.57499999999999
2016-04-20,109.735
2016-04-19,110.245
2016-04-18,110.445
2016-04-15,110.545
2016-04-14,110.235
2016-04-13,110.485
2016-04-12,110.41499999999999
2016-04-11,110.845
2016-04-08,110.85499999999999
2016-04-07,111.045
2016-04-06,110.485
2016-04-05,110.725
2016-04-04,110.285
2016-04-01,110.155
2016-03-31,110.345
2016-03-30,109.955
2016-03-29,110.07499999999999
2016-03-28,109.33500000000001
2016-03-24,109.205
2016-03-23,109.315
2016-03-22,108.815
2016-03-21,109.025
2016-03-18,109.35499999999999
2016-03-17,109.13499999999999
2016-03-16,109.015
2016-03-15,108.485
2016-03-14,108.455
2016-03-11,108.39500000000001
2016-03-10,108.715
2016-03-09,109.11500000000001
2016-03-08,109.525
2016-03-07,108.91499999999999
2016-03-04,109.14500000000001
2016-03-03,109.465
2016-03-02,109.36500000000001
2016-03-01,109.57
2016-02-29,110.555
2016-02-26,110.39500000000001
2016-02-25,110.92500000000001
2016-02-24,110.595
2016-02-23,110.595
2016-02-22,110.38499999999999
2016-02-19,110.485
2016-02-18,110.495
2016-02-17,109.975
2016-02-16,110.255
2016-02-12,110.595
2016-02-11,111.42500000000001
2016-02-10,110.935
2016-02-09,110.61500000000001
2016-02-08,110.565
2016-02-05,109.745
2016-02-04,109.60499999999999
2016-02-03,109.35499999999999
2016-02-02,109.495
2016-02-01,108.695
2016-01-29,109.095
2016-01-28,108.525
2016-01-27,108.38499999999999
2016-01-26,108.305
2016-01-25,108.225
2016-01-22,107.88
2016-01-21,108.13499999999999
2016-01-20,108.375
2016-01-19,107.86500000000001
2016-01-15,108.015
2016-01-14,107.485
2016-01-13,107.705
2016-01-12,107.265
2016-01-11,106.805
2016-01-08,107.17500000000001
2016-01-07,106.845
2016-01-06,106.64500000000001
2016-01-05,106.015
2016-01-04,106.06
2015-12-31,105.60499999999999
2015-12-30,105.445
2015-12-29,105.42500000000001
2015-12-28,106.0
2015-12-24,105.92500000000001
2015-12-23,105.935
2015-12-22,106.16499999999999
2015-12-21,106.475
2015-12-18,106.41499999999999
2015-12-17,106.055
2015-12-16,105.625
2015-12-15,105.845
2015-12-14,106.195
2015-12-11,106.945
2015-12-10,106.11
2015-12-09,106.32499999999999
2015-12-08,106.195
2015-12-07,106.125
2015-12-04,105.785
2015-12-03,105.405
2015-12-02,106.515
2015-12-01,106.795
2015-11-30,106.405
2015-11-27,106.36500000000001
2015-11-25,106.245
2015-11-24,106.17500000000001
2015-11-23,106.07499999999999
2015-11-20,105.965
2015-11-19,106.095
2015-11-18,105.86500000000001
2015-11-17,105.92500000000001
2015-11-16,105.935
2015-11-13,105.805
2015-11-12,105.445
2015-11-11,105.35499999999999
2015-11-10,105.405
2015-11-09,105.195
2015-11-06,105.38499999999999
2015-11-05,106.10499999999999
2015-11-04,106.16499999999999
2015-11-03,106.285
2015-11-02,106.565
2015-10-30,107.025
2015-10-29,106.815
2015-10-28,107.44999999999999
2015-10-27,108.025
2015-10-26,107.755
2015-10-23,107.485
2015-10-22,108.045
2015-10-21,107.965
2015-10-20,107.625
2015-10-19,107.995
2015-10-16,108.025
2015-10-15,108.125
2015-10-14,108.485
2015-10-13,107.91499999999999
2015-10-12,107.775
2015-10-09,107.435
2015-10-08,107.39500000000001
2015-10-07,107.655
2015-10-06,107.92500000000001
2015-10-05,107.735
2015-10-02,108.295
2015-10-01,107.785
2015-09-30,107.86500000000001
2015-09-29,107.815
2015-09-28,107.465
2015-09-25,106.86500000000001
2015-09-24,107.14500000000001
2015-09-23,106.975
2015-09-22,107.10499999999999
2015-09-21,106.59
2015-09-18,107.17500000000001
2015-09-17,106.67
2015-09-16,105.80000000000001
2015-09-15,105.86
2015-09-14,106.67
2015-09-11,106.57499999999999
2015-09-10,106.275
2015-09-09,106.555
2015-09-08,106.46000000000001
2015-09-04,106.965
2015-09-03,106.63499999999999
2015-09-02,106.37
2015-09-01,106.61500000000001
2015-08-31,106.35499999999999
2015-08-28,106.52000000000001
2015-08-27,106.50999999999999
2015-08-26,106.555
2015-08-25,107.22999999999999
2015-08-24,107.815
2015-08-21,107.61500000000001
2015-08-20,107.225
2015-08-19,106.91499999999999
2015-08-18,106.28999999999999
2015-08-17,106.47
2015-08-14,106.245
2015-08-13,106.35499999999999
2015-08-12,106.67500000000001
2015-08-11,106.715
2015-08-10,105.975
2015-08-07,106.42500000000001
2015-08-06,106.015
2015-08-05,105.65
2015-08-04,106.03
2015-08-03,106.64
2015-07-31,106.465
2015-07-30,105.815
2015-07-29,105.695
2015-07-28,105.86
2015-07-27,106.16
2015-07-24,105.785
2015-07-23,105.685
2015-07-22,105.25999999999999
2015-07-21,105.13
2015-07-20,104.83
2015-07-17,105.075
2015-07-16,105.06
2015-07-15,105.07
2015-07-14,104.68
2015-07-13,104.345
2015-07-10,104.625
2015-07-09,105.38
2015-07-08,106.135
2015-07-07,105.69999999999999
2015-07-06,105.38
2015-07-02,104.66
2015-07-01,104.305
2015-06-30,105.02000000000001
2015-06-29,105.28999999999999
2015-06-26,104.07
2015-06-25,104.58500000000001
2015-06-24,104.83
2015-06-23,104.555
2015-06-22,104.845
2015-06-19,105.735
2015-06-18,105.19999999999999
2015-06-17,105.28999999999999
2015-06-16,105.195
2015-06-15,104.825
2015-06-12,104.565
2015-06-11,104.625
2015-06-10,103.82
2015-06-09,104.205
2015-06-08,104.55000000000001
2015-06-05,104.4
2015-06-04,105.155
2015-06-03,104.66
2015-06-02,105.55000000000001
2015-06-01,106.27000000000001
2015-05-29,106.93
2015-05-28,106.845
2015-05-27,106.78
2015-05-26,106.78999999999999
2015-05-22,106.17500000000001
2015-05-21,106.39500000000001
2015-05-20,105.78
2015-05-19,105.55000000000001
2015-05-18,106.05000000000001
2015-05-15,106.705
2015-05-14,105.975
2015-05-13,105.61
2015-05-12,105.755
2015-05-11,105.68
2015-05-08,106.72999999999999
2015-05-07,106.305
2015-05-06,105.875
2015-05-05,106.39500000000001
2015-05-04,106.565
2015-05-01,106.785
2015-04-30,107.55000000000001
2015-04-29,107.53999999999999
2015-04-28,107.935
2015-04-27,108.485
2015-04-24,108.61
2015-04-23,108.24000000000001
2015-04-22,107.94
2015-04-21,108.56
2015-04-20,108.765
2015-04-17,108.95500000000001
2015-04-16,108.755
2015-04-15,108.67
2015-04-14,108.60499999999999
2015-04-13,108.305
2015-04-10,108.11
2015-04-09,108.12
2015-04-08,108.565
2015-04-07,108.64
2015-04-06,108.555
2015-04-02,108.41
2015-04-01,108.725
2015-03-31,108.38499999999999
2015-03-30,108.10499999999999
2015-03-27,108.11
2015-03-26,107.69
2015-03-25,108.34
2015-03-24,108.755
2015-03-23,108.445
2015-03-20,108.295
2015-03-19,107.86
2015-03-18,108.36
2015-03-17,107.13
2015-03-16,106.91
2015-03-13,106.59
2015-03-12,106.68
2015-03-11,106.62
2015-03-10,106.44999999999999
2015-03-09,105.96000000000001
2015-03-06,105.49000000000001
2015-03-05,106.595
2015-03-04,106.53999999999999
2015-03-03,106.445
2015-03-02,106.68
2015-02-27,107.63499999999999
2015-02-26,107.275
2015-02-25,107.92500000000001
2015-02-24,107.78
2015-02-23,107.07
2015-02-20,106.59
2015-02-19,106.65
2015-02-18,106.905
2015-02-17,106.405
2015-02-13,107.195
2015-02-12,107.52000000000001
2015-02-11,107.485
2015-02-10,107.545
2015-02-09,107.82
2015-02-06,107.87
2015-02-05,109.105
2015-02-04,109.45
2015-02-03,109.31
2015-02-02,110.225
2015-01-30,110.53
2015-01-29,109.595
2015-01-28,109.955
2015-01-27,109.15
2015-01-26,109.015
2015-01-23,109.24000000000001
2015-01-22,108.565
2015-01-21,108.82
2015-01-20,109.32
2015-01-16,109.065
2015-01-15,109.87
2015-01-14,108.94
2015-01-13,108.47
2015-01-12,108.33
2015-01-09,107.965
2015-01-08,107.435
2015-01-07,107.865
2015-01-06,107.895
2015-01-05,107.155
2015-01-02,106.52000000000001
2014-12-31,106.015
2014-12-30,105.87
2014-12-29,105.72999999999999
2014-12-26,105.37
2014-12-24,105.33500000000001
2014-12-23,105.33500000000001
2014-12-22,106.22999999999999
2014-12-19,106.185
2014-12-18,105.845
2014-12-17,106.43
2014-12-16,107.16
2014-12-15,106.63
2014-12-12,106.99000000000001
2014-12-11,106.13499999999999
2014-12-10,106.305
2014-12-09,105.82
2014-12-08,105.455
2014-12-05,105.10499999999999
2014-12-04,105.67500000000001
2014-12-03,105.32
2014-12-02,105.27000000000001
2014-12-01,105.805
2014-11-28,105.75999999999999
2014-11-26,105.75999999999999
2014-11-25,105.60499999999999
2014-11-24,105.31
2014-11-21,105.205
2014-11-20,105.0
2014-11-19,104.83
2014-11-18,105.1
2014-11-17,104.97
2014-11-14,105.09
2014-11-13,104.88
2014-11-12,104.72
2014-11-11,104.755
2014-11-10,104.755
2014-11-07,105.16499999999999
2014-11-06,104.505
2014-11-05,104.805
2014-11-04,104.795
2014-11-03,104.775
2014-10-31,105.025
2014-10-30,105.18
2014-10-29,105.09
2014-10-28,105.41
2014-10-27,105.69
2014-10-24,105.58
2014-10-23,105.5
2014-10-22,105.92
2014-10-21,105.94999999999999
2014-10-20,106.24000000000001
2014-10-17,106.11
2014-10-16,106.385
2014-10-15,106.67
2014-10-14,106.09
2014-10-13,105.88499999999999
2014-10-10,105.315
2014-10-09,104.93
2014-10-08,105.10499999999999
2014-10-07,104.75
2014-10-06,104.13
2014-10-03,103.955
2014-10-02,103.97999999999999
2014-10-01,104.305
2014-09-30,103.61500000000001
2014-09-29,103.71000000000001
2014-09-26,103.37
2014-09-25,103.60499999999999
2014-09-24,103.095
2014-09-23,103.38499999999999
2014-09-22,103.195
2014-09-19,102.94999999999999
2014-09-18,102.57
2014-09-17,102.64
2014-09-16,102.88
2014-09-15,102.905
2014-09-12,102.71000000000001
2014-09-11,103.13
2014-09-10,103.25999999999999
2014-09-09,103.52000000000001
2014-09-08,103.755
2014-09-05,103.87
2014-09-04,103.84
2014-09-03,104.215
2014-09-02,104.055
2014-08-29,104.88499999999999
2014-08-28,104.91
2014-08-27,104.74000000000001
2014-08-26,104.465
2014-08-25,104.47
2014-08-22,104.38
2014-08-21,104.37
2014-08-20,104.17500000000001
2014-08-19,104.485
2014-08-18,104.58500000000001
2014-08-15,104.905
2014-08-14,104.495
2014-08-13,104.285
2014-08-12,103.965
2014-08-11,104.11500000000001
2014-08-08,104.125
2014-08-07,104.22999999999999
2014-08-06,103.75999999999999
2014-08-05,103.67500000000001
2014-08-04,103.62
2014-08-01,103.56
2014-07-31,103.13499999999999
2014-07-30,103.19
2014-07-29,103.93
2014-07-28,103.765
2014-07-25,103.89500000000001
2014-07-24,103.515
2014-07-23,103.905
2014-07-22,103.91
2014-07-21,103.81
2014-07-18,103.75999999999999
2014-07-17,103.985
2014-07-16,103.375
2014-07-15,103.24000000000001
2014-07-14,103.33500000000001
2014-07-11,103.545
2014-07-10,103.37
2014-07-09,103.17
2014-07-08,103.14
2014-07-07,102.67500000000001
2014-07-03,102.435
2014-07-02,102.625
2014-07-01,103.055
2014-06-30,103.6
2014-06-27,103.52000000000001
2014-06-26,103.5
2014-06-25,103.25
2014-06-24,103.115
2014-06-23,102.72
2014-06-20,102.78999999999999
2014-06-19,102.675
2014-06-18,102.91499999999999
2014-06-17,102.38499999999999
2014-06-16,102.82
2014-06-13,102.825
2014-06-12,102.995
2014-06-11,102.58
2014-06-10,102.475
2014-06-09,102.665
2014-06-06,102.805
2014-06-05,102.915
2014-06-04,102.745
2014-06-03,102.83
2014-06-02,103.345
2014-05-30,103.96000000000001
2014-05-29,104.07
2014-05-28,104.19999999999999
2014-05-27,103.63
2014-05-23,103.575
2014-05-22,103.37
2014-05-21,103.475
2014-05-20,103.64
2014-05-19,103.365
2014-05-16,103.47999999999999
2014-05-15,103.68
2014-05-14,103.325
2014-05-13,102.835
2014-05-12,102.47
2014-05-09,102.74000000000001
2014-05-08,102.795
2014-05-07,102.675
2014-05-06,102.61
2014-05-05,102.49000000000001
2014-05-02,102.57
2014-05-01,102.42
2014-04-30,102.315
2014-04-29,102.015
2014-04-28,101.94
2014-04-25,102.12
2014-04-24,101.975
2014-04-23,101.975
2014-04-22,101.71000000000001
2014-04-21,101.775
2014-04-17,101.78999999999999
2014-04-16,102.355
2014-04-15,102.515
2014-04-14,102.39
2014-04-11,102.58
2014-04-10,102.345
2014-04-09,101.935
2014-04-08,101.955
2014-04-07,101.815
2014-04-04,101.56
2014-04-03,100.965
2014-04-02,100.9
2014-04-01,101.30000000000001
2014-03-31,101.74000000000001
2014-03-28,101.735
2014-03-27,102.055
2014-03-26,101.965
2014-03-25,101.53
2014-03-24,101.61500000000001
2014-03-21,101.585
2014-03-20,101.36
2014-03-19,101.38
2014-03-18,102.30000000000001
2014-03-17,102.07
2014-03-14,102.455
2014-03-13,102.43
2014-03-12,101.83500000000001
2014-03-11,101.47
2014-03-10,101.36500000000001
2014-03-07,101.275
2014-03-06,101.71000000000001
2014-03-05,102.11500000000001
2014-03-04,102.03999999999999
2014-03-03,102.805
2014-02-28,102.485
2014-02-27,102.595
2014-02-26,102.43
2014-02-25,102.13
2014-02-24,101.785
2014-02-21,101.885
2014-02-20,101.75
2014-02-19,101.89
2014-02-18,102.07
2014-02-14,101.815
2014-02-13,101.885
2014-02-12,101.4
2014-02-11,101.675
2014-02-10,102.08
2014-02-07,102.03
2014-02-06,101.775
2014-02-05,101.99000000000001
2014-02-04,102.33
2014-02-03,102.635
2014-01-31,102.25999999999999
2014-01-30,101.87
2014-01-29,101.985
2014-01-28,101.49000000000001
2014-01-27,101.335
2014-01-24,101.64
2014-01-23,101.245
2014-01-22,100.58
2014-01-21,100.84
2014-01-17,100.945
2014-01-16,100.735
2014-01-15,100.435
2014-01-14,100.535
2014-01-13,100.895
2014-01-10,100.625
2014-01-09,99.8
2014-01-08,99.545
2014-01-07,99.995
2014-01-06,99.845
2014-01-03,99.565
2014-01-02,99.625
2013-12-31,99.285
2013-12-30,99.67500000000001
2013-12-27,99.44
2013-12-26,99.495
2013-12-24,99.72
2013-12-23,100.12
2013-12-20,100.425
2013-12-19,100.145
2013-12-18,100.535
2013-12-17,100.92
2013-12-16,100.595
2013-12-13,100.63
2013-12-12,100.525
2013-12-11,100.815
2013-12-10,101.185
2013-12-09,100.75999999999999
2013-12-06,100.66
2013-12-05,100.58
2013-12-04,100.82499999999999
2013-12-03,101.25
2013-12-02,101.105
2013-11-29,101.705
2013-11-27,101.75999999999999
2013-11-26,101.97
2013-11-25,101.77000000000001
2013-11-22,101.665
2013-11-21,101.38
2013-11-20,101.325
2013-11-19,101.875
2013-11-18,102.265
2013-11-15,101.895
2013-11-14,101.945
2013-11-13,101.44
2013-11-12,101.07
2013-11-11,101.15
2013-11-08,101.215
2013-11-07,102.32499999999999
2013-11-06,102.03
2013-11-05,101.765
2013-11-04,102.195
2013-11-01,102.03
2013-10-31,102.75999999999999
2013-10-30,102.885
2013-10-29,103.125
2013-10-28,102.99000000000001
2013-10-25,103.085
2013-10-24,102.93
2013-10-23,103.11
2013-10-22,102.94
2013-10-21,102.22999999999999
2013-10-18,102.325
2013-10-17,102.28999999999999
2013-10-16,101.715
2013-10-15,101.215
2013-10-14,101.17500000000001
2013-10-11,101.53
2013-10-10,101.415
2013-10-09,101.6
2013-10-08,101.82
2013-10-07,101.86
2013-10-04,101.715
2013-10-03,102.025
2013-10-02,101.92
2013-10-01,101.74000000000001
2013-09-30,102.09
2013-09-27,101.955
2013-09-26,101.785
2013-09-25,102.00999999999999
2013-09-24,101.72999999999999
2013-09-23,101.355
2013-09-20,101.005
2013-09-19,100.91
2013-09-18,101.21000000000001
2013-09-17,99.985
2013-09-16,99.78999999999999
2013-09-13,99.585
2013-09-12,99.465
2013-09-11,99.43
2013-09-10,98.96000000000001
2013-09-09,99.385
2013-09-06,99.18
2013-09-05,98.61
2013-09-04,99.375
2013-09-03,99.715
2013-08-30,100.43
2013-08-29,100.61500000000001
2013-08-28,100.475
2013-08-27,100.89
2013-08-26,100.355
2013-08-23,100.1
2013-08-22,99.565
2013-08-21,99.635
2013-08-20,100.22999999999999
2013-08-19,99.725
2013-08-16,100.14
2013-08-15,100.53
2013-08-14,101.065
2013-08-13,101.02000000000001
2013-08-12,101.89
2013-08-09,102.10499999999999
2013-08-08,102.025
2013-08-07,101.88499999999999
2013-08-06,101.55
2013-08-05,101.53999999999999
2013-08-02,101.805
2013-08-01,100.95500000000001
2013-07-31,101.995
2013-07-30,101.9
2013-07-29,102.0
2013-07-26,102.15
2013-07-25,102.065
2013-07-24,101.94
2013-07-23,102.57
2013-07-22,102.745
2013-07-19,102.74000000000001
2013-07-18,102.215
2013-07-17,102.635
2013-07-16,102.24000000000001
2013-07-15,102.14
2013-07-12,101.815
2013-07-11,101.915
2013-07-10,100.905
2013-07-09,101.265
2013-07-08,101.10499999999999
2013-07-05,100.50999999999999
2013-07-03,102.25
2013-07-02,102.465
2013-07-01,102.465
2013-06-28,102.455
2013-06-27,102.6
2013-06-26,102.025
2013-06-25,101.64500000000001
2013-06-24,101.765
2013-06-21,102.09
2013-06-20,103.10499999999999
2013-06-19,103.63499999999999
2013-06-18,105.025
2013-06-17,105.11
2013-06-14,105.35
2013-06-13,105.10499999999999
2013-06-12,104.435
2013-06-11,104.87
2013-06-10,104.65
2013-06-07,104.905
2013-06-06,105.685
2013-06-05,105.57499999999999
2013-06-04,105.08500000000001
2013-06-03,105.31
2013-05-31,105.38499999999999
2013-05-30,105.58500000000001
2013-05-29,105.59
2013-05-28,105.215
2013-05-24,106.395
2013-05-23,106.375
2013-05-22,106.29499999999999
2013-05-21,107.11
2013-05-20,106.85
2013-05-17,106.935
2013-05-16,107.485
2013-05-15,106.975
2013-05-14,106.735
2013-05-13,107.10499999999999
2013-05-10,107.325
2013-05-09,107.91
2013-05-08,107.925
2013-05-07,107.85499999999999
2013-05-06,107.97999999999999
2013-05-03,108.13499999999999
2013-05-02,109.035
2013-05-01,109.03999999999999
2013-04-30,108.815
2013-04-29,108.85499999999999
2013-04-26,108.87
2013-04-25,108.515
2013-04-24,108.61500000000001
2013-04-23,108.56
2013-04-22,108.625
2013-04-19,108.555
2013-04-18,108.64500000000001
2013-04-17,108.595
2013-04-16,108.35499999999999
2013-04-15,108.64500000000001
2013-04-12,108.42
2013-04-11,107.855
2013-04-10,107.75
2013-04-09,108.195
2013-04-08,108.17
2013-04-05,108.475
2013-04-04,108.10499999999999
2013-04-03,107.7
2013-04-02,107.275
2013-04-01,107.465
2013-03-28,107.32499999999999
2013-03-27,107.515
2013-03-26,107.065
2013-03-25,106.945
2013-03-22,106.89
2013-03-21,106.82499999999999
2013-03-20,106.575
2013-03-19,106.96000000000001
2013-03-18,106.645
2013-03-15,106.285
2013-03-14,105.915
2013-03-13,105.92
2013-03-12,105.97
2013-03-11,105.685
2013-03-08,105.685
2013-03-07,106.21000000000001
2013-03-06,106.625
2013-03-05,106.955
2013-03-04,107.08
2013-03-01,107.27
2013-02-28,107.15
2013-02-27,107.02000000000001
2013-02-26,107.07
2013-02-25,107.22999999999999
2013-02-22,106.425
2013-02-21,106.295
2013-02-20,106.085
2013-02-19,105.885
2013-02-15,106.04499999999999
2013-02-14,106.135
2013-02-13,105.715
2013-02-12,106.065
2013-02-11,106.19
2013-02-08,106.265
2013-02-07,106.20500000000001
2013-02-06,106.16
2013-02-05,105.85
2013-02-04,106.18
2013-02-01,105.57499999999999
2013-01-31,106.07499999999999
2013-01-30,105.985
2013-01-29,105.97
2013-01-28,106.13499999999999
2013-01-25,106.345
2013-01-24,107.055
2013-01-23,107.205
2013-01-22,107.155
2013-01-18,107.065
2013-01-17,106.80000000000001
2013-01-16,107.255
2013-01-15,107.105
2013-01-14,106.885
2013-01-11,106.88499999999999
2013-01-10,106.585
2013-01-09,106.87
2013-01-08,106.805
2013-01-07,106.53
2013-01-04,106.495
2013-01-03,106.475
2013-01-02,107.00999999999999
2012-12-31,107.39
2012-12-28,108.005
2012-12-27,107.79499999999999
2012-12-26,107.58
2012-12-24,107.53999999999999
2012-12-21,107.64
2012-12-20,107.32
2012-12-19,107.28
2012-12-18,107.12
2012-12-17,107.54499999999999
2012-12-14,108.075
2012-12-13,107.875
2012-12-12,108.09
2012-12-11,108.515
2012-12-10,108.78
2012-12-07,108.66999999999999
2012-12-06,108.98
2012-12-05,108.91499999999999
2012-12-04,108.78
2012-12-03,108.62
2012-11-30,108.82
2012-11-29,108.795
2012-11-28,108.685
2012-11-27,108.53999999999999
2012-11-26,108.32
2012-11-23,108.13
2012-11-21,108.2
2012-11-20,108.36500000000001
2012-11-19,108.78
2012-11-16,109.015
2012-11-15,108.935
2012-11-14,108.985
2012-11-13,108.935
2012-11-12,108.87
2012-11-09,108.76
2012-11-08,108.76
2012-11-07,108.25
2012-11-06,107.375
2012-11-05,107.875
2012-11-02,107.61
2012-11-01,107.555
2012-10-31,107.86500000000001
2012-10-26,107.45500000000001
2012-10-25,106.79499999999999
2012-10-24,107.17
2012-10-23,107.37
2012-10-22,106.91499999999999
2012-10-19,107.25
2012-10-18,106.82
2012-10-17,106.97999999999999
2012-10-16,107.68
2012-10-15,108.15
2012-10-12,108.16999999999999
2012-10-11,108.11500000000001
2012-10-10,108.015
2012-10-09,107.745
2012-10-08,107.98500000000001
2012-10-05,108.47999999999999
2012-10-04,108.135
2012-10-03,109.5
2012-10-02,
2012-10-01,109.16499999999999
2012-09-28,108.495
2012-09-27,109.77
2012-09-26,108.405
2012-09-25,108.17
2012-09-24,109.49000000000001
2012-09-21,109.49000000000001
2012-09-20,
2012-09-19,106.565
2012-09-18,107.065
2012-09-17,
2012-09-14,106.35
2012-09-13,107.57
2012-09-12,107.295
2012-09-11,107.765
2012-09-10,107.825
2012-09-07,107.995
2012-09-06,
2012-09-05,108.525
2012-09-04,108.86500000000001
2012-08-31,108.955
2012-08-30,108.305
2012-08-29,108.07499999999999
2012-08-28,108.195
2012-08-27,108.085
2012-08-24,107.8
2012-08-23,107.895
2012-08-22,107.66499999999999
2012-08-21,106.875
2012-08-20,106.815
2012-08-17,107.225
2012-08-16,105.44
2012-08-15,106.83
2012-08-14,107.435
2012-08-13,107.72999999999999
2012-08-10,108.11
2012-08-09,108.53999999999999
2012-08-08,107.745
2012-08-07,107.625
2012-08-06,108.47
2012-08-03,108.235
2012-08-02,109.3
2012-08-01,110.775
2012-07-31,109.285
2012-07-30,109.38
2012-07-27,109.75999999999999
2012-07-26,109.60499999999999
2012-07-25,109.83500000000001
2012-07-24,109.685
2012-07-23,109.595
2012-07-20,109.425
2012-07-19,109.13499999999999
2012-07-18,109.39500000000001
2012-07-17,109.055
2012-07-16,109.305
2012-07-13,109.1
2012-07-12,109.16499999999999
2012-07-11,108.935
2012-07-10,108.97
2012-07-09,108.945
2012-07-06,108.57
2012-07-05,108.08500000000001
2012-07-03,
2012-07-02,108.255
2012-06-29,109.97
2012-06-28,110.285
2012-06-27,107.91499999999999
2012-06-26,107.85
2012-06-25,107.925
2012-06-22,107.11500000000001
2012-06-21,108.17500000000001
2012-06-20,107.87
2012-06-19,108.13
2012-06-18,108.16499999999999
2012-06-15,108.435
2012-06-14,107.67
2012-06-13,108.205
2012-06-12,107.945
2012-06-11,108.205
2012-06-08,108.03999999999999
2012-06-07,107.88499999999999
2012-06-06,107.66
2012-06-05,108.56
2012-06-04,108.725
2012-06-01,109.305
2012-05-31,108.36500000000001
2012-05-30,108.17
2012-05-29,107.095
2012-05-25,107.145
2012-05-24,107.075
2012-05-23,106.39
2012-05-22,106.5
2012-05-21,107.10499999999999
2012-05-18,107.36
2012-05-17,107.41499999999999
2012-05-16,106.86500000000001
2012-05-15,107.13
2012-05-14,106.89
2012-05-11,106.42
2012-05-10,105.77000000000001
2012-05-09,106.07
2012-05-08,106.025
2012-05-07,103.325
2012-05-04,105.255
2012-05-03,104.425
2012-05-02,105.565
2012-05-01,105.245
2012-04-30,105.85
2012-04-27,105.81
2012-04-26,105.475
2012-04-25,105.155
2012-04-24,105.47
2012-04-23,105.69
2012-04-20,105.325
2012-04-19,105.325
2012-04-18,105.155
2012-04-17,102.82
2012-04-16,103.02000000000001
2012-04-13,102.91
2012-04-12,104.48500000000001
2012-04-11,104.66
2012-04-10,
2012-04-09,104.60499999999999
2012-04-05,103.535
2012-04-04,103.06
2012-04-03,102.66499999999999
2012-04-02,103.35499999999999
2012-03-30,105.475
2012-03-29,103.735
2012-03-28,103.375
2012-03-27,103.54499999999999
2012-03-26,103.005
2012-03-23,103.08000000000001
2012-03-22,102.735
2012-03-21,102.575
2012-03-20,102.035
2012-03-19,101.92500000000001
2012-03-16,102.39
2012-03-15,102.465
2012-03-14,102.685
2012-03-13,106.935
2012-03-12,104.645
2012-03-09,104.67500000000001
2012-03-08,105.10499999999999
2012-03-07,105.095
2012-03-06,105.27
2012-03-05,104.805
2012-03-02,105.3
2012-03-01,104.69
2012-02-29,105.21000000000001
2012-02-28,105.53
2012-02-27,105.50999999999999
2012-02-24,105.13499999999999
2012-02-23,105.325
2012-02-22,104.74
2012-02-21,104.38499999999999
2012-02-17,104.91
2012-02-16,104.77000000000001
2012-02-15,105.41
2012-02-14,105.36500000000001
2012-02-13,105.13
2012-02-10,105.125
2012-02-09,104.68
2012-02-08,104.815
2012-02-07,104.975
2012-02-06,105.52
2012-02-03,105.41499999999999
2012-02-02,106.045
2012-02-01,106.285
2012-01-31,109.155
2012-01-30,106.075
2012-01-27,105.68
2012-01-26,105.055
2012-01-25,105.1
2012-01-24,104.53999999999999
2012-01-23,104.22999999999999
2012-01-20,104.50999999999999
2012-01-19,104.75999999999999
2012-01-18,105.16
2012-01-17,105.78999999999999
2012-01-13,106.0
2012-01-12,104.63499999999999
2012-01-11,105.41499999999999
2012-01-10,104.63
2012-01-09,104.995
2012-01-06,105.125
2012-01-05,104.58500000000001
2012-01-04,104.595
2012-01-03,104.905
2011-12-30,105.245
2011-12-29,104.955
2011-12-28,105.07
2011-12-27,104.405
2011-12-23,104.55
2011-12-22,105.235
2011-12-21,104.905
2011-12-20,105.215
2011-12-19,106.09
2011-12-16,105.79
2011-12-15,105.315
2011-12-14,105.675
2011-12-13,104.505
2011-12-12,104.425
2011-12-09,104.285
2011-12-08,104.705
2011-12-07,104.42500000000001
2011-12-06,104.075
2011-12-05,104.10499999999999
2011-12-02,104.16
2011-12-01,103.35
2011-11-30,103.97
2011-11-29,104.46000000000001
2011-11-28,104.555
2011-11-25,104.75
2011-11-23,106.16499999999999
2011-11-22,104.82
2011-11-21,104.685
2011-11-18,104.53999999999999
2011-11-17,104.795
2011-11-16,104.18
2011-11-15,103.99000000000001
2011-11-14,104.315
2011-11-11,104.495
2011-11-10,103.92500000000001
2011-11-09,104.465
2011-11-08,103.785
2011-11-07,104.005
2011-11-04,104.085
2011-11-03,103.905
2011-11-02,104.315
2011-11-01,104.55000000000001
2011-10-31,104.13
2011-10-28,102.095
2011-10-27,101.965
2011-10-26,102.39
2011-10-25,103.14500000000001
2011-10-24,102.58500000000001
2011-10-21,102.39500000000001
2011-10-20,103.41499999999999
2011-10-19,101.0
2011-10-18,102.63499999999999
2011-10-17,103.46000000000001
2011-10-14,102.85499999999999
2011-10-13,103.28999999999999
2011-10-12,104.755
2011-10-11,104.91499999999999
2011-10-10,104.58500000000001
2011-10-07,102.775
2011-10-06,103.78999999999999
2011-10-05,105.32
2011-10-04,105.52
2011-10-03,105.41
2011-09-30,105.39
2011-09-29,103.94
2011-09-28,104.41499999999999
2011-09-27,104.46000000000001
2011-09-26,105.02
2011-09-23,105.85
2011-09-22,106.72
2011-09-21,104.785
2011-09-20,104.58500000000001
2011-09-19,104.465
2011-09-16,104.30000000000001
2011-09-15,103.905
2011-09-14,104.405
2011-09-13,104.25999999999999
2011-09-12,105.10499999999999
2011-09-09,105.13999999999999
2011-09-08,104.97999999999999
2011-09-07,108.345
2011-09-06,104.71000000000001
2011-09-02,104.28
2011-09-01,103.375
2011-08-31,103.33
2011-08-30,103.7
2011-08-29,103.035
2011-08-26,103.325
2011-08-25,
2011-08-24,102.405
2011-08-23,104.61500000000001
2011-08-22,103.925
2011-08-19,104.05
2011-08-18,103.63
2011-08-17,103.66
2011-08-16,102.8
2011-08-15,102.25
2011-08-12,102.32
2011-08-11,101.755
2011-08-10,102.625
2011-08-09,100.995
2011-08-08,101.565
2011-08-05,100.675
2011-08-04,101.53
2011-08-03,100.36
2011-08-02,100.64
2011-08-01,98.60499999999999
2011-07-29,98.545
2011-07-28,98.22999999999999
2011-07-27,96.985
2011-07-26,97.75999999999999
2011-07-25,97.09
2011-07-22,96.97
2011-07-21,97.17
2011-07-20,97.235
2011-07-19,97.945
2011-07-18,97.455
2011-07-15,97.435
2011-07-14,97.425
2011-07-13,97.605
2011-07-12,97.725
2011-07-11,97.38499999999999
2011-07-08,95.91
2011-07-07,96.05
2011-07-06,96.08000000000001
2011-07-05,95.75
2011-07-01,95.225
2011-06-30,95.89500000000001
2011-06-29,96.24000000000001
2011-06-28,96.795
2011-06-27,97.345
2011-06-24,97.66
2011-06-23,97.655
2011-06-22,97.455
2011-06-21,96.81
2011-06-20,97.31
2011-06-17,97.02
2011-06-16,97.22999999999999
2011-06-15,97.09
2011-06-14,96.235
2011-06-13,97.07499999999999
2011-06-10,97.175
2011-06-09,96.65
2011-06-08,97.275
2011-06-07,97.36
2011-06-06,96.94
2011-06-03,96.51
2011-06-02,96.42
2011-06-01,96.785
2011-05-31,96.25
2011-05-27,105.645
2011-05-26,96.375
2011-05-25,95.595
2011-05-24,95.72
2011-05-23,96.10499999999999
2011-05-20,95.255
2011-05-19,95.28
2011-05-18,95.38
2011-05-17,95.845
2011-05-16,95.905
2011-05-13,95.33500000000001
2011-05-12,95.10499999999999
2011-05-11,95.22
2011-05-10,94.79499999999999
2011-05-09,95.22999999999999
2011-05-06,95.195
2011-05-05,95.245
2011-05-04,94.63499999999999
2011-05-03,94.39
2011-05-02,94.275
2011-04-29,94.5
2011-04-28,94.16
2011-04-27,93.88
2011-04-26,94.17
2011-04-25,93.78
2011-04-21,93.275
2011-04-20,93.41
2011-04-19,93.725
2011-04-18,93.625
2011-04-15,93.34
2011-04-14,92.78
2011-04-13,93.105
2011-04-12,92.755
2011-04-11,92.09
2011-04-08,92.08
2011-04-07,92.305
2011-04-06,92.27000000000001
2011-04-05,92.685
2011-04-04,93.155
2011-04-01,92.92
2011-03-31,93.06
2011-03-30,93.22
2011-03-29,92.87
2011-03-28,93.24000000000001
2011-03-25,93.245
2011-03-24,93.49
2011-03-23,93.9
2011-03-22,94.015
2011-03-21,94.015
2011-03-18,94.425
2011-03-17,94.49
2011-03-16,94.86
2011-03-15,94.065
2011-03-14,93.74000000000001
2011-03-11,93.425
2011-03-10,93.67
2011-03-09,92.94999999999999
2011-03-08,92.39
2011-03-07,92.58000000000001
2011-03-04,92.75
2011-03-03,92.23
2011-03-02,92.825
2011-03-01,93.275
2011-02-28,93.38
2011-02-25,93.445
2011-02-24,93.09
2011-02-23,92.88999999999999
2011-02-22,93.04499999999999
2011-02-18,92.175
2011-02-17,92.195
2011-02-16,91.83
2011-02-15,92.01499999999999
2011-02-14,91.87
2011-02-11,91.81
2011-02-10,91.32
2011-02-09,91.66
2011-02-08,91.11
2011-02-07,91.8
2011-02-04,91.82
2011-02-03,92.405
2011-02-02,92.935
2011-02-01,93.255
2011-01-31,93.88
2011-01-28,94.13
2011-01-27,93.71000000000001
2011-01-26,93.47
2011-01-25,94.02
2011-01-24,93.50999999999999
2011-01-21,93.38
2011-01-20,93.075
2011-01-19,93.88
2011-01-18,93.63
2011-01-14,93.955
2011-01-13,94.08500000000001
2011-01-12,93.595
2011-01-11,93.765
2011-01-10,94.125
2011-01-07,93.83500000000001
2011-01-06,93.215
2011-01-05,92.75
2011-01-04,93.63499999999999
2011-01-03,93.635
2010-12-31,93.94
2010-12-30,93.385
2010-12-29,93.49000000000001
2010-12-28,92.475
2010-12-27,93.825
2010-12-23,92.945
2010-12-22,93.705
2010-12-21,93.99
2010-12-20,93.755
2010-12-17,93.675
2010-12-16,92.975
2010-12-15,92.265
2010-12-14,92.655
2010-12-13,93.9
2010-12-10,93.5
2010-12-09,94.2
2010-12-08,93.93
2010-12-07,94.91999999999999
2010-12-06,96.485
2010-12-03,95.99000000000001
2010-12-02,95.925
2010-12-01,96.205
2010-11-30,97.69
2010-11-29,97.5
2010-11-26,98.595
2010-11-24,96.89500000000001
2010-11-23,97.83
2010-11-22,97.66
2010-11-19,97.12
2010-11-18,97.0
2010-11-17,97.245
2010-11-16,97.465
2010-11-15,96.61000000000001
2010-11-12,97.995
2010-11-11,98.78999999999999
2010-11-10,98.78999999999999
2010-11-09,98.645
2010-11-08,99.37
2010-11-05,99.475
2010-11-04,99.78
2010-11-03,98.93
2010-11-02,98.685
2010-11-01,98.38
2010-10-29,98.79499999999999
2010-10-28,98.28
2010-10-27,97.77
2010-10-26,98.375
2010-10-25,98.995
2010-10-22,99.005
2010-10-21,99.13
2010-10-20,99.67
2010-10-19,99.6
2010-10-18,94.88
2010-10-15,98.81
2010-10-14,99.17500000000001
2010-10-13,99.805
2010-10-12,99.705
2010-10-11,100.075
2010-10-08,99.9
2010-10-07,99.97
2010-10-06,99.83
2010-10-05,99.245
2010-10-04,99.11
2010-10-01,98.885
2010-09-30,99.08000000000001
2010-09-29,99.325
2010-09-28,99.355
2010-09-27,98.945
2010-09-24,98.305
2010-09-23,98.69999999999999
2010-09-22,98.61
2010-09-21,98.47
2010-09-20,97.53999999999999
2010-09-17,97.265
2010-09-16,97.19999999999999
2010-09-15,97.39500000000001
2010-09-14,97.69
2010-09-13,97.15
2010-09-10,96.805
2010-09-09,97.05
2010-09-08,97.82
2010-09-07,98.12
2010-09-03,97.28999999999999
2010-09-02,97.925
2010-09-01,98.285
2010-08-31,99.325
2010-08-30,98.78
2010-08-27,98.05
2010-08-26,99.19
2010-08-25,98.78
2010-08-24,99.21000000000001
2010-08-23,98.405
2010-08-20,98.28999999999999
2010-08-19,98.275
2010-08-18,98.22
2010-08-17,98.28999999999999
2010-08-16,98.79499999999999
2010-08-13,98.065
2010-08-12,97.625
2010-08-11,97.85
2010-08-10,97.295
2010-08-09,96.775
2010-08-06,96.88
2010-08-05,96.225
2010-08-04,95.8
2010-08-03,96.195
2010-08-02,95.715
2010-07-30,96.32
2010-07-29,95.77
2010-07-28,95.595
2010-07-27,95.13499999999999
2010-07-26,95.525
2010-07-23,95.435
2010-07-22,95.91
2010-07-21,96.3
2010-07-20,95.70500000000001
2010-07-19,95.575
2010-07-16,95.875
2010-07-15,95.32
2010-07-14,94.88499999999999
2010-07-13,94.325
2010-07-12,94.725
2010-07-09,94.75
2010-07-08,94.78999999999999
2010-07-07,95.175
2010-07-06,95.48
2010-07-02,95.565
2010-07-01,95.33
2010-06-30,95.67500000000001
2010-06-29,95.53999999999999
2010-06-28,95.14500000000001
2010-06-25,94.3
2010-06-24,94.275
2010-06-23,94.315
2010-06-22,94.045
2010-06-21,95.475
2010-06-18,93.53999999999999
2010-06-17,93.74000000000001
2010-06-16,93.28
2010-06-15,93.025
2010-06-14,93.275
2010-06-11,93.42500000000001
2010-06-10,92.81
2010-06-09,93.75
2010-06-08,93.64500000000001
2010-06-07,93.975
2010-06-04,93.53
2010-06-03,92.33500000000001
2010-06-02,92.41
2010-06-01,92.99
2010-05-28,92.33
2010-05-27,92.685
2010-05-26,93.625
2010-05-25,93.8
2010-05-24,93.555
2010-05-21,93.41
2010-05-20,93.47
2010-05-19,92.44
2010-05-18,92.525
2010-05-17,91.73
2010-05-14,91.9
2010-05-13,91.31
2010-05-12,91.11
2010-05-11,91.35
2010-05-10,91.24000000000001
2010-05-07,91.975
2010-05-06,91.87
2010-05-05,91.11000000000001
2010-05-04,
2010-05-03,90.2
2010-04-30,90.725
2010-04-29,90.205
2010-04-28,90.22
2010-04-27,90.465
2010-04-26,89.635
2010-04-23,89.575
2010-04-22,89.86500000000001
2010-04-21,90.045
2010-04-20,89.72999999999999
2010-04-19,89.67
2010-04-16,89.92
2010-04-15,89.5
2010-04-14,89.19
2010-04-13,89.47
2010-04-12,89.31
2010-04-09,89.07
2010-04-08,88.975
2010-04-07,89.13
2010-04-06,88.525
2010-04-05,88.27
2010-04-01,89.93
2010-03-31,89.475
2010-03-30,89.315
2010-03-29,89.235
2010-03-26,89.27000000000001
2010-03-25,89.08500000000001
2010-03-24,89.325
2010-03-23,90.37
2010-03-22,90.5
2010-03-19,90.22
2010-03-18,90.32
2010-03-17,90.6
2010-03-16,90.505
2010-03-15,90.20500000000001
2010-03-12,90.145
2010-03-11,90.03999999999999
2010-03-10,90.03
2010-03-09,90.2
2010-03-08,89.995
2010-03-05,90.39
2010-03-04,90.68
2010-03-03,90.555
2010-03-02,90.595
2010-03-01,90.53999999999999
2010-02-26,90.72999999999999
2010-02-25,90.58
2010-02-24,90.41
2010-02-23,89.92
2010-02-22,89.44999999999999
2010-02-19,89.545
2010-02-18,89.525
2010-02-17,89.82
2010-02-16,90.28999999999999
2010-02-12,90.13
2010-02-11,89.92500000000001
2010-02-10,90.035
2010-02-09,90.535
2010-02-08,90.86
2010-02-05,90.865
2010-02-04,90.41
2010-02-03,89.745
2010-02-02,90.22
2010-02-01,89.985
2010-01-29,90.795
2010-01-28,90.33000000000001
2010-01-27,90.305
2010-01-26,90.63
2010-01-25,90.4
2010-01-22,90.615
2010-01-21,90.61
2010-01-20,90.18
2010-01-19,89.935
2010-01-15,89.83
2010-01-14,89.6
2010-01-13,89.295
2010-01-12,89.66499999999999
2010-01-11,89.035
2010-01-08,88.86
2010-01-07,88.85
2010-01-06,88.88499999999999
2010-01-05,89.22
2010-01-04,88.85
2009-12-31,88.765
2009-12-30,89.06
2009-12-29,88.62
2009-12-28,89.015
2009-12-24,89.09
2009-12-23,89.38499999999999
2009-12-22,89.375
2009-12-21,89.86
2009-12-18,90.71000000000001
2009-12-17,91.14500000000001
2009-12-16,90.325
2009-12-15,90.34
2009-12-14,90.655
2009-12-11,90.6
2009-12-10,91.00999999999999
2009-12-09,91.465
2009-12-08,91.625
2009-12-07,91.28999999999999
2009-12-04,91.015
2009-12-03,91.755
2009-12-02,92.1
2009-12-01,92.36500000000001
2009-11-30,93.05
2009-11-27,
2009-11-25,
2009-11-24,92.22
2009-11-23,91.755
2009-11-20,91.775
2009-11-19,91.88
2009-11-18,91.715
2009-11-17,91.945
2009-11-16,91.755
2009-11-13,91.28
2009-11-12,91.15
2009-11-11,91.195
2009-11-10,90.91
2009-11-09,90.85
2009-11-06,90.805
2009-11-05,90.525
2009-11-04,90.475
2009-11-03,90.755
2009-11-02,91.07
2009-10-30,91.98
2009-10-29,91.25
2009-10-28,91.68
2009-10-27,91.49
2009-10-26,90.725
2009-10-23,91.36
2009-10-22,91.62
2009-10-21,91.805
2009-10-20,92.13
2009-10-19,91.85499999999999
2009-10-16,
2009-10-15,91.3
2009-10-14,91.63
2009-10-13,92.08500000000001
2009-10-12,
2009-10-09,91.725
2009-10-08,92.62
2009-10-07,93.09
2009-10-06,92.535
2009-10-05,
2009-10-02,
2009-10-01,92.94
2009-09-30,92.285
2009-09-29,93.16
2009-09-28,93.58500000000001
2009-09-25,93.58500000000001
2009-09-24,92.09
2009-09-23,91.62
2009-09-22,91.29
2009-09-21,91.10499999999999
2009-09-18,91.125
2009-09-17,91.62
2009-09-16,91.14500000000001
2009-09-15,91.34
2009-09-14,91.46
2009-09-11,91.945
2009-09-10,91.83
2009-09-09,91.07
2009-09-08,90.975
2009-09-04,91.305
2009-09-03,91.83500000000001
2009-09-02,92.11500000000001
2009-09-01,91.49000000000001
2009-08-31,91.61
2009-08-28,91.14
2009-08-27,91.16499999999999
2009-08-26,91.345
2009-08-25,91.28999999999999
2009-08-24,90.905
2009-08-21,90.52000000000001
2009-08-20,91.435
2009-08-19,91.21000000000001
2009-08-18,90.84
2009-08-17,91.14
2009-08-14,90.5
2009-08-13,90.245
2009-08-12,90.33500000000001
2009-08-11,90.14
2009-08-10,89.13499999999999
2009-08-07,88.625
2009-08-06,89.205
2009-08-05,90.19
2009-08-04,89.58
2009-08-03,89.92
2009-07-31,91.17
2009-07-30,90.275
2009-07-29,89.58500000000001
2009-07-28,89.885
2009-07-27,89.625
2009-07-24,91.74000000000001
2009-07-23,90.15
2009-07-22,90.785
2009-07-21,91.16999999999999
2009-07-20,92.095
2009-07-17,90.225
2009-07-16,90.65
2009-07-15,90.205
2009-07-14,92.505
2009-07-13,91.795
2009-07-10,92.17
2009-07-09,91.39500000000001
2009-07-08,93.065
2009-07-07,91.01499999999999
2009-07-06,90.66999999999999
2009-07-02,90.70500000000001
2009-07-01,90.28999999999999
2009-06-30,90.59
2009-06-29,92.47
2009-06-26,90.59
2009-06-25,91.25
2009-06-24,89.50999999999999
2009-06-23,89.885
2009-06-22,89.59
2009-06-19,91.44
2009-06-18,91.125
2009-06-17,91.755
2009-06-16,89.905
2009-06-15,91.41499999999999
2009-06-12,91.055
2009-06-11,91.225
2009-06-10,88.06
2009-06-09,88.59
2009-06-08,88.55
2009-06-05,88.21000000000001
2009-06-04,89.44
2009-06-03,92.58
2009-06-02,89.35
2009-06-01,90.275
2009-05-29,90.845
2009-05-28,89.785
2009-05-27,89.99000000000001
2009-05-26,92.94
2009-05-22,92.725
2009-05-21,93.56
2009-05-20,92.575
2009-05-19,92.72
2009-05-18,92.675
2009-05-15,94.36
2009-05-14,94.62
2009-05-13,95.11
2009-05-12,93.405
2009-05-11,92.58000000000001
2009-05-08,91.88
2009-05-07,92.94
2009-05-06,93.25999999999999
2009-05-05,93.88499999999999
2009-05-04,94.08
2009-05-01,94.21000000000001
2009-04-30,94.39
2009-04-29,94.2
2009-04-28,95.14500000000001
2009-04-27,95.39500000000001
2009-04-24,98.89500000000001
2009-04-23,94.42500000000001
2009-04-22,94.74000000000001
2009-04-21,94.83500000000001
2009-04-20,
2009-04-17,94.72
2009-04-16,
2009-04-15,
2009-04-14,95.77000000000001
2009-04-13,95.26499999999999
2009-04-09,
2009-04-08,96.145
2009-04-07,94.83500000000001
2009-04-06,94.64
2009-04-03,94.88
2009-04-02,95.87
2009-04-01,96.525
2009-03-31,97.565
2009-03-30,96.45500000000001
2009-03-27,96.00999999999999
2009-03-26,97.47999999999999
2009-03-25,95.88499999999999
2009-03-24,96.58500000000001
2009-03-23,96.735
2009-03-20,97.46000000000001
2009-03-19,
2009-03-18,97.53
2009-03-17,93.93
2009-03-16,94.24000000000001
2009-03-13,94.66
2009-03-12,94.79499999999999
2009-03-11,94.47999999999999
2009-03-10,93.74000000000001
2009-03-09,
2009-03-06,
2009-03-05,94.88
2009-03-04,93.765
2009-03-03,94.43
2009-03-02,94.61000000000001
2009-02-27,93.8
2009-02-26,93.86
2009-02-25,
2009-02-24,
2009-02-23,95.31
2009-02-20,95.19
2009-02-19,95.225
2009-02-18,
2009-02-17,
2009-02-13,93.83500000000001
2009-02-12,95.18
2009-02-11,94.455
2009-02-10,94.675
2009-02-09,93.55000000000001
2009-02-06,92.605
2009-02-05,94.03
2009-02-04,
2009-02-03,
2009-02-02,94.35499999999999
2009-01-30,
2009-01-29,
2009-01-28,95.84
2009-01-27,
2009-01-26,
2009-01-23,
2009-01-22,
2009-01-21,95.66
2009-01-20,96.75
2009-01-16,
2009-01-15,
2009-01-14,
2009-01-13,
2009-01-12,99.055
2009-01-09,97.61500000000001
2009-01-08,97.33
2009-01-07,
2009-01-06,
2009-01-05,
2009-01-02,96.23500000000001
2008-12-31,97.06
2008-12-30,
2008-12-29,
2008-12-26,
2008-12-23,99.385
2008-12-22,99.385
2008-12-19,
2008-12-18,
2008-12-17,
2008-12-16,
2008-12-15,
2008-12-12,
2008-12-11,95.345
2008-12-10,94.87
2008-12-09,
2008-12-08,94.35
2008-12-05,94.69
2008-12-04,
2008-12-03,
2008-12-02,98.83500000000001
2008-12-01,
2008-11-28,
2008-11-26,
2008-11-25,92.52000000000001
2008-11-24,
2008-11-21,
2008-11-20,
2008-11-19,91.5
2008-11-18,91.05000000000001
2008-11-17,
2008-11-14,89.89
2008-11-13,87.725
2008-11-12,
2008-11-11,89.715
2008-11-10,
2008-11-07,88.6
2008-11-06,89.845
2008-11-05,
2008-11-04,
2008-11-03,
2008-10-31,
2008-10-30,87.02000000000001
2008-10-29,
2008-10-28,88.53999999999999
2008-10-27,89.955
2008-10-24,88.28
2008-10-23,89.19
2008-10-22,87.81
2008-10-21,89.77000000000001
2008-10-20,89.38
2008-10-17,87.46000000000001
2008-10-16,
2008-10-15,87.21000000000001
2008-10-14,86.75999999999999
2008-10-13,
2008-10-10,
2008-10-09,
2008-10-08,
2008-10-07,90.77000000000001
2008-10-06,
2008-10-03,
2008-10-02,90.06
2008-10-01,90.19
2008-09-30,88.925
2008-09-29,90.68
2008-09-26,88.91
2008-09-25,89.6
2008-09-24,
2008-09-23,89.745
2008-09-22,90.1
2008-09-19,88.875
2008-09-18,90.84
2008-09-17,91.105
2008-09-16,91.14
2008-09-15,90.685
2008-09-12,90.465
2008-09-11,90.08
2008-09-10,90.65
2008-09-09,
2008-09-08,
2008-09-05,90.39500000000001
2008-09-04,90.60499999999999
2008-09-03,90.21000000000001
2008-09-02,90.435
2008-08-29,89.955
2008-08-28,90.015
2008-08-27,89.265
2008-08-26,90.035
2008-08-25,90.045
2008-08-22,89.8
2008-08-21,
2008-08-20,89.85499999999999
2008-08-19,89.06
2008-08-18,89.60499999999999
2008-08-15,89.455
2008-08-14,89.18
2008-08-13,89.1
2008-08-12,89.05
2008-08-11,88.42500000000001
2008-08-08,88.33000000000001
2008-08-07,
2008-08-06,88.215
2008-08-05,88.4
2008-08-04,
2008-08-01,88.08500000000001
2008-07-31,88.24000000000001
2008-07-30,87.575
2008-07-29,87.4
2008-07-28,87.76
2008-07-25,87.15
2008-07-24,88.14
2008-07-23,87.39500000000001
2008-07-22,87.07499999999999
2008-07-21,87.7
2008-07-18,87.16499999999999
2008-07-17,87.555
2008-07-16,87.905
2008-07-15,88.65
2008-07-14,88.66499999999999
2008-07-11,87.875
2008-07-10,89.53
2008-07-09,88.845
2008-07-08,87.975
2008-07-07,
2008-07-03,87.63
2008-07-02,87.33
2008-07-01,87.57499999999999
2008-06-30,87.92500000000001
2008-06-27,87.85
2008-06-26,87.41
2008-06-25,87.22999999999999
2008-06-24,86.725
2008-06-23,86.475
2008-06-20,86.795
2008-06-19,86.21000000000001
2008-06-18,86.64500000000001
2008-06-17,86.065
2008-06-16,85.93
2008-06-13,85.9
2008-06-12,86.43
2008-06-11,87.00999999999999
2008-06-10,87.06
2008-06-09,87.45
2008-06-06,87.905
2008-06-05,87.175
2008-06-04,87.58500000000001
2008-06-03,88.03
2008-06-02,87.535
2008-05-30,87.385
2008-05-29,86.66499999999999
2008-05-28,87.515
2008-05-27,88.04499999999999
2008-05-23,88.375
2008-05-22,88.425
2008-05-21,89.0
2008-05-20,88.84
2008-05-19,88.79
2008-05-16,88.47999999999999
2008-05-15,88.65
2008-05-14,88.1
2008-05-13,88.15
2008-05-12,88.87
2008-05-09,89.02
2008-05-08,89.19
2008-05-07,88.375
2008-05-06,87.11500000000001
2008-05-05,88.25
2008-05-02,87.85499999999999
2008-05-01,88.47
2008-04-30,89.24000000000001
2008-04-29,89.23
2008-04-28,88.78
2008-04-25,88.325
2008-04-24,88.58500000000001
2008-04-23,89.35499999999999
2008-04-22,89.475
2008-04-21,89.14500000000001
2008-04-18,89.50999999999999
2008-04-17,89.09
2008-04-16,89.495
2008-04-15,90.16999999999999
2008-04-14,90.76
2008-04-11,90.69
2008-04-10,90.22999999999999
2008-04-09,90.87
2008-04-08,90.28
2008-04-07,90.37
2008-04-04,90.98
2008-04-03,90.25
2008-04-02,89.66
2008-04-01,90.21000000000001
2008-03-31,91.64500000000001
2008-03-28,91.29
2008-03-27,91.05000000000001
2008-03-26,90.945
2008-03-25,91.08000000000001
2008-03-24,91.08500000000001
2008-03-20,92.42
2008-03-19,92.32499999999999
2008-03-18,91.535
2008-03-17,91.28999999999999
2008-03-14,91.68
2008-03-13,90.45
2008-03-12,90.8
2008-03-11,90.035
2008-03-10,91.14
2008-03-07,90.495
2008-03-06,89.795
2008-03-05,89.38499999999999
2008-03-04,90.83
2008-03-03,90.32
2008-02-29,90.75
2008-02-28,89.725
2008-02-27,88.82
2008-02-26,88.24
2008-02-25,88.20500000000001
2008-02-22,88.945
2008-02-21,89.08
2008-02-20,88.53999999999999
2008-02-19,88.285
2008-02-15,89.19
2008-02-14,88.695
2008-02-13,89.285
2008-02-12,89.66999999999999
2008-02-11,89.905
2008-02-08,89.68
2008-02-07,88.925
2008-02-06,89.87
2008-02-05,89.2
2008-02-04,89.545
2008-02-01,89.555
2008-01-31,89.75
2008-01-30,89.805
2008-01-29,89.64
2008-01-28,89.85
2008-01-25,90.115
2008-01-24,89.505
2008-01-23,91.0
2008-01-22,90.60499999999999
2008-01-18,89.545
2008-01-17,89.8
2008-01-16,89.025
2008-01-15,
2008-01-14,89.355
2008-01-11,88.515
2008-01-10,87.975
2008-01-09,88.41499999999999
2008-01-08,
2008-01-07,88.09
2008-01-04,88.275
2008-01-03,87.745
2008-01-02,87.725
2007-12-31,86.995
2007-12-28,86.525
2007-12-27,86.285
2007-12-26,85.95500000000001
2007-12-24,85.75999999999999
2007-12-21,86.275
2007-12-20,86.9
2007-12-19,86.53
2007-12-18,
2007-12-17,86.0
2007-12-14,85.71000000000001
2007-12-13,86.02000000000001
2007-12-12,86.445
2007-12-11,87.205
2007-12-10,
2007-12-07,86.485
2007-12-06,
2007-12-05,87.705
2007-12-04,87.74000000000001
2007-12-03,87.84
2007-11-30,87.47
2007-11-29,87.495
2007-11-28,87.0
2007-11-27,87.45
2007-11-26,88.025
2007-11-23,87.555
2007-11-21,87.025
2007-11-20,86.5
2007-11-19,86.72999999999999
2007-11-16,86.17
2007-11-15,86.22999999999999
2007-11-14,85.565
2007-11-13,85.77000000000001
2007-11-12,85.97
2007-11-09,85.8
2007-11-08,85.265
2007-11-07,85.14500000000001
2007-11-06,84.82499999999999
2007-11-05,84.97
2007-11-02,85.05
2007-11-01,84.95
2007-10-31,84.54499999999999
2007-10-30,85.025
2007-10-29,84.965
2007-10-26,84.9
2007-10-25,85.115
2007-10-24,85.165
2007-10-23,84.78
2007-10-22,84.775
2007-10-19,84.88499999999999
2007-10-18,84.22
2007-10-17,83.89
2007-10-16,83.3
2007-10-15,83.15
2007-10-12,83.08500000000001
2007-10-11,83.32499999999999
2007-10-10,83.315
2007-10-09,82.935
2007-10-08,83.56
2007-10-05,83.485
2007-10-04,83.92500000000001
2007-10-03,83.81
2007-10-02,83.8
2007-10-01,83.68
2007-09-28,
2007-09-27,83.95
2007-09-26,83.55
2007-09-25,83.58500000000001
2007-09-24,83.495
2007-09-21,83.42500000000001
2007-09-20,83.295
2007-09-19,84.02
2007-09-18,84.21000000000001
2007-09-17,84.58500000000001
2007-09-14,84.26
2007-09-13,84.17500000000001
2007-09-12,84.63
2007-09-11,84.835
2007-09-10,84.055
2007-09-07,84.72999999999999
2007-09-06,84.025
2007-09-05,84.135
2007-09-04,83.61000000000001
2007-08-31,84.14500000000001
2007-08-30,84.08500000000001
2007-08-29,83.75
2007-08-28,83.995
2007-08-27,83.595
2007-08-24,83.32499999999999
2007-08-23,83.33
2007-08-22,83.25
2007-08-21,83.28
2007-08-20,83.195
2007-08-17,83.05
2007-08-16,83.005
2007-08-15,82.61
2007-08-14,82.47
2007-08-13,82.195
2007-08-10,81.995
2007-08-09,82.16499999999999
2007-08-08,81.74000000000001
2007-08-07,81.94
2007-08-06,82.325
2007-08-03,82.88
2007-08-02,82.15
2007-08-01,82.08500000000001
2007-07-31,82.595
2007-07-30,82.22
2007-07-27,82.54
2007-07-26,82.32499999999999
2007-07-25,81.69999999999999
2007-07-24,81.55
2007-07-23,81.37
2007-07-20,81.33000000000001
2007-07-19,80.97
2007-07-18,80.945
2007-07-17,80.71000000000001
2007-07-16,80.82
2007-07-13,80.50999999999999
2007-07-12,80.3
2007-07-11,80.58000000000001
2007-07-10,80.84
2007-07-09,80.21000000000001
2007-07-06,80.05
2007-07-05,80.185
2007-07-03,80.475
2007-07-02,80.94
2007-06-29,81.055
2007-06-28,80.66
2007-06-27,80.75
2007-06-26,80.69999999999999
2007-06-25,80.69999999999999
2007-06-22,80.64
2007-06-21,80.17
2007-06-20,80.31
2007-06-19,80.605
2007-06-18,79.975
2007-06-15,80.24000000000001
2007-06-14,79.83500000000001
2007-06-13,79.87
2007-06-12,79.58500000000001
2007-06-11,80.14
2007-06-08,80.34
2007-06-07,80.285
2007-06-06,81.07
2007-06-05,80.965
2007-06-04,81.22
2007-06-01,81.09
2007-05-31,81.765
2007-05-30,81.865
2007-05-29,81.765
2007-05-25,81.96000000000001
2007-05-24,82.005
2007-05-23,81.93
2007-05-22,82.025
2007-05-21,82.265
2007-05-18,82.145
2007-05-17,82.39500000000001
2007-05-16,82.68
2007-05-15,82.65
2007-05-14,82.715
2007-05-11,82.80000000000001
2007-05-10,82.97999999999999
2007-05-09,82.795
2007-05-08,83.03999999999999
2007-05-07,83.025
2007-05-04,82.96000000000001
2007-05-03,82.77
2007-05-02,82.905
2007-05-01,82.91
2007-04-30,83.28
2007-04-27,82.89
2007-04-26,82.88499999999999
2007-04-25,83.1
2007-04-24,83.225
2007-04-23,83.03999999999999
2007-04-20,82.91
2007-04-19,82.93
2007-04-18,83.0
2007-04-17,82.77000000000001
2007-04-16,82.46000000000001
2007-04-13,82.31
2007-04-12,82.465
2007-04-11,82.44
2007-04-10,82.50999999999999
2007-04-09,82.36
2007-04-05,82.72
2007-04-04,82.88
2007-04-03,82.735
2007-04-02,82.84
2007-03-30,83.13499999999999
2007-03-29,83.155
2007-03-28,83.28
2007-03-27,83.3
2007-03-26,83.32
2007-03-23,83.31
2007-03-22,83.4
2007-03-21,83.67
2007-03-20,83.52
2007-03-19,83.39
2007-03-16,83.52
2007-03-15,83.56
2007-03-14,84.505
2007-03-13,83.78
2007-03-12,83.37
2007-03-09,83.185
2007-03-08,83.6
2007-03-07,83.66
2007-03-06,83.47
2007-03-05,83.57499999999999
2007-03-02,83.59
2007-03-01,83.265
2007-02-28,83.5
2007-02-27,83.735
2007-02-26,83.06
2007-02-23,82.79499999999999
2007-02-22,82.47
2007-02-21,82.68
2007-02-20,82.655
2007-02-16,82.57
2007-02-15,82.55
2007-02-14,82.365
2007-02-13,81.905
2007-02-12,81.965
2007-02-09,82.055
2007-02-08,82.325
2007-02-07,82.29499999999999
2007-02-06,81.87
2007-02-05,
2007-02-02,81.78999999999999
2007-02-01,81.715
2007-01-31,82.36
2007-01-30,81.79499999999999
2007-01-29,81.70500000000001
2007-01-26,81.75
2007-01-25,81.775
2007-01-24,82.115
2007-01-23,82.095
2007-01-22,82.33
2007-01-19,82.2
2007-01-18,82.35
2007-01-17,82.16
2007-01-16,82.35
2007-01-12,82.185
2007-01-11,82.37
2007-01-10,82.63499999999999
2007-01-09,82.75999999999999
2007-01-08,82.74000000000001
2007-01-05,82.74
2007-01-04,82.965
2007-01-03,82.65
