DATE,LQD
2019-07-31,124.33500000000001
2019-07-30,124.265
2019-07-29,124.275
2019-07-26,124.33500000000001
2019-07-25,124.17500000000001
2019-07-24,124.56
2019-07-23,124.215
2019-07-22,124.14500000000001
2019-07-19,123.775
2019-07-18,123.945
2019-07-17,123.655
2019-07-16,122.985
2019-07-15,123.285
2019-07-12,123.055
2019-07-11,122.965
2019-07-10,123.66499999999999
2019-07-09,123.435
2019-07-08,123.67500000000001
2019-07-05,123.86500000000001
2019-07-03,124.905
2019-07-02,124.565
2019-07-01,124.255
2019-06-28,124.38499999999999
2019-06-27,124.07499999999999
2019-06-26,123.35499999999999
2019-06-25,123.595
2019-06-24,123.955
2019-06-21,123.66499999999999
2019-06-20,124.035
2019-06-19,123.42500000000001
2019-06-18,122.6
2019-06-17,121.815
2019-06-14,121.765
2019-06-13,121.705
2019-06-12,121.39500000000001
2019-06-11,121.245
2019-06-10,121.125
2019-06-07,121.515
2019-06-06,121.015
2019-06-05,120.765
2019-06-04,120.875
2019-06-03,120.82499999999999
2019-05-31,120.805
2019-05-30,120.525
2019-05-29,119.86500000000001
2019-05-28,119.805
2019-05-24,119.705
2019-05-23,119.46
2019-05-22,119.225
2019-05-21,119.055
2019-05-20,118.975
2019-05-17,119.255
2019-05-16,119.235
2019-05-15,119.405
2019-05-14,119.07499999999999
2019-05-13,118.955
2019-05-10,118.845
2019-05-09,118.795
2019-05-08,118.685
2019-05-07,119.08500000000001
2019-05-06,119.08500000000001
2019-05-03,118.91499999999999
2019-05-02,118.39500000000001
2019-05-01,118.85499999999999
2019-04-30,119.235
2019-04-29,119.17500000000001
2019-04-26,119.63499999999999
2019-04-25,119.235
2019-04-24,119.275
2019-04-23,118.86500000000001
2019-04-22,118.38499999999999
2019-04-18,118.58500000000001
2019-04-17,118.485
2019-04-16,118.505
2019-04-15,118.845
2019-04-12,118.995
2019-04-11,119.095
2019-04-10,119.205
2019-04-09,118.63499999999999
2019-04-08,118.38499999999999
2019-04-05,118.515
2019-04-04,118.345
2019-04-03,118.155
2019-04-02,118.41499999999999
2019-04-01,118.255
2019-03-29,119.065
2019-03-28,119.14500000000001
2019-03-27,119.00999999999999
2019-03-26,118.83500000000001
2019-03-25,118.795
2019-03-22,118.55000000000001
2019-03-21,117.82499999999999
2019-03-20,117.60499999999999
2019-03-19,116.82499999999999
2019-03-18,116.795
2019-03-15,116.845
2019-03-14,116.445
2019-03-13,116.66499999999999
2019-03-12,116.845
2019-03-11,116.535
2019-03-08,116.41499999999999
2019-03-07,116.265
2019-03-06,115.85499999999999
2019-03-05,115.765
2019-03-04,115.735
2019-03-01,115.5
2019-02-28,116.025
2019-02-27,116.16499999999999
2019-02-26,116.465
2019-02-25,116.33500000000001
2019-02-22,116.36500000000001
2019-02-21,115.89
2019-02-20,116.17500000000001
2019-02-19,116.265
2019-02-15,116.215
2019-02-14,116.07499999999999
2019-02-13,115.945
2019-02-12,116.235
2019-02-11,116.095
2019-02-08,116.36500000000001
2019-02-07,116.055
2019-02-06,116.08500000000001
2019-02-05,116.285
2019-02-04,115.85
2019-02-01,116.005
2019-01-31,116.60499999999999
2019-01-30,115.785
2019-01-29,115.255
2019-01-28,115.025
2019-01-25,115.045
2019-01-24,114.935
2019-01-23,114.65
2019-01-22,114.375
2019-01-18,114.19999999999999
2019-01-17,113.945
2019-01-16,113.775
2019-01-15,113.515
2019-01-14,113.445
2019-01-11,113.765
2019-01-10,113.535
2019-01-09,113.845
2019-01-08,113.405
2019-01-07,113.155
2019-01-04,113.155
2019-01-03,113.19
2019-01-02,113.14500000000001
2018-12-31,112.85499999999999
2018-12-28,112.505
2018-12-27,112.015
2018-12-26,111.985
2018-12-24,112.07499999999999
2018-12-21,112.32499999999999
2018-12-20,112.445
2018-12-19,112.815
2018-12-18,112.89500000000001
2018-12-17,112.86500000000001
2018-12-14,112.715
2018-12-13,112.845
2018-12-12,112.525
2018-12-11,112.42500000000001
2018-12-10,112.225
2018-12-07,111.88499999999999
2018-12-06,111.875
2018-12-04,111.535
2018-12-03,111.565
2018-11-30,111.465
2018-11-29,111.535
2018-11-28,111.845
2018-11-27,111.58500000000001
2018-11-26,111.67500000000001
2018-11-23,111.64500000000001
2018-11-21,111.58500000000001
2018-11-20,111.38499999999999
2018-11-19,111.625
2018-11-16,111.725
2018-11-15,111.505
2018-11-14,111.725
2018-11-13,112.07499999999999
2018-11-12,112.17500000000001
2018-11-09,112.185
2018-11-08,112.10499999999999
2018-11-07,112.445
2018-11-06,112.14500000000001
2018-11-05,111.945
2018-11-02,111.755
2018-11-01,112.205
2018-10-31,112.265
2018-10-30,112.555
2018-10-29,112.82499999999999
2018-10-26,112.975
2018-10-25,112.785
2018-10-24,112.875
2018-10-23,112.715
2018-10-22,112.565
2018-10-19,112.685
2018-10-18,112.83500000000001
2018-10-17,112.85499999999999
2018-10-16,113.39500000000001
2018-10-15,113.125
2018-10-12,113.35499999999999
2018-10-11,113.305
2018-10-10,112.83500000000001
2018-10-09,113.155
2018-10-08,112.82499999999999
2018-10-05,112.955
2018-10-04,113.38499999999999
2018-10-03,113.83500000000001
2018-10-02,114.55000000000001
2018-10-01,114.435
2018-09-28,114.92500000000001
2018-09-27,115.005
2018-09-26,114.85499999999999
2018-09-25,114.435
2018-09-24,114.445
2018-09-21,114.715
2018-09-20,114.67500000000001
2018-09-19,114.375
2018-09-18,114.545
2018-09-17,115.005
2018-09-14,115.08500000000001
2018-09-13,115.225
2018-09-12,114.985
2018-09-11,114.775
2018-09-10,115.015
2018-09-07,114.65
2018-09-06,115.155
2018-09-05,114.85499999999999
2018-09-04,114.92500000000001
2018-08-31,115.465
2018-08-30,115.625
2018-08-29,115.495
2018-08-28,115.63499999999999
2018-08-27,116.055
2018-08-24,116.235
2018-08-23,115.995
2018-08-22,115.975
2018-08-21,115.985
2018-08-20,116.265
2018-08-17,115.975
2018-08-16,115.85499999999999
2018-08-15,115.685
2018-08-14,115.505
2018-08-13,115.345
2018-08-10,115.375
2018-08-09,115.17500000000001
2018-08-08,115.07499999999999
2018-08-07,115.235
2018-08-06,115.61500000000001
2018-08-03,115.505
2018-08-02,115.13499999999999
2018-08-01,115.005
2018-07-31,115.715
2018-07-30,115.39500000000001
2018-07-27,115.545
2018-07-26,115.39500000000001
2018-07-25,115.285
2018-07-24,115.14500000000001
2018-07-23,114.785
2018-07-20,115.255
2018-07-19,115.595
2018-07-18,115.39500000000001
2018-07-17,115.41499999999999
2018-07-16,115.515
2018-07-13,115.755
2018-07-12,115.60499999999999
2018-07-11,115.36500000000001
2018-07-10,115.13499999999999
2018-07-09,115.255
2018-07-06,115.185
2018-07-05,115.015
2018-07-03,114.64500000000001
2018-07-02,114.245
2018-06-29,114.525
2018-06-28,114.495
2018-06-27,114.63499999999999
2018-06-26,114.275
2018-06-25,113.905
2018-06-22,114.005
2018-06-21,113.875
2018-06-20,113.94999999999999
2018-06-19,114.57499999999999
2018-06-18,114.555
2018-06-15,114.655
2018-06-14,114.815
2018-06-13,114.305
2018-06-12,114.39500000000001
2018-06-11,114.39500000000001
2018-06-08,114.49
2018-06-07,114.64500000000001
2018-06-06,114.315
2018-06-05,114.735
2018-06-04,114.66499999999999
2018-06-01,114.91499999999999
2018-05-31,115.515
2018-05-30,115.525
2018-05-29,115.99
2018-05-25,115.375
2018-05-24,115.045
2018-05-23,114.715
2018-05-22,114.245
2018-05-21,114.32499999999999
2018-05-18,114.285
2018-05-17,113.805
2018-05-16,114.035
2018-05-15,114.16499999999999
2018-05-14,115.055
2018-05-11,115.205
2018-05-10,115.055
2018-05-09,114.475
2018-05-08,114.495
2018-05-07,114.555
2018-05-04,114.64500000000001
2018-05-03,114.535
2018-05-02,114.505
2018-05-01,114.57
2018-04-30,115.215
2018-04-27,115.315
2018-04-26,115.065
2018-04-25,114.725
2018-04-24,115.08500000000001
2018-04-23,115.405
2018-04-20,115.465
2018-04-19,115.955
2018-04-18,116.35499999999999
2018-04-17,116.985
2018-04-16,116.985
2018-04-13,116.955
2018-04-12,116.92500000000001
2018-04-11,117.215
2018-04-10,117.17500000000001
2018-04-09,117.155
2018-04-06,117.065
2018-04-05,116.695
2018-04-04,116.67500000000001
2018-04-03,116.66499999999999
2018-04-02,116.965
2018-03-29,117.39500000000001
2018-03-28,116.83500000000001
2018-03-27,116.545
2018-03-26,116.095
2018-03-23,115.725
2018-03-22,116.095
2018-03-21,115.86500000000001
2018-03-20,115.965
2018-03-19,116.38499999999999
2018-03-16,116.805
2018-03-15,116.625
2018-03-14,116.505
2018-03-13,116.245
2018-03-12,116.235
2018-03-09,116.10499999999999
2018-03-08,116.505
2018-03-07,116.275
2018-03-06,116.345
2018-03-05,116.225
2018-03-02,116.255
2018-03-01,116.63499999999999
2018-02-28,117.065
2018-02-27,116.845
2018-02-26,117.375
2018-02-23,117.205
2018-02-22,116.685
2018-02-21,116.525
2018-02-20,117.14500000000001
2018-02-16,117.625
2018-02-15,117.295
2018-02-14,116.755
2018-02-13,117.155
2018-02-12,117.225
2018-02-09,117.215
2018-02-08,117.595
2018-02-07,118.11500000000001
2018-02-06,118.495
2018-02-05,118.685
2018-02-02,118.625
2018-02-01,119.195
2018-01-31,120.125
2018-01-30,119.815
2018-01-29,120.255
2018-01-26,120.525
2018-01-25,120.695
2018-01-24,120.07499999999999
2018-01-23,120.16499999999999
2018-01-22,119.67500000000001
2018-01-19,119.775
2018-01-18,120.13499999999999
2018-01-17,120.58500000000001
2018-01-16,120.92500000000001
2018-01-12,120.82499999999999
2018-01-11,120.83500000000001
2018-01-10,120.525
2018-01-09,120.42500000000001
2018-01-08,120.89500000000001
2018-01-05,120.92500000000001
2018-01-04,120.945
2018-01-03,120.995
2018-01-02,120.765
2017-12-29,121.545
2017-12-28,121.375
2017-12-27,121.455
2017-12-26,120.805
2017-12-22,120.63499999999999
2017-12-21,120.545
2017-12-20,120.505
2017-12-19,120.82499999999999
2017-12-18,121.42500000000001
2017-12-15,121.775
2017-12-14,121.595
2017-12-13,121.42500000000001
2017-12-12,120.985
2017-12-11,121.045
2017-12-08,120.995
2017-12-07,121.125
2017-12-06,121.36500000000001
2017-12-05,121.13499999999999
2017-12-04,120.88499999999999
2017-12-01,120.74000000000001
2017-11-30,120.705
2017-11-29,120.82499999999999
2017-11-28,121.275
2017-11-27,121.10499999999999
2017-11-24,121.205
2017-11-22,121.33500000000001
2017-11-21,120.86500000000001
2017-11-20,120.465
2017-11-17,120.465
2017-11-16,120.295
2017-11-15,120.42500000000001
2017-11-14,119.955
2017-11-13,119.905
2017-11-10,119.9
2017-11-09,120.57499999999999
2017-11-08,120.91499999999999
2017-11-07,121.045
2017-11-06,121.13499999999999
2017-11-03,121.185
2017-11-02,120.985
2017-11-01,121.005
2017-10-31,121.155
2017-10-30,121.345
2017-10-27,120.935
2017-10-26,120.545
2017-10-25,120.565
2017-10-24,120.88499999999999
2017-10-23,121.16499999999999
2017-10-20,121.03
2017-10-19,121.36500000000001
2017-10-18,121.205
2017-10-17,121.405
2017-10-16,121.42500000000001
2017-10-13,121.595
2017-10-12,121.10499999999999
2017-10-11,121.07499999999999
2017-10-10,121.11500000000001
2017-10-09,121.035
2017-10-06,120.905
2017-10-05,121.045
2017-10-04,121.205
2017-10-03,121.265
2017-10-02,121.005
2017-09-29,121.255
2017-09-28,121.1
2017-09-27,120.89500000000001
2017-09-26,121.38499999999999
2017-09-25,121.435
2017-09-22,120.985
2017-09-21,120.815
2017-09-20,120.845
2017-09-19,120.955
2017-09-18,120.855
2017-09-15,121.025
2017-09-14,120.905
2017-09-13,120.61500000000001
2017-09-12,120.715
2017-09-11,120.875
2017-09-08,121.255
2017-09-07,121.62
2017-09-06,121.13499999999999
2017-09-05,121.57499999999999
2017-09-01,120.815
2017-08-31,121.625
2017-08-30,121.39500000000001
2017-08-29,121.315
2017-08-28,121.215
2017-08-25,121.185
2017-08-24,120.945
2017-08-23,121.16499999999999
2017-08-22,120.705
2017-08-21,120.815
2017-08-18,120.64500000000001
2017-08-17,120.755
2017-08-16,120.64500000000001
2017-08-15,120.275
2017-08-14,120.42500000000001
2017-08-11,120.505
2017-08-10,120.285
2017-08-09,120.305
2017-08-08,120.205
2017-08-07,120.75999999999999
2017-08-04,120.725
2017-08-03,121.205
2017-08-02,121.035
2017-08-01,121.215
2017-07-31,121.10499999999999
2017-07-28,121.10499999999999
2017-07-27,120.785
2017-07-26,121.065
2017-07-25,120.685
2017-07-24,121.39500000000001
2017-07-21,121.545
2017-07-20,121.255
2017-07-19,121.14500000000001
2017-07-18,121.195
2017-07-17,120.67500000000001
2017-07-14,120.545
2017-07-13,120.285
2017-07-12,120.485
2017-07-11,119.965
2017-07-10,119.905
2017-07-07,119.725
2017-07-06,119.805
2017-07-05,120.10499999999999
2017-07-03,119.99000000000001
2017-06-30,120.515
2017-06-29,120.61500000000001
2017-06-28,120.965
2017-06-27,120.85499999999999
2017-06-26,121.41499999999999
2017-06-23,121.17500000000001
2017-06-22,121.13499999999999
2017-06-21,121.005
2017-06-20,120.965
2017-06-19,120.685
2017-06-16,120.845
2017-06-15,120.745
2017-06-14,121.025
2017-06-13,120.195
2017-06-12,120.07499999999999
2017-06-09,120.035
2017-06-08,120.16499999999999
2017-06-07,120.36500000000001
2017-06-06,120.535
2017-06-05,120.17500000000001
2017-06-02,120.505
2017-06-01,119.94999999999999
2017-05-31,120.215
2017-05-30,120.095
2017-05-26,119.815
2017-05-25,119.72
2017-05-24,119.705
2017-05-23,119.465
2017-05-22,119.86500000000001
2017-05-19,119.955
2017-05-18,119.89500000000001
2017-05-17,119.91499999999999
2017-05-16,119.185
2017-05-15,119.015
2017-05-12,119.055
2017-05-11,118.44
2017-05-10,118.35499999999999
2017-05-09,118.195
2017-05-08,118.185
2017-05-05,118.38499999999999
2017-05-04,118.35499999999999
2017-05-03,118.595
2017-05-02,118.655
2017-05-01,118.35499999999999
2017-04-28,118.975
2017-04-27,118.83
2017-04-26,118.755
2017-04-25,118.445
2017-04-24,118.91499999999999
2017-04-21,119.065
2017-04-20,119.055
2017-04-19,119.255
2017-04-18,119.60499999999999
2017-04-17,118.91499999999999
2017-04-13,119.125
2017-04-12,118.93
2017-04-11,118.545
2017-04-10,118.005
2017-04-07,117.77000000000001
2017-04-06,118.065
2017-04-05,117.965
2017-04-04,117.82499999999999
2017-04-03,118.1
2017-03-31,117.89500000000001
2017-03-30,117.785
2017-03-29,118.07499999999999
2017-03-28,117.705
2017-03-27,117.955
2017-03-24,117.725
2017-03-23,117.60499999999999
2017-03-22,117.66499999999999
2017-03-21,117.375
2017-03-20,117.10499999999999
2017-03-17,116.805
2017-03-16,116.545
2017-03-15,116.755
2017-03-14,115.715
2017-03-13,115.625
2017-03-10,116.025
2017-03-09,115.715
2017-03-08,116.33500000000001
2017-03-07,116.69999999999999
2017-03-06,117.285
2017-03-03,117.475
2017-03-02,117.36500000000001
2017-03-01,117.555
2017-02-28,118.57499999999999
2017-02-27,118.47999999999999
2017-02-24,118.795
2017-02-23,118.185
2017-02-22,117.88499999999999
2017-02-21,117.765
2017-02-17,117.725
2017-02-16,117.42500000000001
2017-02-15,117.08500000000001
2017-02-14,117.205
2017-02-13,117.455
2017-02-10,117.545
2017-02-09,117.555
2017-02-08,118.025
2017-02-07,117.61500000000001
2017-02-06,117.405
2017-02-03,117.05000000000001
2017-02-02,116.905
2017-02-01,116.88
2017-01-31,117.375
2017-01-30,117.125
2017-01-27,117.35499999999999
2017-01-26,117.195
2017-01-25,117.045
2017-01-24,117.495
2017-01-23,117.85499999999999
2017-01-20,117.315
2017-01-19,117.095
2017-01-18,117.495
2017-01-17,118.305
2017-01-13,117.77000000000001
2017-01-12,118.015
2017-01-11,118.00999999999999
2017-01-10,117.84
2017-01-09,117.92500000000001
2017-01-06,117.685
2017-01-05,118.31
2017-01-04,117.67500000000001
2017-01-03,117.30000000000001
2016-12-30,117.215
2016-12-29,116.995
2016-12-28,116.555
2016-12-27,116.14500000000001
2016-12-23,116.34
2016-12-22,116.14500000000001
2016-12-21,116.44
2016-12-20,116.07
2016-12-19,116.17500000000001
2016-12-16,115.61500000000001
2016-12-15,115.695
2016-12-14,115.6
2016-12-13,116.37
2016-12-12,116.10499999999999
2016-12-09,116.19
2016-12-08,116.655
2016-12-07,117.14500000000001
2016-12-06,116.655
2016-12-05,116.625
2016-12-02,116.42500000000001
2016-12-01,115.88499999999999
2016-11-30,116.785
2016-11-29,117.275
2016-11-28,117.11500000000001
2016-11-25,116.61500000000001
2016-11-23,116.6
2016-11-22,116.985
2016-11-21,116.715
2016-11-18,116.60499999999999
2016-11-17,117.27000000000001
2016-11-16,117.995
2016-11-15,117.81
2016-11-14,117.5
2016-11-11,118.10499999999999
2016-11-10,118.595
2016-11-09,118.71000000000001
2016-11-08,120.435
2016-11-07,120.705
2016-11-04,120.805
2016-11-03,120.42500000000001
2016-11-02,120.655
2016-11-01,120.50999999999999
2016-10-31,120.995
2016-10-28,120.89500000000001
2016-10-27,121.025
2016-10-26,121.57
2016-10-25,122.055
2016-10-24,122.14500000000001
2016-10-21,122.5
2016-10-20,122.445
2016-10-19,122.465
2016-10-18,122.30000000000001
2016-10-17,122.005
2016-10-14,121.63499999999999
2016-10-13,122.17
2016-10-12,121.89
2016-10-11,121.745
2016-10-10,122.08500000000001
2016-10-07,122.11500000000001
2016-10-06,121.83500000000001
2016-10-05,121.845
2016-10-04,121.97
2016-10-03,122.52000000000001
2016-09-30,123.14500000000001
2016-09-29,123.36500000000001
2016-09-28,123.445
2016-09-27,123.35499999999999
2016-09-26,123.03999999999999
2016-09-23,122.86500000000001
2016-09-22,122.965
2016-09-21,122.465
2016-09-20,121.86
2016-09-19,121.685
2016-09-16,121.735
2016-09-15,121.58500000000001
2016-09-14,121.495
2016-09-13,121.435
2016-09-12,121.86
2016-09-09,121.82499999999999
2016-09-08,122.765
2016-09-07,123.62
2016-09-06,123.745
2016-09-02,123.36500000000001
2016-09-01,123.53999999999999
2016-08-31,123.86500000000001
2016-08-30,123.92500000000001
2016-08-29,124.14
2016-08-26,123.39500000000001
2016-08-25,123.78999999999999
2016-08-24,123.94
2016-08-23,123.995
2016-08-22,123.85499999999999
2016-08-19,123.455
2016-08-18,123.795
2016-08-17,123.525
2016-08-16,123.155
2016-08-15,123.38499999999999
2016-08-12,123.765
2016-08-11,123.215
2016-08-10,123.625
2016-08-09,123.235
2016-08-08,122.55000000000001
2016-08-05,122.465
2016-08-04,122.94999999999999
2016-08-03,122.42
2016-08-02,122.305
2016-08-01,122.965
2016-07-29,124.015
2016-07-28,123.52000000000001
2016-07-27,123.655
2016-07-26,123.13499999999999
2016-07-25,123.275
2016-07-22,123.35499999999999
2016-07-21,123.41499999999999
2016-07-20,123.22999999999999
2016-07-19,123.305
2016-07-18,123.095
2016-07-15,123.055
2016-07-14,123.59
2016-07-13,123.86500000000001
2016-07-12,123.38499999999999
2016-07-11,124.12
2016-07-08,124.39500000000001
2016-07-07,123.705
2016-07-06,123.71000000000001
2016-07-05,123.465
2016-07-01,123.055
2016-06-30,122.725
2016-06-29,122.315
2016-06-28,122.33500000000001
2016-06-27,121.69999999999999
2016-06-24,121.195
2016-06-23,120.61500000000001
2016-06-22,120.695
2016-06-21,120.525
2016-06-20,120.595
2016-06-17,120.785
2016-06-16,121.11500000000001
2016-06-15,120.905
2016-06-14,120.495
2016-06-13,120.765
2016-06-10,120.955
2016-06-09,120.795
2016-06-08,120.625
2016-06-07,120.265
2016-06-06,120.08500000000001
2016-06-03,120.32499999999999
2016-06-02,119.39500000000001
2016-06-01,119.11500000000001
2016-05-31,119.39500000000001
2016-05-27,119.155
2016-05-26,119.295
2016-05-25,118.89500000000001
2016-05-24,118.715
2016-05-23,118.89
2016-05-20,118.935
2016-05-19,118.845
2016-05-18,118.58500000000001
2016-05-17,119.595
2016-05-16,119.61
2016-05-13,120.03
2016-05-12,119.795
2016-05-11,120.025
2016-05-10,119.935
2016-05-09,119.715
2016-05-06,119.845
2016-05-05,120.08500000000001
2016-05-04,119.86500000000001
2016-05-03,120.035
2016-05-02,119.845
2016-04-29,120.32499999999999
2016-04-28,120.155
2016-04-27,120.065
2016-04-26,119.32499999999999
2016-04-25,119.37
2016-04-22,119.67
2016-04-21,119.57499999999999
2016-04-20,119.595
2016-04-19,119.89500000000001
2016-04-18,119.685
2016-04-15,119.545
2016-04-14,119.055
2016-04-13,119.13499999999999
2016-04-12,118.735
2016-04-11,119.17
2016-04-08,119.22999999999999
2016-04-07,119.455
2016-04-06,119.14500000000001
2016-04-05,119.245
2016-04-04,118.85499999999999
2016-04-01,118.85499999999999
2016-03-31,118.805
2016-03-30,118.365
2016-03-29,118.495
2016-03-28,117.965
2016-03-24,117.905
2016-03-23,117.935
2016-03-22,117.35499999999999
2016-03-21,117.555
2016-03-18,117.715
2016-03-17,117.455
2016-03-16,117.095
2016-03-15,116.525
2016-03-14,116.565
2016-03-11,116.195
2016-03-10,115.86
2016-03-09,115.38499999999999
2016-03-08,115.53999999999999
2016-03-07,114.91499999999999
2016-03-04,114.80000000000001
2016-03-03,114.80000000000001
2016-03-02,114.27000000000001
2016-03-01,114.055
2016-02-29,115.045
2016-02-26,114.92500000000001
2016-02-25,115.005
2016-02-24,114.345
2016-02-23,114.215
2016-02-22,113.985
2016-02-19,113.765
2016-02-18,113.86
2016-02-17,112.92500000000001
2016-02-16,112.92500000000001
2016-02-12,113.495
2016-02-11,114.14500000000001
2016-02-10,113.805
2016-02-09,113.625
2016-02-08,113.975
2016-02-05,113.39500000000001
2016-02-04,113.435
2016-02-03,113.39500000000001
2016-02-02,113.67
2016-02-01,113.38499999999999
2016-01-29,114.15
2016-01-28,113.565
2016-01-27,113.445
2016-01-26,113.715
2016-01-25,113.41499999999999
2016-01-22,113.57
2016-01-21,113.485
2016-01-20,113.805
2016-01-19,113.63499999999999
2016-01-15,114.14500000000001
2016-01-14,114.305
2016-01-13,114.88499999999999
2016-01-12,114.525
2016-01-11,114.25999999999999
2016-01-08,114.66499999999999
2016-01-07,114.60499999999999
2016-01-06,114.475
2016-01-05,114.015
2016-01-04,113.955
2015-12-31,114.045
2015-12-30,113.82499999999999
2015-12-29,113.82499999999999
2015-12-28,114.41499999999999
2015-12-24,114.505
2015-12-23,114.47
2015-12-22,114.41
2015-12-21,114.57499999999999
2015-12-18,114.5
2015-12-17,114.465
2015-12-16,114.33500000000001
2015-12-15,114.345
2015-12-14,114.375
2015-12-11,115.205
2015-12-10,115.015
2015-12-09,115.295
2015-12-08,115.305
2015-12-07,115.465
2015-12-04,115.245
2015-12-03,114.64
2015-12-02,116.185
2015-12-01,116.415
2015-11-30,115.92500000000001
2015-11-27,115.905
2015-11-25,115.805
2015-11-24,115.685
2015-11-23,115.64500000000001
2015-11-20,115.61500000000001
2015-11-19,115.63499999999999
2015-11-18,115.30000000000001
2015-11-17,115.275
2015-11-16,115.11500000000001
2015-11-13,115.14500000000001
2015-11-12,114.82499999999999
2015-11-11,114.815
2015-11-10,114.85499999999999
2015-11-09,114.61
2015-11-06,114.755
2015-11-05,115.49000000000001
2015-11-04,115.475
2015-11-03,115.59
2015-11-02,115.61
2015-10-30,116.39500000000001
2015-10-29,116.12
2015-10-28,116.94
2015-10-27,117.38499999999999
2015-10-26,117.33500000000001
2015-10-23,117.16499999999999
2015-10-22,117.58500000000001
2015-10-21,117.345
2015-10-20,116.775
2015-10-19,116.955
2015-10-16,116.985
2015-10-15,116.92
2015-10-14,116.975
2015-10-13,116.545
2015-10-12,116.625
2015-10-09,116.155
2015-10-08,116.08500000000001
2015-10-07,116.595
2015-10-06,116.16499999999999
2015-10-05,115.935
2015-10-02,116.205
2015-10-01,115.745
2015-09-30,116.07499999999999
2015-09-29,116.10499999999999
2015-09-28,115.965
2015-09-25,115.745
2015-09-24,116.11500000000001
2015-09-23,116.08
2015-09-22,116.16499999999999
2015-09-21,115.71000000000001
2015-09-18,116.305
2015-09-17,115.88499999999999
2015-09-16,114.935
2015-09-15,114.755
2015-09-14,115.6
2015-09-11,115.63
2015-09-10,115.535
2015-09-09,115.755
2015-09-08,115.52000000000001
2015-09-04,116.005
2015-09-03,115.815
2015-09-02,115.275
2015-09-01,115.39
2015-08-31,115.065
2015-08-28,115.395
2015-08-27,115.13
2015-08-26,115.005
2015-08-25,115.10499999999999
2015-08-24,115.69999999999999
2015-08-21,116.02000000000001
2015-08-20,115.995
2015-08-19,115.91499999999999
2015-08-18,115.315
2015-08-17,115.75999999999999
2015-08-14,115.41
2015-08-13,115.32
2015-08-12,115.695
2015-08-11,115.88
2015-08-10,115.41499999999999
2015-08-07,115.86
2015-08-06,115.5
2015-08-05,115.32
2015-08-04,115.715
2015-08-03,116.265
2015-07-31,116.28
2015-07-30,115.75
2015-07-29,115.69999999999999
2015-07-28,115.78
2015-07-27,115.91499999999999
2015-07-24,115.84
2015-07-23,115.92500000000001
2015-07-22,115.57
2015-07-21,115.375
2015-07-20,115.21000000000001
2015-07-17,115.47999999999999
2015-07-16,115.4
2015-07-15,115.225
2015-07-14,114.9
2015-07-13,114.78
2015-07-10,115.065
2015-07-09,115.78
2015-07-08,116.555
2015-07-07,116.345
2015-07-06,115.935
2015-07-02,115.39
2015-07-01,115.025
2015-06-30,115.72999999999999
2015-06-29,115.935
2015-06-26,114.915
2015-06-25,115.495
2015-06-24,115.64
2015-06-23,115.30000000000001
2015-06-22,115.59
2015-06-19,116.47999999999999
2015-06-18,115.905
2015-06-17,116.10499999999999
2015-06-16,116.10499999999999
2015-06-15,115.815
2015-06-12,115.85499999999999
2015-06-11,116.0
2015-06-10,115.06
2015-06-09,115.36500000000001
2015-06-08,115.87
2015-06-05,115.87
2015-06-04,116.515
2015-06-03,115.94
2015-06-02,116.695
2015-06-01,117.255
2015-05-29,118.225
2015-05-28,118.215
2015-05-27,118.47999999999999
2015-05-26,118.3
2015-05-22,117.82
2015-05-21,117.885
2015-05-20,117.32499999999999
2015-05-19,117.225
2015-05-18,117.88499999999999
2015-05-15,118.72999999999999
2015-05-14,117.915
2015-05-13,117.50999999999999
2015-05-12,117.66499999999999
2015-05-11,117.83
2015-05-08,119.04499999999999
2015-05-07,118.29499999999999
2015-05-06,117.83500000000001
2015-05-05,118.385
2015-05-04,118.60499999999999
2015-05-01,118.945
2015-04-30,119.92
2015-04-29,119.825
2015-04-28,120.82499999999999
2015-04-27,121.55000000000001
2015-04-24,121.675
2015-04-23,121.41
2015-04-22,121.11500000000001
2015-04-21,121.9
2015-04-20,121.97
2015-04-17,122.25999999999999
2015-04-16,121.935
2015-04-15,122.025
2015-04-14,121.89
2015-04-13,121.62
2015-04-10,121.675
2015-04-09,121.47999999999999
2015-04-08,122.07
2015-04-07,122.105
2015-04-06,121.665
2015-04-02,121.52000000000001
2015-04-01,121.725
2015-03-31,121.705
2015-03-30,121.49000000000001
2015-03-27,121.28
2015-03-26,120.82
2015-03-25,121.555
2015-03-24,121.96000000000001
2015-03-23,121.715
2015-03-20,121.52000000000001
2015-03-19,121.14
2015-03-18,121.765
2015-03-17,120.285
2015-03-16,120.12
2015-03-13,119.93
2015-03-12,120.305
2015-03-11,120.415
2015-03-10,119.85
2015-03-09,119.64
2015-03-06,119.155
2015-03-05,120.42
2015-03-04,120.315
2015-03-03,120.36
2015-03-02,120.425
2015-02-27,121.805
2015-02-26,121.49000000000001
2015-02-25,122.16
2015-02-24,122.065
2015-02-23,121.235
2015-02-20,120.85
2015-02-19,120.695
2015-02-18,120.685
2015-02-17,120.225
2015-02-13,120.84
2015-02-12,121.30000000000001
2015-02-11,121.005
2015-02-10,121.0
2015-02-09,121.27000000000001
2015-02-06,121.155
2015-02-05,122.44
2015-02-04,122.82
2015-02-03,122.65
2015-02-02,123.69999999999999
2015-01-30,123.865
2015-01-29,122.895
2015-01-28,123.10499999999999
2015-01-27,122.33500000000001
2015-01-26,122.2
2015-01-23,122.295
2015-01-22,121.63
2015-01-21,121.65
2015-01-20,121.695
2015-01-16,121.385
2015-01-15,122.215
2015-01-14,121.445
2015-01-13,121.25
2015-01-12,121.14
2015-01-09,120.92500000000001
2015-01-08,120.55000000000001
2015-01-07,120.97999999999999
2015-01-06,120.78
2015-01-05,120.355
2015-01-02,119.89
2014-12-31,119.425
2014-12-30,119.455
2014-12-29,119.26
2014-12-26,118.935
2014-12-24,118.88
2014-12-23,118.88
2014-12-22,119.75999999999999
2014-12-19,119.38
2014-12-18,119.39
2014-12-17,119.305
2014-12-16,119.275
2014-12-15,119.315
2014-12-12,119.07499999999999
2014-12-11,118.88
2014-12-10,119.06
2014-12-09,119.00999999999999
2014-12-08,118.94
2014-12-05,118.375
2014-12-04,118.89500000000001
2014-12-03,118.695
2014-12-02,118.55000000000001
2014-12-01,119.31
2014-11-28,117.375
2014-11-26,119.74000000000001
2014-11-25,119.375
2014-11-24,118.835
2014-11-21,118.64
2014-11-20,118.14
2014-11-19,117.71000000000001
2014-11-18,118.32
2014-11-17,118.24000000000001
2014-11-14,118.525
2014-11-13,118.39
2014-11-12,118.45
2014-11-11,118.50999999999999
2014-11-10,118.52000000000001
2014-11-07,119.09
2014-11-06,118.37
2014-11-05,118.705
2014-11-04,118.92500000000001
2014-11-03,118.77000000000001
2014-10-31,119.325
2014-10-30,119.35
2014-10-29,119.245
2014-10-28,119.485
2014-10-27,119.89
2014-10-24,119.725
2014-10-23,119.69
2014-10-22,119.93
2014-10-21,120.11
2014-10-20,120.195
2014-10-17,119.965
2014-10-16,120.00999999999999
2014-10-15,120.365
2014-10-14,120.19999999999999
2014-10-13,119.905
2014-10-10,119.55000000000001
2014-10-09,119.515
2014-10-08,120.045
2014-10-07,119.475
2014-10-06,118.97
2014-10-03,118.91
2014-10-02,118.58500000000001
2014-10-01,118.66
2014-09-30,118.19999999999999
2014-09-29,118.07
2014-09-26,118.075
2014-09-25,118.34
2014-09-24,117.99000000000001
2014-09-23,118.25999999999999
2014-09-22,118.13
2014-09-19,117.97
2014-09-18,117.525
2014-09-17,117.295
2014-09-16,117.595
2014-09-15,117.67
2014-09-12,117.62
2014-09-11,118.24000000000001
2014-09-10,118.315
2014-09-09,118.485
2014-09-08,118.84
2014-09-05,119.015
2014-09-04,119.03
2014-09-03,119.82
2014-09-02,119.64500000000001
2014-08-29,120.605
2014-08-28,120.50999999999999
2014-08-27,120.25
2014-08-26,120.02000000000001
2014-08-25,119.94
2014-08-22,119.775
2014-08-21,119.61500000000001
2014-08-20,119.24000000000001
2014-08-19,119.47
2014-08-18,119.545
2014-08-15,119.83
2014-08-14,119.41
2014-08-13,119.305
2014-08-12,119.045
2014-08-11,119.095
2014-08-08,119.05000000000001
2014-08-07,119.09
2014-08-06,118.745
2014-08-05,118.935
2014-08-04,118.84
2014-08-01,118.835
2014-07-31,118.515
2014-07-30,118.85499999999999
2014-07-29,119.44
2014-07-28,119.315
2014-07-25,119.435
2014-07-24,118.985
2014-07-23,119.455
2014-07-22,119.34
2014-07-21,119.255
2014-07-18,119.25
2014-07-17,119.39
2014-07-16,118.94
2014-07-15,118.695
2014-07-14,118.78
2014-07-11,119.025
2014-07-10,118.655
2014-07-09,118.75999999999999
2014-07-08,118.58
2014-07-07,118.15
2014-07-03,117.905
2014-07-02,118.035
2014-07-01,118.485
2014-06-30,119.29499999999999
2014-06-27,119.39500000000001
2014-06-26,119.41
2014-06-25,119.225
2014-06-24,119.03999999999999
2014-06-23,118.525
2014-06-20,118.58
2014-06-19,118.315
2014-06-18,118.71000000000001
2014-06-17,118.09
2014-06-16,118.495
2014-06-13,118.475
2014-06-12,118.51
2014-06-11,118.145
2014-06-10,118.03999999999999
2014-06-09,118.24000000000001
2014-06-06,118.475
2014-06-05,118.215
2014-06-04,118.02
2014-06-03,118.10499999999999
2014-06-02,118.595
2014-05-30,119.56
2014-05-29,119.595
2014-05-28,119.88499999999999
2014-05-27,119.315
2014-05-23,118.945
2014-05-22,118.785
2014-05-21,118.84
2014-05-20,119.095
2014-05-19,119.05000000000001
2014-05-16,119.185
2014-05-15,119.28999999999999
2014-05-14,119.075
2014-05-13,118.505
2014-05-12,118.07
2014-05-09,118.36
2014-05-08,118.47
2014-05-07,118.45
2014-05-06,118.485
2014-05-05,118.31
2014-05-02,118.535
2014-05-01,118.28999999999999
2014-04-30,118.155
2014-04-29,117.835
2014-04-28,117.81
2014-04-25,117.965
2014-04-24,117.955
2014-04-23,117.935
2014-04-22,117.69
2014-04-21,117.605
2014-04-17,117.50999999999999
2014-04-16,118.125
2014-04-15,118.07
2014-04-14,117.82
2014-04-11,117.81
2014-04-10,117.69
2014-04-09,117.505
2014-04-08,117.41
2014-04-07,117.09
2014-04-04,116.88
2014-04-03,116.38499999999999
2014-04-02,116.175
2014-04-01,116.32
2014-03-31,116.94
2014-03-28,116.95500000000001
2014-03-27,117.05
2014-03-26,116.995
2014-03-25,116.545
2014-03-24,116.525
2014-03-21,116.28
2014-03-20,115.89
2014-03-19,115.765
2014-03-18,116.555
2014-03-17,116.205
2014-03-14,116.38
2014-03-13,116.535
2014-03-12,116.095
2014-03-11,115.715
2014-03-10,115.65
2014-03-07,115.805
2014-03-06,116.225
2014-03-05,116.59
2014-03-04,116.665
2014-03-03,117.255
2014-02-28,117.34
2014-02-27,117.4
2014-02-26,117.17500000000001
2014-02-25,116.785
2014-02-24,116.345
2014-02-21,116.305
2014-02-20,116.18
2014-02-19,116.28999999999999
2014-02-18,116.47999999999999
2014-02-14,116.195
2014-02-13,116.035
2014-02-12,115.55000000000001
2014-02-11,115.84
2014-02-10,116.095
2014-02-07,116.035
2014-02-06,115.76499999999999
2014-02-05,115.83
2014-02-04,116.195
2014-02-03,116.715
2014-01-31,116.325
2014-01-30,115.995
2014-01-29,115.91
2014-01-28,115.64
2014-01-27,115.15
2014-01-24,115.385
2014-01-23,115.44999999999999
2014-01-22,115.025
2014-01-21,115.295
2014-01-17,115.41499999999999
2014-01-16,115.3
2014-01-15,115.02000000000001
2014-01-14,115.035
2014-01-13,115.32499999999999
2014-01-10,115.155
2014-01-09,114.505
2014-01-08,114.25
2014-01-07,114.775
2014-01-06,114.81
2014-01-03,114.59
2014-01-02,114.39
2013-12-31,114.185
2013-12-30,114.415
2013-12-27,114.13499999999999
2013-12-26,114.295
2013-12-24,114.63
2013-12-23,114.705
2013-12-20,114.87
2013-12-19,114.33
2013-12-18,114.50999999999999
2013-12-17,114.515
2013-12-16,114.17500000000001
2013-12-13,114.06
2013-12-12,113.805
2013-12-11,113.97
2013-12-10,114.28
2013-12-09,113.79499999999999
2013-12-06,113.68
2013-12-05,113.38
2013-12-04,113.64500000000001
2013-12-03,113.99000000000001
2013-12-02,113.765
2013-11-29,114.67500000000001
2013-11-27,114.74000000000001
2013-11-26,114.74000000000001
2013-11-25,114.47
2013-11-22,114.28999999999999
2013-11-21,113.91
2013-11-20,113.66499999999999
2013-11-19,114.195
2013-11-18,114.53999999999999
2013-11-15,114.08500000000001
2013-11-14,114.03999999999999
2013-11-13,113.445
2013-11-12,113.17
2013-11-11,113.085
2013-11-08,113.29499999999999
2013-11-07,114.38
2013-11-06,114.185
2013-11-05,114.00999999999999
2013-11-04,114.56
2013-11-01,114.505
2013-10-31,115.225
2013-10-30,115.34
2013-10-29,115.56
2013-10-28,115.435
2013-10-25,115.335
2013-10-24,115.3
2013-10-23,115.435
2013-10-22,115.42500000000001
2013-10-21,114.815
2013-10-18,115.06
2013-10-17,114.92500000000001
2013-10-16,114.125
2013-10-15,113.24000000000001
2013-10-14,113.22
2013-10-11,113.55
2013-10-10,113.42500000000001
2013-10-09,113.245
2013-10-08,113.53
2013-10-07,113.535
2013-10-04,113.305
2013-10-03,113.45
2013-10-02,113.4
2013-10-01,113.065
2013-09-30,113.535
2013-09-27,113.77000000000001
2013-09-26,113.845
2013-09-25,114.125
2013-09-24,113.78999999999999
2013-09-23,113.48
2013-09-20,112.85499999999999
2013-09-19,112.74000000000001
2013-09-18,113.41499999999999
2013-09-17,111.785
2013-09-16,111.485
2013-09-13,111.36500000000001
2013-09-12,111.285
2013-09-11,111.35499999999999
2013-09-10,110.875
2013-09-09,111.325
2013-09-06,111.11500000000001
2013-09-05,110.905
2013-09-04,111.85
2013-09-03,112.225
2013-08-30,113.07
2013-08-29,113.035
2013-08-28,112.91499999999999
2013-08-27,112.89500000000001
2013-08-26,112.41499999999999
2013-08-23,112.185
2013-08-22,111.445
2013-08-21,110.92
2013-08-20,111.595
2013-08-19,110.975
2013-08-16,111.62
2013-08-15,112.155
2013-08-14,112.975
2013-08-13,113.13
2013-08-12,113.89500000000001
2013-08-09,114.055
2013-08-08,113.985
2013-08-07,113.805
2013-08-06,113.53
2013-08-05,113.425
2013-08-02,113.92
2013-08-01,113.365
2013-07-31,114.525
2013-07-30,114.51
2013-07-29,114.58000000000001
2013-07-26,114.685
2013-07-25,114.6
2013-07-24,114.56
2013-07-23,115.245
2013-07-22,115.405
2013-07-19,115.13
2013-07-18,114.505
2013-07-17,114.85499999999999
2013-07-16,114.475
2013-07-15,114.59
2013-07-12,113.9
2013-07-11,114.145
2013-07-10,112.92
2013-07-09,113.27
2013-07-08,112.91
2013-07-05,112.16
2013-07-03,113.81
2013-07-02,113.95
2013-07-01,113.70500000000001
2013-06-28,113.53
2013-06-27,113.65
2013-06-26,112.755
2013-06-25,111.88
2013-06-24,111.565
2013-06-21,112.355
2013-06-20,113.14
2013-06-19,114.82
2013-06-18,116.345
2013-06-17,116.61
2013-06-14,116.81
2013-06-13,116.82499999999999
2013-06-12,115.595
2013-06-11,116.13499999999999
2013-06-10,116.22
2013-06-07,116.50999999999999
2013-06-06,117.11500000000001
2013-06-05,116.63
2013-06-04,116.775
2013-06-03,117.195
2013-05-31,117.8
2013-05-30,118.32
2013-05-29,118.42
2013-05-28,118.365
2013-05-24,119.545
2013-05-23,119.59
2013-05-22,119.515
2013-05-21,120.345
2013-05-20,119.985
2013-05-17,120.08500000000001
2013-05-16,120.59
2013-05-15,120.04
2013-05-14,119.665
2013-05-13,119.96000000000001
2013-05-10,120.28999999999999
2013-05-09,120.91499999999999
2013-05-08,121.07
2013-05-07,121.015
2013-05-06,121.145
2013-05-03,121.24
2013-05-02,122.275
2013-05-01,122.27000000000001
2013-04-30,122.185
2013-04-29,122.35499999999999
2013-04-26,122.28999999999999
2013-04-25,121.91499999999999
2013-04-24,121.97999999999999
2013-04-23,121.86500000000001
2013-04-22,121.775
2013-04-19,121.75
2013-04-18,121.56
2013-04-17,121.425
2013-04-16,121.25999999999999
2013-04-15,121.575
2013-04-12,121.41499999999999
2013-04-11,120.86500000000001
2013-04-10,120.735
2013-04-09,121.095
2013-04-08,120.91
2013-04-05,120.935
2013-04-04,120.41
2013-04-03,119.76
2013-04-02,119.325
2013-04-01,119.38
2013-03-28,119.86
2013-03-27,119.895
2013-03-26,119.505
2013-03-25,119.4
2013-03-22,119.46000000000001
2013-03-21,119.455
2013-03-20,119.33
2013-03-19,119.755
2013-03-18,119.46000000000001
2013-03-15,119.175
2013-03-14,119.0
2013-03-13,119.065
2013-03-12,119.155
2013-03-11,118.89
2013-03-08,118.77
2013-03-07,119.225
2013-03-06,119.515
2013-03-05,119.925
2013-03-04,120.1
2013-03-01,120.17
2013-02-28,120.35
2013-02-27,120.265
2013-02-26,120.27
2013-02-25,120.455
2013-02-22,119.765
2013-02-21,119.735
2013-02-20,119.465
2013-02-19,119.32
2013-02-15,119.36
2013-02-14,119.4
2013-02-13,119.02000000000001
2013-02-12,119.295
2013-02-11,119.38499999999999
2013-02-08,119.435
2013-02-07,119.255
2013-02-06,119.245
2013-02-05,118.95500000000001
2013-02-04,119.215
2013-02-01,118.78
2013-01-31,119.445
2013-01-30,119.41
2013-01-29,119.69999999999999
2013-01-28,119.965
2013-01-25,120.1
2013-01-24,120.675
2013-01-23,120.82499999999999
2013-01-22,120.69
2013-01-18,120.745
2013-01-17,120.5
2013-01-16,120.82
2013-01-15,120.72
2013-01-14,120.8
2013-01-11,121.08500000000001
2013-01-10,120.795
2013-01-09,120.83
2013-01-08,120.905
2013-01-07,120.745
2013-01-04,120.625
2013-01-03,120.63499999999999
2013-01-02,121.22
2012-12-31,121.155
2012-12-28,121.605
2012-12-27,121.295
2012-12-26,121.025
2012-12-24,121.16499999999999
2012-12-21,121.2
2012-12-20,120.97999999999999
2012-12-19,120.86
2012-12-18,120.44
2012-12-17,120.765
2012-12-14,121.15
2012-12-13,121.00999999999999
2012-12-12,121.19
2012-12-11,121.62
2012-12-10,122.07499999999999
2012-12-07,121.965
2012-12-06,122.225
2012-12-05,122.185
2012-12-04,122.025
2012-12-03,121.91499999999999
2012-11-30,122.2
2012-11-29,122.1
2012-11-28,122.08500000000001
2012-11-27,122.08500000000001
2012-11-26,121.935
2012-11-23,121.77000000000001
2012-11-21,121.745
2012-11-20,121.655
2012-11-19,121.96
2012-11-16,121.64500000000001
2012-11-15,121.6
2012-11-14,121.87
2012-11-13,121.65
2012-11-12,121.66
2012-11-09,121.56
2012-11-08,121.91
2012-11-07,122.03
2012-11-06,121.675
2012-11-05,122.28
2012-11-02,122.25
2012-11-01,122.52000000000001
2012-10-31,122.805
2012-10-26,122.68
2012-10-25,122.13499999999999
2012-10-24,122.375
2012-10-23,122.75
2012-10-22,122.455
2012-10-19,122.8
2012-10-18,122.65
2012-10-17,122.78
2012-10-16,123.0
2012-10-15,123.09
2012-10-12,122.73500000000001
2012-10-11,122.575
2012-10-10,122.195
2012-10-09,122.015
2012-10-08,121.80000000000001
2012-10-05,121.80000000000001
2012-10-04,121.715
2012-10-03,121.78999999999999
2012-10-02,121.88
2012-10-01,121.965
2012-09-28,121.595
2012-09-27,121.50999999999999
2012-09-26,121.60499999999999
2012-09-25,121.22999999999999
2012-09-24,120.645
2012-09-21,120.88499999999999
2012-09-20,120.59
2012-09-19,120.395
2012-09-18,120.35
2012-09-17,120.42
2012-09-14,119.91499999999999
2012-09-13,120.6
2012-09-12,119.735
2012-09-11,120.06
2012-09-10,120.035
2012-09-07,120.005
2012-09-06,119.69999999999999
2012-09-05,120.3
2012-09-04,119.925
2012-08-31,120.815
2012-08-30,119.92
2012-08-29,120.02
2012-08-28,120.2
2012-08-27,120.09
2012-08-24,119.86500000000001
2012-08-23,119.75
2012-08-22,119.63499999999999
2012-08-21,119.025
2012-08-20,118.745
2012-08-17,118.575
2012-08-16,118.36
2012-08-15,118.89500000000001
2012-08-14,119.31
2012-08-13,119.925
2012-08-10,119.88
2012-08-09,119.495
2012-08-08,120.00999999999999
2012-08-07,120.10499999999999
2012-08-06,120.905
2012-08-03,120.60499999999999
2012-08-02,121.0
2012-08-01,120.39
2012-07-31,121.01
2012-07-30,120.63499999999999
2012-07-27,120.6
2012-07-26,120.8
2012-07-25,120.725
2012-07-24,120.435
2012-07-23,120.595
2012-07-20,120.69
2012-07-19,120.68
2012-07-18,120.49
2012-07-17,119.72999999999999
2012-07-16,119.63
2012-07-13,119.425
2012-07-12,119.38499999999999
2012-07-11,118.765
2012-07-10,118.245
2012-07-09,118.595
2012-07-06,118.41499999999999
2012-07-05,118.16499999999999
2012-07-03,120.44999999999999
2012-07-02,118.06
2012-06-29,117.655
2012-06-28,116.985
2012-06-27,117.605
2012-06-26,117.03
2012-06-25,117.21
2012-06-22,117.065
2012-06-21,117.035
2012-06-20,116.82
2012-06-19,116.77000000000001
2012-06-18,116.655
2012-06-15,116.69
2012-06-14,116.425
2012-06-13,116.545
2012-06-12,116.00999999999999
2012-06-11,116.47
2012-06-08,116.25
2012-06-07,116.03
2012-06-06,115.805
2012-06-05,116.13
2012-06-04,116.235
2012-06-01,117.425
2012-05-31,116.82499999999999
2012-05-30,116.09
2012-05-29,115.895
2012-05-25,116.005
2012-05-24,115.50999999999999
2012-05-23,115.97
2012-05-22,115.315
2012-05-21,115.69
2012-05-18,115.31
2012-05-17,115.99000000000001
2012-05-16,116.68
2012-05-15,116.49000000000001
2012-05-14,116.895
2012-05-11,116.775
2012-05-10,116.575
2012-05-09,116.775
2012-05-08,116.91
2012-05-07,116.675
2012-05-04,116.39
2012-05-03,116.31
2012-05-02,116.18
2012-05-01,115.82499999999999
2012-04-30,116.505
2012-04-27,116.78999999999999
2012-04-26,116.47
2012-04-25,116.195
2012-04-24,116.10499999999999
2012-04-23,116.35
2012-04-20,116.095
2012-04-19,116.36500000000001
2012-04-18,116.045
2012-04-17,116.07499999999999
2012-04-16,115.96
2012-04-13,116.00999999999999
2012-04-12,115.415
2012-04-11,115.265
2012-04-10,115.34
2012-04-09,115.39500000000001
2012-04-05,114.755
2012-04-04,114.5
2012-04-03,114.535
2012-04-02,115.435
2012-03-30,115.255
2012-03-29,115.9
2012-03-28,115.64
2012-03-27,115.85499999999999
2012-03-26,115.195
2012-03-23,114.77000000000001
2012-03-22,114.55000000000001
2012-03-21,114.82499999999999
2012-03-20,114.235
2012-03-19,114.41
2012-03-16,114.495
2012-03-15,114.36
2012-03-14,114.77000000000001
2012-03-13,116.075
2012-03-12,116.38
2012-03-09,116.55
2012-03-08,116.32
2012-03-07,116.325
2012-03-06,116.505
2012-03-05,116.88499999999999
2012-03-02,117.125
2012-03-01,117.13499999999999
2012-02-29,117.10499999999999
2012-02-28,117.59
2012-02-27,117.26
2012-02-24,116.765
2012-02-23,116.6
2012-02-22,116.655
2012-02-21,116.03
2012-02-17,116.02
2012-02-16,116.225
2012-02-15,116.315
2012-02-14,116.535
2012-02-13,116.45
2012-02-10,115.98
2012-02-09,116.155
2012-02-08,116.42
2012-02-07,116.44
2012-02-06,116.72
2012-02-03,116.36500000000001
2012-02-02,116.795
2012-02-01,116.18
2012-01-31,116.32499999999999
2012-01-30,115.94
2012-01-27,116.055
2012-01-26,115.925
2012-01-25,115.05000000000001
2012-01-24,114.43
2012-01-23,114.515
2012-01-20,114.38
2012-01-19,114.815
2012-01-18,114.63499999999999
2012-01-17,114.66499999999999
2012-01-13,114.47
2012-01-12,113.775
2012-01-11,113.84
2012-01-10,113.74000000000001
2012-01-09,113.55000000000001
2012-01-06,113.73
2012-01-05,113.375
2012-01-04,113.74000000000001
2012-01-03,113.83500000000001
2011-12-30,113.58
2011-12-29,113.25
2011-12-28,113.33500000000001
2011-12-27,112.825
2011-12-23,113.03
2011-12-22,113.35499999999999
2011-12-21,112.82
2011-12-20,113.47
2011-12-19,113.22999999999999
2011-12-16,113.055
2011-12-15,112.375
2011-12-14,112.19999999999999
2011-12-13,112.02
2011-12-12,111.58
2011-12-09,111.52000000000001
2011-12-08,111.725
2011-12-07,112.315
2011-12-06,111.905
2011-12-05,112.23
2011-12-02,111.435
2011-12-01,110.92
2011-11-30,110.53999999999999
2011-11-29,110.4
2011-11-28,110.55000000000001
2011-11-25,110.595
2011-11-23,110.745
2011-11-22,111.575
2011-11-21,111.78
2011-11-18,112.07
2011-11-17,111.9
2011-11-16,112.775
2011-11-15,113.535
2011-11-14,113.19
2011-11-11,113.30000000000001
2011-11-10,113.29499999999999
2011-11-09,114.15
2011-11-08,114.495
2011-11-07,115.185
2011-11-04,115.49000000000001
2011-11-03,115.35
2011-11-02,115.345
2011-11-01,114.825
2011-10-31,114.63
2011-10-28,114.35
2011-10-27,113.995
2011-10-26,113.92500000000001
2011-10-25,114.09
2011-10-24,113.475
2011-10-21,112.93
2011-10-20,112.58
2011-10-19,112.3
2011-10-18,112.09
2011-10-17,111.72
2011-10-14,111.59
2011-10-13,111.69
2011-10-12,111.735
2011-10-11,111.375
2011-10-10,111.21000000000001
2011-10-07,111.13
2011-10-06,111.37
2011-10-05,111.495
2011-10-04,111.155
2011-10-03,111.80000000000001
2011-09-30,112.155
2011-09-29,111.975
2011-09-28,111.85
2011-09-27,112.41499999999999
2011-09-26,112.65
2011-09-23,112.885
2011-09-22,113.6
2011-09-21,113.38
2011-09-20,113.06
2011-09-19,113.285
2011-09-16,112.62
2011-09-15,112.535
2011-09-14,112.81
2011-09-13,112.63499999999999
2011-09-12,112.86500000000001
2011-09-09,113.66499999999999
2011-09-08,113.625
2011-09-07,113.57499999999999
2011-09-06,113.52000000000001
2011-09-02,112.83
2011-09-01,112.05
2011-08-31,112.485
2011-08-30,112.05000000000001
2011-08-29,111.405
2011-08-26,110.95
2011-08-25,110.97999999999999
2011-08-24,110.285
2011-08-23,111.61
2011-08-22,113.275
2011-08-19,113.375
2011-08-18,113.465
2011-08-17,113.305
2011-08-16,112.86500000000001
2011-08-15,112.46000000000001
2011-08-12,112.46000000000001
2011-08-11,111.16
2011-08-10,113.06
2011-08-09,113.03
2011-08-08,112.24000000000001
2011-08-05,112.57
2011-08-04,113.9
2011-08-03,112.97999999999999
2011-08-02,113.27000000000001
2011-08-01,112.355
2011-07-29,112.415
2011-07-28,111.375
2011-07-27,111.065
2011-07-26,111.465
2011-07-25,110.975
2011-07-22,111.425
2011-07-21,111.045
2011-07-20,111.24
2011-07-19,111.585
2011-07-18,110.9
2011-07-15,111.39500000000001
2011-07-14,111.4
2011-07-13,111.80000000000001
2011-07-12,111.525
2011-07-11,111.38499999999999
2011-07-08,110.815
2011-07-07,110.41499999999999
2011-07-06,110.215
2011-07-05,110.2
2011-07-01,109.655
2011-06-30,110.045
2011-06-29,109.695
2011-06-28,110.22
2011-06-27,110.955
2011-06-24,111.4
2011-06-23,111.15
2011-06-22,110.92
2011-06-21,110.91
2011-06-20,110.61500000000001
2011-06-17,110.78
2011-06-16,110.545
2011-06-15,111.035
2011-06-14,110.38
2011-06-13,110.775
2011-06-10,110.53
2011-06-09,111.045
2011-06-08,111.06
2011-06-07,110.92
2011-06-06,110.795
2011-06-03,110.81
2011-06-02,110.68
2011-06-01,111.775
2011-05-31,111.53999999999999
2011-05-27,113.095
2011-05-26,111.52
2011-05-25,111.125
2011-05-24,111.15
2011-05-23,111.16
2011-05-20,110.935
2011-05-19,110.93
2011-05-18,111.16999999999999
2011-05-17,111.445
2011-05-16,110.97
2011-05-13,110.82
2011-05-12,110.4
2011-05-11,110.88499999999999
2011-05-10,110.205
2011-05-09,110.94
2011-05-06,110.65
2011-05-05,110.86
2011-05-04,110.415
2011-05-03,110.25
2011-05-02,110.595
2011-04-29,110.47
2011-04-28,110.55
2011-04-27,109.94
2011-04-26,110.06
2011-04-25,109.83
2011-04-21,109.625
2011-04-20,109.69
2011-04-19,109.5
2011-04-18,109.175
2011-04-15,108.83500000000001
2011-04-14,108.34
2011-04-13,108.97
2011-04-12,108.60499999999999
2011-04-11,108.11
2011-04-08,108.08500000000001
2011-04-07,107.99000000000001
2011-04-06,108.245
2011-04-05,108.375
2011-04-04,108.74000000000001
2011-04-01,108.32499999999999
2011-03-31,108.245
2011-03-30,108.49000000000001
2011-03-29,108.225
2011-03-28,108.625
2011-03-25,108.68
2011-03-24,108.58500000000001
2011-03-23,109.00999999999999
2011-03-22,109.005
2011-03-21,108.945
2011-03-18,109.345
2011-03-17,109.52
2011-03-16,109.41499999999999
2011-03-15,108.89
2011-03-14,108.74000000000001
2011-03-11,108.67
2011-03-10,108.775
2011-03-09,108.30000000000001
2011-03-08,107.77000000000001
2011-03-07,107.88499999999999
2011-03-04,108.43
2011-03-03,107.945
2011-03-02,108.225
2011-03-01,108.71000000000001
2011-02-28,109.655
2011-02-25,108.765
2011-02-24,108.45
2011-02-23,108.48
2011-02-22,108.445
2011-02-18,108.155
2011-02-17,108.045
2011-02-16,107.83
2011-02-15,107.845
2011-02-14,107.81
2011-02-11,107.80000000000001
2011-02-10,107.00999999999999
2011-02-09,107.525
2011-02-08,107.01
2011-02-07,107.025
2011-02-04,107.195
2011-02-03,107.28999999999999
2011-02-02,107.65
2011-02-01,107.815
2011-01-31,108.73
2011-01-28,109.41
2011-01-27,108.545
2011-01-26,108.575
2011-01-25,108.86500000000001
2011-01-24,108.545
2011-01-21,108.47999999999999
2011-01-20,108.24
2011-01-19,109.13
2011-01-18,109.19
2011-01-14,109.03
2011-01-13,109.345
2011-01-12,108.95
2011-01-11,109.02
2011-01-10,110.475
2011-01-07,108.995
2011-01-06,108.64500000000001
2011-01-05,108.12
2011-01-04,108.955
2011-01-03,108.85
2010-12-31,108.555
2010-12-30,108.41499999999999
2010-12-29,108.155
2010-12-28,107.3
2010-12-27,108.795
2010-12-23,108.245
2010-12-22,107.975
2010-12-21,108.36500000000001
2010-12-20,108.235
2010-12-17,108.1
2010-12-16,107.305
2010-12-15,106.565
2010-12-14,107.38499999999999
2010-12-13,107.87
2010-12-10,107.695
2010-12-09,107.95
2010-12-08,107.78
2010-12-07,108.515
2010-12-06,109.605
2010-12-03,109.495
2010-12-02,109.145
2010-12-01,109.245
2010-11-30,110.14
2010-11-29,110.265
2010-11-26,109.125
2010-11-24,109.215
2010-11-23,110.9
2010-11-22,110.87
2010-11-19,110.01
2010-11-18,109.62
2010-11-17,109.41499999999999
2010-11-16,109.625
2010-11-15,109.375
2010-11-12,110.445
2010-11-11,111.57
2010-11-10,111.755
2010-11-09,112.055
2010-11-08,113.075
2010-11-05,112.74
2010-11-04,112.98
2010-11-03,112.16
2010-11-02,112.28999999999999
2010-11-01,112.22
2010-10-29,112.46000000000001
2010-10-28,112.14
2010-10-27,111.72
2010-10-26,112.2
2010-10-25,112.55000000000001
2010-10-22,112.28
2010-10-21,111.97999999999999
2010-10-20,112.49000000000001
2010-10-19,112.21000000000001
2010-10-18,112.095
2010-10-15,111.525
2010-10-14,112.175
2010-10-13,113.095
2010-10-12,113.07499999999999
2010-10-11,113.29
2010-10-08,113.18
2010-10-07,113.255
2010-10-06,113.315
2010-10-05,112.66499999999999
2010-10-04,112.33500000000001
2010-10-01,112.46000000000001
2010-09-30,113.235
2010-09-29,112.815
2010-09-28,
2010-09-27,112.475
2010-09-24,112.255
2010-09-23,112.28999999999999
2010-09-22,112.22
2010-09-21,112.00999999999999
2010-09-20,111.155
2010-09-17,111.505
2010-09-16,110.975
2010-09-15,111.305
2010-09-14,111.375
2010-09-13,110.52
2010-09-10,110.88499999999999
2010-09-09,110.71000000000001
2010-09-08,111.38499999999999
2010-09-07,111.485
2010-09-03,110.86500000000001
2010-09-02,111.905
2010-09-01,111.85499999999999
2010-08-31,113.825
2010-08-30,
2010-08-27,112.44999999999999
2010-08-26,112.86500000000001
2010-08-25,112.985
2010-08-24,112.975
2010-08-23,112.24000000000001
2010-08-20,113.50999999999999
2010-08-19,112.065
2010-08-18,111.66
2010-08-17,111.63
2010-08-16,113.27000000000001
2010-08-13,
2010-08-12,110.445
2010-08-11,110.62
2010-08-10,113.53999999999999
2010-08-09,113.5
2010-08-06,110.405
2010-08-05,109.69
2010-08-04,109.53999999999999
2010-08-03,110.1
2010-08-02,109.655
2010-07-30,109.875
2010-07-29,112.225
2010-07-28,109.685
2010-07-27,109.325
2010-07-26,109.695
2010-07-23,109.705
2010-07-22,109.53999999999999
2010-07-21,111.00999999999999
2010-07-20,108.765
2010-07-19,109.02000000000001
2010-07-16,109.12
2010-07-15,108.735
2010-07-14,108.215
2010-07-13,108.08500000000001
2010-07-12,108.17500000000001
2010-07-09,108.16
2010-07-08,108.00999999999999
2010-07-07,108.745
2010-07-06,108.215
2010-07-02,108.06
2010-07-01,108.065
2010-06-30,108.705
2010-06-29,108.1
2010-06-28,112.43
2010-06-25,107.58
2010-06-24,107.375
2010-06-23,107.85
2010-06-22,107.41499999999999
2010-06-21,106.57499999999999
2010-06-18,106.255
2010-06-17,106.315
2010-06-16,105.69
2010-06-15,105.61
2010-06-14,105.675
2010-06-11,105.995
2010-06-10,105.565
2010-06-09,105.91499999999999
2010-06-08,106.08
2010-06-07,105.8
2010-06-04,105.595
2010-06-03,105.385
2010-06-02,105.09
2010-06-01,105.015
2010-05-28,105.555
2010-05-27,105.66
2010-05-26,106.195
2010-05-25,106.195
2010-05-24,106.46000000000001
2010-05-21,106.265
2010-05-20,111.72999999999999
2010-05-19,112.055
2010-05-18,106.695
2010-05-17,106.5
2010-05-14,106.15
2010-05-13,105.61500000000001
2010-05-12,105.775
2010-05-11,105.695
2010-05-10,105.35499999999999
2010-05-07,105.16499999999999
2010-05-06,104.89
2010-05-05,106.475
2010-05-04,107.05
2010-05-03,107.775
2010-04-30,107.995
2010-04-29,106.84
2010-04-28,106.675
2010-04-27,106.47
2010-04-26,106.32499999999999
2010-04-23,106.445
2010-04-22,106.38
2010-04-21,106.625
2010-04-20,106.1
2010-04-19,106.04
2010-04-16,106.325
2010-04-15,106.14500000000001
2010-04-14,105.97
2010-04-13,105.72999999999999
2010-04-12,105.63499999999999
2010-04-09,105.215
2010-04-08,105.0
2010-04-07,105.11500000000001
2010-04-06,104.89
2010-04-05,104.885
2010-04-01,105.475
2010-03-31,105.85
2010-03-30,105.34
2010-03-29,105.665
2010-03-26,105.455
2010-03-25,105.425
2010-03-24,105.965
2010-03-23,106.83
2010-03-22,106.93
2010-03-19,106.47999999999999
2010-03-18,107.91
2010-03-17,106.985
2010-03-16,106.475
2010-03-15,105.83
2010-03-12,105.955
2010-03-11,105.75
2010-03-10,105.50999999999999
2010-03-09,105.7
2010-03-08,105.755
2010-03-05,105.465
2010-03-04,105.685
2010-03-03,105.55
2010-03-02,105.44
2010-03-01,105.13
2010-02-26,105.365
2010-02-25,104.94
2010-02-24,104.765
2010-02-23,104.225
2010-02-22,104.295
2010-02-19,104.15
2010-02-18,103.685
2010-02-17,103.825
2010-02-16,104.17
2010-02-12,103.595
2010-02-11,103.875
2010-02-10,103.46
2010-02-09,104.485
2010-02-08,104.555
2010-02-05,104.685
2010-02-04,104.58
2010-02-03,104.59
2010-02-02,104.985
2010-02-01,104.595
2010-01-29,105.32
2010-01-28,104.87
2010-01-27,105.0
2010-01-26,105.24000000000001
2010-01-25,105.755
2010-01-22,105.505
2010-01-21,105.795
2010-01-20,105.47999999999999
2010-01-19,105.655
2010-01-15,105.57
2010-01-14,105.325
2010-01-13,105.16499999999999
2010-01-12,105.535
2010-01-11,105.23
2010-01-08,105.0
2010-01-07,104.97
2010-01-06,104.96
2010-01-05,105.315
2010-01-04,104.42
2009-12-31,104.11500000000001
2009-12-30,104.10499999999999
2009-12-29,104.21000000000001
2009-12-28,104.155
2009-12-24,104.985
2009-12-23,104.86500000000001
2009-12-22,104.71000000000001
2009-12-21,105.17500000000001
2009-12-18,105.775
2009-12-17,106.11500000000001
2009-12-16,105.61500000000001
2009-12-15,105.11
2009-12-14,105.515
2009-12-11,105.27000000000001
2009-12-10,105.85499999999999
2009-12-09,105.66999999999999
2009-12-08,106.355
2009-12-07,105.74
2009-12-04,105.875
2009-12-03,106.28
2009-12-02,106.285
2009-12-01,106.16999999999999
2009-11-30,107.05000000000001
2009-11-27,106.245
2009-11-25,106.045
2009-11-24,106.435
2009-11-23,105.88499999999999
2009-11-20,105.88
2009-11-19,106.345
2009-11-18,106.43
2009-11-17,106.675
2009-11-16,106.405
2009-11-13,106.0
2009-11-12,105.695
2009-11-11,105.6
2009-11-10,105.855
2009-11-09,105.42
2009-11-06,105.03999999999999
2009-11-05,105.03999999999999
2009-11-04,104.94
2009-11-03,104.86500000000001
2009-11-02,105.39
2009-10-30,105.095
2009-10-29,104.67
2009-10-28,104.595
2009-10-27,104.845
2009-10-26,104.445
2009-10-23,104.945
2009-10-22,105.46000000000001
2009-10-21,104.69999999999999
2009-10-20,105.525
2009-10-19,104.795
2009-10-16,103.905
2009-10-15,104.075
2009-10-14,104.11
2009-10-13,104.16499999999999
2009-10-12,104.37
2009-10-09,104.015
2009-10-08,104.755
2009-10-07,105.34
2009-10-06,104.925
2009-10-05,104.925
2009-10-02,104.525
2009-10-01,105.66999999999999
2009-09-30,106.53999999999999
2009-09-29,107.285
2009-09-28,107.16499999999999
2009-09-25,106.83500000000001
2009-09-24,106.22999999999999
2009-09-23,106.06
2009-09-22,106.26
2009-09-21,106.08
2009-09-18,105.75999999999999
2009-09-17,106.25
2009-09-16,105.765
2009-09-15,105.565
2009-09-14,105.89
2009-09-11,106.32
2009-09-10,105.245
2009-09-09,104.56
2009-09-08,104.965
2009-09-04,104.965
2009-09-03,104.675
2009-09-02,104.935
2009-09-01,104.96000000000001
2009-08-31,104.92
2009-08-28,104.75999999999999
2009-08-27,104.41999999999999
2009-08-26,105.02000000000001
2009-08-25,104.475
2009-08-24,103.885
2009-08-21,103.18
2009-08-20,103.84
2009-08-19,103.315
2009-08-18,103.11
2009-08-17,103.4
2009-08-14,103.16999999999999
2009-08-13,102.86500000000001
2009-08-12,102.055
2009-08-11,103.055
2009-08-10,102.58500000000001
2009-08-07,102.43
2009-08-06,102.46000000000001
2009-08-05,102.565
2009-08-04,102.6
2009-08-03,103.16
2009-07-31,105.78999999999999
2009-07-30,102.645
2009-07-29,102.055
2009-07-28,101.68
2009-07-27,101.425
2009-07-24,101.655
2009-07-23,101.16
2009-07-22,101.555
2009-07-21,101.725
2009-07-20,100.71000000000001
2009-07-17,99.94999999999999
2009-07-16,100.375
2009-07-15,99.66499999999999
2009-07-14,100.58000000000001
2009-07-13,100.87
2009-07-10,100.63
2009-07-09,100.38
2009-07-08,100.45
2009-07-07,99.575
2009-07-06,99.88
2009-07-02,99.98
2009-07-01,99.65
2009-06-30,100.38
2009-06-29,100.41
2009-06-26,100.375
2009-06-25,100.28
2009-06-24,99.66499999999999
2009-06-23,99.515
2009-06-22,98.85
2009-06-19,98.555
2009-06-18,97.71000000000001
2009-06-17,99.095
2009-06-16,98.99000000000001
2009-06-15,98.98
2009-06-12,98.995
2009-06-11,98.465
2009-06-10,97.995
2009-06-09,98.03
2009-06-08,97.375
2009-06-05,97.43
2009-06-04,98.005
2009-06-03,98.985
2009-06-02,97.955
2009-06-01,97.22
2009-05-29,98.025
2009-05-28,96.815
2009-05-27,96.08500000000001
2009-05-26,96.85499999999999
2009-05-22,97.39
2009-05-21,96.99
2009-05-20,97.62
2009-05-19,97.315
2009-05-18,97.1
2009-05-15,97.1
2009-05-14,97.25
2009-05-13,96.8
2009-05-12,97.06
2009-05-11,96.995
2009-05-08,96.95
2009-05-07,95.715
2009-05-06,96.685
2009-05-05,96.465
2009-05-04,96.03
2009-05-01,95.8
2009-04-30,96.475
2009-04-29,96.275
2009-04-28,95.785
2009-04-27,95.745
2009-04-24,96.34
2009-04-23,95.995
2009-04-22,95.78999999999999
2009-04-21,95.66499999999999
2009-04-20,95.74000000000001
2009-04-17,96.525
2009-04-16,96.505
2009-04-15,96.225
2009-04-14,95.5
2009-04-13,94.715
2009-04-09,94.65
2009-04-08,94.0
2009-04-07,92.78999999999999
2009-04-06,92.765
2009-04-03,93.13499999999999
2009-04-02,93.47999999999999
2009-04-01,93.435
2009-03-31,94.16499999999999
2009-03-30,92.88499999999999
2009-03-27,93.195
2009-03-26,93.31
2009-03-25,92.715
2009-03-24,93.4
2009-03-23,94.66
2009-03-20,93.925
2009-03-19,94.655
2009-03-18,94.57
2009-03-17,92.98
2009-03-16,92.85499999999999
2009-03-13,92.275
2009-03-12,91.69
2009-03-11,91.50999999999999
2009-03-10,91.46000000000001
2009-03-09,90.555
2009-03-06,93.1
2009-03-05,93.375
2009-03-04,93.295
2009-03-03,93.2
2009-03-02,94.845
2009-02-27,94.37
2009-02-26,95.81
2009-02-25,95.67
2009-02-24,97.07
2009-02-23,97.88499999999999
2009-02-20,97.695
2009-02-19,97.96000000000001
2009-02-18,98.91
2009-02-17,99.13
2009-02-13,97.67
2009-02-12,99.49000000000001
2009-02-11,98.875
2009-02-10,98.84
2009-02-09,98.475
2009-02-06,98.255
2009-02-05,97.83
2009-02-04,98.035
2009-02-03,98.455
2009-02-02,98.88499999999999
2009-01-30,99.745
2009-01-29,99.195
2009-01-28,100.10499999999999
2009-01-27,99.82
2009-01-26,97.845
2009-01-23,98.545
2009-01-22,98.96000000000001
2009-01-21,99.485
2009-01-20,100.525
2009-01-16,101.645
2009-01-15,101.745
2009-01-14,101.08500000000001
2009-01-13,101.53999999999999
2009-01-12,102.045
2009-01-09,101.395
2009-01-08,101.32
2009-01-07,100.62
2009-01-06,101.62
2009-01-05,103.425
2009-01-02,101.08
2008-12-31,101.08000000000001
2008-12-30,100.89500000000001
2008-12-29,100.6
2008-12-26,100.57499999999999
2008-12-24,100.965
2008-12-23,100.23
2008-12-22,99.695
2008-12-19,98.61
2008-12-18,100.16499999999999
2008-12-17,97.44999999999999
2008-12-16,96.6
2008-12-15,94.63
2008-12-12,94.53
2008-12-11,93.80000000000001
2008-12-10,93.63
2008-12-09,93.50999999999999
2008-12-08,93.10499999999999
2008-12-05,91.6
2008-12-04,92.475
2008-12-03,92.175
2008-12-02,92.045
2008-12-01,90.88
2008-11-28,90.42500000000001
2008-11-26,90.445
2008-11-25,91.1
2008-11-24,91.12
2008-11-21,91.13499999999999
2008-11-20,90.725
2008-11-19,90.75
2008-11-18,90.65
2008-11-17,91.005
2008-11-14,90.32
2008-11-13,90.50999999999999
2008-11-12,90.38
2008-11-11,90.61
2008-11-10,90.63
2008-11-07,90.245
2008-11-06,90.45
2008-11-05,90.66
2008-11-04,88.96000000000001
2008-11-03,88.005
2008-10-31,87.56
2008-10-30,88.50999999999999
2008-10-29,88.355
2008-10-28,87.16499999999999
2008-10-27,87.785
2008-10-24,88.87
2008-10-23,87.38
2008-10-22,87.305
2008-10-21,88.495
2008-10-20,85.895
2008-10-17,85.62
2008-10-16,87.25
2008-10-15,85.58
2008-10-14,85.675
2008-10-13,84.235
2008-10-10,82.02000000000001
2008-10-09,85.53999999999999
2008-10-08,88.045
2008-10-07,89.535
2008-10-06,86.7
2008-10-03,88.6
2008-10-02,89.25
2008-10-01,89.08500000000001
2008-09-30,88.82
2008-09-29,81.71000000000001
2008-09-26,89.68
2008-09-25,91.59
2008-09-24,90.78999999999999
2008-09-23,91.225
2008-09-22,93.255
2008-09-19,91.375
2008-09-18,88.465
2008-09-17,88.44
2008-09-16,92.4
2008-09-15,99.49000000000001
2008-09-12,100.28999999999999
2008-09-11,100.695
2008-09-10,103.72999999999999
2008-09-09,103.53999999999999
2008-09-08,101.825
2008-09-05,102.16
2008-09-04,101.975
2008-09-03,101.975
2008-09-02,102.235
2008-08-29,101.87
2008-08-28,101.89
2008-08-27,101.89
2008-08-26,101.185
2008-08-25,102.19
2008-08-22,100.70500000000001
2008-08-21,100.71000000000001
2008-08-20,101.16499999999999
2008-08-19,102.05
2008-08-18,102.14500000000001
2008-08-15,100.2
2008-08-14,100.05
2008-08-13,99.905
2008-08-12,101.88
2008-08-11,99.925
2008-08-08,101.94999999999999
2008-08-07,100.725
2008-08-06,100.24000000000001
2008-08-05,99.64500000000001
2008-08-04,103.05
2008-08-01,101.25
2008-07-31,101.25
2008-07-30,100.52000000000001
2008-07-29,100.595
2008-07-28,101.36
2008-07-25,100.42
2008-07-24,100.22999999999999
2008-07-23,100.46000000000001
2008-07-22,100.38499999999999
2008-07-21,99.83
2008-07-18,
2008-07-17,
2008-07-16,99.88499999999999
2008-07-15,105.95
2008-07-14,100.25
2008-07-11,100.5
2008-07-10,100.65
2008-07-09,101.86500000000001
2008-07-08,100.875
2008-07-07,101.58
2008-07-03,101.375
2008-07-02,100.85499999999999
2008-07-01,102.58
2008-06-30,101.13
2008-06-27,102.19
2008-06-26,102.64
2008-06-25,101.44999999999999
2008-06-24,102.195
2008-06-23,101.12
2008-06-20,102.25999999999999
2008-06-19,101.15
2008-06-18,102.265
2008-06-17,102.22999999999999
2008-06-16,102.00999999999999
2008-06-13,100.975
2008-06-12,101.4
2008-06-11,102.80000000000001
2008-06-10,102.95
2008-06-09,102.695
2008-06-06,103.005
2008-06-05,103.38499999999999
2008-06-04,103.245
2008-06-03,102.325
2008-06-02,102.845
2008-05-30,103.445
2008-05-29,103.11500000000001
2008-05-28,102.935
2008-05-27,104.37
2008-05-23,104.64
2008-05-22,104.47
2008-05-21,106.275
2008-05-20,106.13
2008-05-19,105.815
2008-05-16,105.73
2008-05-15,105.85
2008-05-14,105.075
2008-05-13,105.36500000000001
2008-05-12,105.8
2008-05-09,105.71000000000001
2008-05-08,105.465
2008-05-07,105.295
2008-05-06,105.39
2008-05-05,106.5
2008-05-02,105.325
2008-05-01,106.08000000000001
2008-04-30,105.815
2008-04-29,105.31
2008-04-28,105.755
2008-04-25,104.695
2008-04-24,104.535
2008-04-23,104.525
2008-04-22,104.265
2008-04-21,105.53
2008-04-18,104.225
2008-04-17,104.185
2008-04-16,104.225
2008-04-15,104.83
2008-04-14,106.035
2008-04-11,105.765
2008-04-10,106.28
2008-04-09,105.7
2008-04-08,105.6
2008-04-07,106.865
2008-04-04,105.9
2008-04-03,104.89
2008-04-02,104.5
2008-04-01,105.255
2008-03-31,106.315
2008-03-28,105.69
2008-03-27,104.845
2008-03-26,105.71000000000001
2008-03-25,104.76
2008-03-24,103.465
2008-03-20,104.41
2008-03-19,105.32
2008-03-18,104.005
2008-03-17,104.715
2008-03-14,103.005
2008-03-13,103.47999999999999
2008-03-12,105.765
2008-03-11,103.775
2008-03-10,104.245
2008-03-07,103.755
2008-03-06,103.78999999999999
2008-03-05,105.15
2008-03-04,105.06
2008-03-03,106.63
2008-02-29,105.91499999999999
2008-02-28,
2008-02-27,103.75999999999999
2008-02-26,104.655
2008-02-25,104.275
2008-02-22,104.49
2008-02-21,104.685
2008-02-20,104.07
2008-02-19,104.34
2008-02-15,105.19
2008-02-14,105.955
2008-02-13,104.595
2008-02-12,107.225
2008-02-11,107.345
2008-02-08,106.16999999999999
2008-02-07,105.97999999999999
2008-02-06,106.975
2008-02-05,108.265
2008-02-04,107.3
2008-02-01,107.55
2008-01-31,108.33500000000001
2008-01-30,107.97
2008-01-29,106.845
2008-01-28,108.22
2008-01-25,107.45
2008-01-24,105.38
2008-01-23,108.035
2008-01-22,106.91999999999999
2008-01-18,106.63499999999999
2008-01-17,106.5
2008-01-16,106.405
2008-01-15,106.85499999999999
2008-01-14,105.66999999999999
2008-01-11,106.425
2008-01-10,105.98
2008-01-09,106.005
2008-01-08,106.315
2008-01-07,106.33
2008-01-04,107.28999999999999
2008-01-03,105.86
2008-01-02,105.85
2007-12-31,104.985
2007-12-28,103.975
2007-12-27,104.69999999999999
2007-12-26,104.03999999999999
2007-12-24,104.53999999999999
2007-12-21,104.625
2007-12-20,105.28999999999999
2007-12-19,105.225
2007-12-18,104.655
2007-12-17,104.925
2007-12-14,103.85
2007-12-13,104.69999999999999
2007-12-12,104.45
2007-12-11,105.94999999999999
2007-12-10,97.94
2007-12-07,104.375
2007-12-06,105.14
2007-12-05,105.64500000000001
2007-12-04,106.17500000000001
2007-12-03,106.195
2007-11-30,106.415
2007-11-29,106.13
2007-11-28,105.94
2007-11-27,106.295
2007-11-26,106.725
2007-11-23,106.565
2007-11-21,106.985
2007-11-20,105.6
2007-11-19,105.925
2007-11-16,105.37
2007-11-15,105.12
2007-11-14,105.245
2007-11-13,105.105
2007-11-12,106.61000000000001
2007-11-09,106.19
2007-11-08,105.80000000000001
2007-11-07,105.41999999999999
2007-11-06,105.355
2007-11-05,106.91
2007-11-02,104.89500000000001
2007-11-01,107.13499999999999
2007-10-31,107.08
2007-10-30,106.42500000000001
2007-10-29,107.375
2007-10-26,106.36500000000001
2007-10-25,106.75
2007-10-24,106.685
2007-10-23,
2007-10-22,106.755
2007-10-19,107.66999999999999
2007-10-18,106.96000000000001
2007-10-17,105.2
2007-10-16,106.33000000000001
2007-10-15,106.16999999999999
2007-10-12,105.10499999999999
2007-10-11,106.43
2007-10-10,
2007-10-09,105.97
2007-10-08,106.28
2007-10-05,106.015
2007-10-04,105.965
2007-10-03,105.61000000000001
2007-10-02,103.315
2007-10-01,103.53
2007-09-28,
2007-09-27,106.54499999999999
2007-09-26,105.965
2007-09-25,105.88999999999999
2007-09-24,105.93
2007-09-21,105.505
2007-09-20,104.755
2007-09-19,103.96000000000001
2007-09-18,105.64500000000001
2007-09-17,105.28999999999999
2007-09-14,105.45
2007-09-13,105.38
2007-09-12,105.50999999999999
2007-09-11,104.75
2007-09-10,106.41499999999999
2007-09-07,
2007-09-06,104.505
2007-09-05,104.905
2007-09-04,104.17
2007-08-31,
2007-08-30,104.65
2007-08-29,104.42500000000001
2007-08-28,104.745
2007-08-27,104.50999999999999
2007-08-24,104.23
2007-08-23,104.92
2007-08-22,104.88499999999999
2007-08-21,103.785
2007-08-20,103.515
2007-08-17,102.82
2007-08-16,102.945
2007-08-15,103.36
2007-08-14,103.895
2007-08-13,103.45
2007-08-10,102.71000000000001
2007-08-09,103.27000000000001
2007-08-08,103.34
2007-08-07,103.155
2007-08-06,103.175
2007-08-03,103.825
2007-08-02,103.15
2007-08-01,103.39
2007-07-31,103.425
2007-07-30,103.31
2007-07-27,103.34
2007-07-26,103.84
2007-07-25,103.96000000000001
2007-07-24,103.775
2007-07-23,103.92500000000001
2007-07-20,104.00999999999999
2007-07-19,103.74
2007-07-18,103.845
2007-07-17,103.65
2007-07-16,103.775
2007-07-13,103.375
2007-07-12,103.17
2007-07-11,103.265
2007-07-10,103.875
2007-07-09,103.22999999999999
2007-07-06,102.97999999999999
2007-07-05,103.225
2007-07-03,104.3
2007-07-02,103.94
2007-06-29,104.5
2007-06-28,103.97999999999999
2007-06-27,104.10499999999999
2007-06-26,104.15
2007-06-25,104.145
2007-06-22,103.93
2007-06-21,103.66
2007-06-20,103.75
2007-06-19,104.31
2007-06-18,103.80000000000001
2007-06-15,103.845
2007-06-14,103.29499999999999
2007-06-13,103.31
2007-06-12,102.88499999999999
2007-06-11,103.67
2007-06-08,103.78
2007-06-07,103.725
2007-06-06,104.91499999999999
2007-06-05,104.735
2007-06-04,105.18
2007-06-01,104.93
2007-05-31,105.935
2007-05-30,105.955
2007-05-29,105.85
2007-05-25,106.125
2007-05-24,106.17500000000001
2007-05-23,105.48
2007-05-22,106.18
2007-05-21,106.5
2007-05-18,106.35499999999999
2007-05-17,106.655
2007-05-16,106.975
2007-05-15,106.685
2007-05-14,106.95
2007-05-11,107.06
2007-05-10,107.26499999999999
2007-05-09,107.15
2007-05-08,107.31
2007-05-07,107.33000000000001
2007-05-04,107.25999999999999
2007-05-03,106.965
2007-05-02,107.105
2007-05-01,107.15
2007-04-30,107.7
2007-04-27,107.745
2007-04-26,107.095
2007-04-25,107.535
2007-04-24,107.07
2007-04-23,107.25
2007-04-20,107.08500000000001
2007-04-19,107.11
2007-04-18,107.065
2007-04-17,106.89500000000001
2007-04-16,106.44
2007-04-13,106.35
2007-04-12,106.41499999999999
2007-04-11,106.275
2007-04-10,106.42500000000001
2007-04-09,106.26
2007-04-05,106.66499999999999
2007-04-04,106.81
2007-04-03,106.75
2007-04-02,106.82
2007-03-30,107.185
2007-03-29,107.285
2007-03-28,107.35
2007-03-27,107.28
2007-03-26,108.44
2007-03-23,107.285
2007-03-22,107.845
2007-03-21,108.66999999999999
2007-03-20,107.57
2007-03-19,106.485
2007-03-16,107.48500000000001
2007-03-15,107.86
2007-03-14,107.75999999999999
2007-03-13,107.245
2007-03-12,107.875
2007-03-09,107.6
2007-03-08,107.895
2007-03-07,107.95
2007-03-06,107.83500000000001
2007-03-05,108.13
2007-03-02,108.225
2007-03-01,108.055
2007-02-28,108.47
2007-02-27,108.73500000000001
2007-02-26,107.96000000000001
2007-02-23,107.765
2007-02-22,107.415
2007-02-21,
2007-02-20,107.53999999999999
2007-02-16,107.475
2007-02-15,107.46000000000001
2007-02-14,107.155
2007-02-13,106.545
2007-02-12,106.65
2007-02-09,106.64500000000001
2007-02-08,107.16
2007-02-07,106.905
2007-02-06,106.765
2007-02-05,107.18
2007-02-02,106.24
2007-02-01,106.245
2007-01-31,106.75
2007-01-30,106.285
2007-01-29,106.135
2007-01-26,106.255
2007-01-25,107.205
2007-01-24,106.50999999999999
2007-01-23,106.545
2007-01-22,106.84
2007-01-19,107.685
2007-01-18,106.785
2007-01-17,106.485
2007-01-16,106.685
2007-01-12,106.59
2007-01-11,106.755
2007-01-10,107.10499999999999
2007-01-09,108.065
2007-01-08,107.17500000000001
2007-01-05,108.075
2007-01-04,107.25999999999999
2007-01-03,106.4
