DATE,Investor Portfolio
1/3/2007,100
1/4/2007,99.63530569
1/5/2007,99.03852461
1/8/2007,99.04789692
1/9/2007,98.91691993
1/10/2007,98.70376928
1/11/2007,98.9156416
1/12/2007,99.36187059
1/16/2007,99.49757714
1/17/2007,99.55856046
1/18/2007,99.42611351
1/19/2007,99.69000603
1/22/2007,99.69951181
1/23/2007,100.0435247
1/24/2007,100.2640975
1/25/2007,99.84889759
1/26/2007,99.53485571
1/29/2007,99.41125063
1/30/2007,99.82155241
1/31/2007,100.1112629
2/1/2007,100.5557797
2/2/2007,100.6339297
2/5/2007,100.6296555
2/6/2007,100.856673
2/7/2007,101.018096
2/8/2007,100.9345072
2/9/2007,100.747518
2/12/2007,100.3438233
2/13/2007,100.7869812
2/14/2007,101.4695758
2/15/2007,101.7912496
2/16/2007,101.814246
2/20/2007,101.90344
2/21/2007,101.8510669
2/22/2007,101.9294638
2/23/2007,102.1231243
2/26/2007,102.2743135
2/27/2007,101.1807414
2/28/2007,100.7645641
3/1/2007,100.4226105
3/2/2007,100.0519264
3/5/2007,99.18998669
3/6/2007,99.8913593
3/7/2007,100.101552
3/8/2007,100.5227816
3/9/2007,100.4639959
3/12/2007,100.7476319
3/13/2007,100.1799581
3/14/2007,99.90386284
3/15/2007,100.2863757
3/16/2007,100.3086236
3/19/2007,100.7508286
3/20/2007,101.0894613
3/21/2007,101.641231
3/22/2007,102.0755215
3/23/2007,102.0163939
3/26/2007,102.0454861
3/27/2007,101.8488426
3/28/2007,101.6738717
3/29/2007,101.8323786
3/30/2007,101.7717153
4/2/2007,101.948757
4/3/2007,102.2926811
4/4/2007,102.5804906
4/5/2007,102.7905266
4/9/2007,102.6259485
4/10/2007,102.9895848
4/11/2007,102.8580051
4/12/2007,103.0468144
4/13/2007,103.1741291
4/16/2007,103.7162426
4/17/2007,103.8790598
4/18/2007,103.9962377
4/19/2007,103.7845737
4/20/2007,104.2296075
4/23/2007,104.2392923
4/24/2007,104.2219768
4/25/2007,104.6602261
4/26/2007,104.4315225
4/27/2007,104.4584694
4/30/2007,104.3036454
5/1/2007,104.21787
5/2/2007,104.4390692
5/3/2007,104.6065443
5/4/2007,104.9288954
5/7/2007,105.1566514
5/8/2007,104.840487
5/9/2007,105.0484354
5/10/2007,104.4715459
5/11/2007,104.8317789
5/14/2007,104.7752571
5/15/2007,104.8239737
5/16/2007,105.0087181
5/17/2007,104.8595847
5/18/2007,105.0867275
5/21/2007,105.2131679
5/22/2007,105.1774111
5/23/2007,105.2650542
5/24/2007,104.6880571
5/25/2007,104.861117
5/29/2007,104.949766
5/30/2007,105.0493922
5/31/2007,105.3799886
6/1/2007,105.6047161
6/4/2007,105.8737078
6/5/2007,105.6676168
6/6/2007,105.1744311
6/7/2007,104.2792564
6/8/2007,104.0363062
6/11/2007,104.2407306
6/12/2007,103.6897878
6/13/2007,104.0251343
6/14/2007,104.5387532
6/15/2007,105.1499915
6/18/2007,105.2808875
6/19/2007,105.3375987
6/20/2007,105.0295058
6/21/2007,104.9597946
6/22/2007,104.5880986
6/25/2007,104.4849616
6/26/2007,104.2645489
6/27/2007,104.3505593
6/28/2007,104.5517099
6/29/2007,104.793733
7/2/2007,105.5121549
7/3/2007,105.7077153
7/5/2007,105.6449107
7/6/2007,105.8808207
7/9/2007,106.0919123
7/10/2007,105.9821044
7/11/2007,106.1024622
7/12/2007,106.698927
7/13/2007,107.0419548
7/16/2007,106.959664
7/17/2007,106.8624092
7/18/2007,106.8436702
7/19/2007,107.2204903
7/20/2007,107.0104794
7/23/2007,107.0333889
7/24/2007,106.3265412
7/25/2007,106.0202598
7/26/2007,104.929233
7/27/2007,104.1514407
7/30/2007,104.4918783
7/31/2007,104.5781461
8/1/2007,104.1847581
8/2/2007,104.4142035
8/3/2007,103.9351916
8/6/2007,104.1514508
8/7/2007,104.3517978
8/8/2007,105.1271085
8/9/2007,104.0564938
8/10/2007,103.4294891
8/13/2007,103.59776
8/14/2007,102.8868452
8/15/2007,102.0861516
8/16/2007,101.1882248
8/17/2007,102.0936778
8/20/2007,102.3680974
8/21/2007,102.5835901
8/22/2007,103.2406754
8/23/2007,103.590817
8/24/2007,104.1191481
8/27/2007,104.1420959
8/28/2007,103.4283858
8/29/2007,103.9481876
8/30/2007,104.0812472
8/31/2007,104.7311154
9/4/2007,105.0596259
9/5/2007,104.8296588
9/6/2007,105.1022197
9/7/2007,104.8460986
9/10/2007,104.7448014
9/11/2007,105.3702671
9/12/2007,105.5559188
9/13/2007,105.723363
9/14/2007,105.7642803
9/17/2007,105.5198571
9/18/2007,106.3411307
9/19/2007,107.2684101
9/20/2007,107.396567
9/21/2007,107.5593376
9/24/2007,107.5979932
9/25/2007,107.5950534
9/26/2007,107.7831054
9/27/2007,108.3994266
9/28/2007,108.5430707
10/1/2007,109.0533003
10/2/2007,109.0839446
10/3/2007,108.9199925
10/4/2007,108.987514
10/5/2007,109.3918402
10/9/2007,109.4912654
10/10/2007,109.7394305
10/11/2007,110.0259207
10/12/2007,109.9400735
10/15/2007,109.8342813
10/16/2007,109.3479984
10/17/2007,109.6463188
10/18/2007,109.9616392
10/19/2007,109.2158708
10/22/2007,108.7374679
10/23/2007,109.4205356
10/24/2007,109.3964784
10/25/2007,109.7979971
10/26/2007,110.6142731
10/29/2007,111.1820062
10/30/2007,110.8561409
10/31/2007,111.4150773
11/1/2007,110.6027251
11/2/2007,110.6057614
11/5/2007,110.0813827
11/6/2007,110.7544021
11/7/2007,110.2411572
11/8/2007,110.0094687
11/9/2007,109.5767187
11/13/2007,109.3035403
11/14/2007,109.6751955
11/15/2007,108.9651122
11/16/2007,108.8935047
11/19/2007,108.1804872
11/20/2007,108.6173474
11/21/2007,107.872848
11/23/2007,108.5510267
11/26/2007,108.2933314
11/27/2007,108.3233283
11/28/2007,108.9608438
11/29/2007,109.391308
11/30/2007,109.5327523
12/3/2007,109.4565095
12/4/2007,109.3477178
12/5/2007,109.7299267
12/6/2007,110.1260165
12/7/2007,110.1280741
12/10/2007,110.4030428
12/11/2007,109.9178768
12/12/2007,110.0279939
12/13/2007,109.2636708
12/14/2007,108.379988
12/17/2007,107.4210732
12/18/2007,107.6675173
12/19/2007,107.7060762
12/20/2007,107.8544349
12/21/2007,108.5074389
12/24/2007,108.8653188
12/26/2007,109.2254541
12/27/2007,109.0781952
12/28/2007,109.4518704
12/31/2007,109.3287397
1/2/2008,109.468248
1/3/2008,109.4600295
1/4/2008,108.7129068
1/7/2008,108.3431559
1/8/2008,108.0951961
1/9/2008,108.231022
1/10/2008,108.2324862
1/11/2008,107.9639121
1/14/2008,108.6272777
1/15/2008,107.6262735
1/16/2008,106.646511
1/17/2008,105.9550483
1/18/2008,105.5890823
1/22/2008,104.0751507
1/23/2008,104.3788862
1/24/2008,105.4753304
1/25/2008,105.5590901
1/28/2008,105.9599001
1/29/2008,106.3337956
1/30/2008,106.0639827
1/31/2008,106.762509
2/1/2008,107.5073208
2/4/2008,107.4891707
2/5/2008,106.0104519
2/6/2008,105.6219805
2/7/2008,105.3272944
2/8/2008,105.3486803
2/11/2008,105.4005814
2/12/2008,105.930189
2/13/2008,106.1826261
2/14/2008,106.2726421
2/15/2008,106.2404298
2/19/2008,106.7719472
2/20/2008,106.4050083
2/21/2008,106.7622081
2/22/2008,106.9127598
2/25/2008,107.4936293
2/26/2008,108.1566117
2/27/2008,108.7790897
2/28/2008,108.8839122
2/29/2008,108.1521429
3/3/2008,107.852192
3/4/2008,107.4554011
3/5/2008,107.797383
3/6/2008,107.3325971
3/7/2008,106.7285092
3/10/2008,106.1586463
3/11/2008,107.0506858
3/12/2008,107.582275
3/13/2008,107.5717758
3/14/2008,106.8954656
3/17/2008,106.0117713
3/18/2008,107.3814322
3/19/2008,106.2883985
3/20/2008,106.2141152
3/24/2008,106.6102884
3/25/2008,107.7525746
3/26/2008,107.9795822
3/27/2008,107.7928598
3/28/2008,107.5379303
3/31/2008,107.6338837
4/1/2008,108.1036742
4/2/2008,108.5808193
4/3/2008,108.7908385
4/4/2008,109.3233084
4/7/2008,109.5440346
4/8/2008,109.1853907
4/9/2008,109.1704207
4/10/2008,109.4040007
4/11/2008,108.9005883
4/14/2008,108.6446439
4/15/2008,108.748464
4/16/2008,109.835448
4/17/2008,109.6264158
4/18/2008,109.9002762
4/21/2008,110.3656426
4/22/2008,110.2343535
4/23/2008,110.2017915
4/24/2008,109.7682561
4/25/2008,110.1096215
4/28/2008,110.2787817
4/29/2008,109.9318232
4/30/2008,109.9636126
5/1/2008,110.1106959
5/2/2008,110.5126662
5/5/2008,110.6706009
5/6/2008,111.0855076
5/7/2008,110.4341694
5/8/2008,110.7410966
5/9/2008,110.5263407
5/12/2008,110.8942096
5/13/2008,110.7541143
5/14/2008,110.7117188
5/15/2008,111.2856108
5/16/2008,111.8523932
5/19/2008,111.9402489
5/20/2008,111.8298589
5/21/2008,111.5588422
5/22/2008,111.2761086
5/23/2008,110.9420856
5/27/2008,110.5466871
5/28/2008,110.4959183
5/29/2008,110.2699603
5/30/2008,110.6070304
6/2/2008,110.4853815
6/3/2008,110.0946546
6/4/2008,109.8772503
6/5/2008,110.3910749
6/6/2008,110.1582007
6/9/2008,109.6899928
6/10/2008,108.6077547
6/11/2008,108.368508
6/12/2008,107.927566
6/13/2008,108.1324728
6/16/2008,108.5332988
6/17/2008,108.7341665
6/18/2008,108.5941997
6/19/2008,108.2019393
6/20/2008,107.8486758
6/23/2008,107.4915705
6/24/2008,107.4281606
6/25/2008,107.5738375
6/26/2008,107.2067546
6/27/2008,107.0330427
6/30/2008,107.0999188
7/1/2008,106.7613406
7/2/2008,106.3102863
7/3/2008,105.976385
7/7/2008,105.6710412
7/8/2008,105.6352545
7/9/2008,105.5981217
7/10/2008,105.80937
7/11/2008,105.517855
7/14/2008,105.3827898
7/15/2008,104.7996376
7/16/2008,104.9843185
7/17/2008,105.3482178
7/18/2008,105.1012421
7/21/2008,105.3723305
7/22/2008,105.4867371
7/23/2008,105.4827611
7/24/2008,104.9207781
7/25/2008,104.7018347
7/28/2008,104.4787547
7/29/2008,104.5768375
7/30/2008,105.4038671
7/31/2008,105.2725992
8/1/2008,104.8083293
8/4/2008,104.0955168
8/5/2008,104.5056707
8/6/2008,104.6633007
8/7/2008,104.2351881
8/8/2008,103.9317992
8/11/2008,104.1505079
8/12/2008,103.7522469
8/13/2008,103.5034308
8/14/2008,103.6794137
8/15/2008,103.3063012
8/18/2008,103.0750461
8/19/2008,102.5295787
8/20/2008,103.0000473
8/21/2008,103.4230267
8/22/2008,103.3622992
8/25/2008,102.9438617
8/26/2008,102.8409365
8/27/2008,103.2492174
8/28/2008,103.6844309
8/29/2008,103.5676166
9/2/2008,102.6491648
9/3/2008,102.2622242
9/4/2008,101.1362304
9/5/2008,100.6547169
9/8/2008,101.497248
9/9/2008,100.2037344
9/10/2008,100.0193767
9/11/2008,99.80852449
9/12/2008,100.5103893
9/15/2008,98.91983475
9/16/2008,98.183436
9/17/2008,97.00298268
9/18/2008,97.78347673
9/19/2008,100.122867
9/22/2008,99.73811253
9/23/2008,99.09917642
9/24/2008,98.92223742
9/25/2008,99.34696074
9/26/2008,98.81465663
9/29/2008,95.62056397
9/30/2008,95.77232899
10/1/2008,95.74621314
10/2/2008,93.80571489
10/3/2008,93.41858037
10/6/2008,90.78217627
10/7/2008,89.42744669
10/8/2008,87.97010108
10/9/2008,86.18921771
10/10/2008,83.85206998
10/14/2008,87.66620341
10/15/2008,84.78426804
10/16/2008,83.96208636
10/17/2008,84.27136091
10/20/2008,85.53652848
10/21/2008,84.86693804
10/22/2008,82.28253936
10/23/2008,82.07220723
10/24/2008,80.54068966
10/27/2008,79.06951943
10/28/2008,80.91254997
10/29/2008,82.41130883
10/30/2008,83.60691508
10/31/2008,83.73203238
11/3/2008,84.09094364
11/4/2008,86.33850789
11/5/2008,85.45056394
11/6/2008,83.11045555
11/7/2008,83.63148429
11/10/2008,83.91818155
11/12/2008,80.97407284
11/13/2008,81.58583477
11/14/2008,81.21337729
11/17/2008,80.37085901
11/18/2008,80.18801291
11/19/2008,78.6944133
11/20/2008,76.7672055
11/21/2008,77.49612902
11/24/2008,79.68907724
11/25/2008,80.49445963
11/26/2008,81.26979259
11/28/2008,81.66120349
12/1/2008,79.38331803
12/2/2008,79.98321231
12/3/2008,80.44662736
12/4/2008,79.76487623
12/5/2008,79.75978103
12/8/2008,81.71816552
12/9/2008,81.45984032
12/10/2008,82.23147306
12/11/2008,82.36203949
12/12/2008,82.07495211
12/15/2008,82.52774662
12/16/2008,83.76303453
12/17/2008,84.95809536
12/18/2008,84.83788541
12/19/2008,84.11549988
12/22/2008,83.49642613
12/23/2008,83.33500486
12/24/2008,83.39247291
12/26/2008,83.67697506
12/29/2008,84.20849684
12/30/2008,84.78531175
12/31/2008,84.89073594
1/2/2009,85.9131495
1/5/2009,85.92094131
1/6/2009,86.24620521
1/7/2009,85.95993717
1/8/2009,85.89127214
1/9/2009,85.35222772
1/12/2009,84.34036306
1/13/2009,83.80021163
1/14/2009,82.81699034
1/15/2009,82.25948967
1/16/2009,82.81082713
1/20/2009,80.85458236
1/21/2009,81.47672776
1/22/2009,81.09150646
1/23/2009,80.78825043
1/26/2009,81.54907008
1/27/2009,82.00362101
1/28/2009,83.01206047
1/29/2009,82.15177339
1/30/2009,81.32927656
2/2/2009,80.91074677
2/3/2009,81.57492973
2/4/2009,81.70653929
2/5/2009,81.94721357
2/6/2009,82.7847781
2/9/2009,83.17783267
2/10/2009,82.03356801
2/11/2009,81.94918105
2/12/2009,81.53778583
2/13/2009,81.49993209
2/17/2009,79.50326492
2/18/2009,79.15461207
2/19/2009,79.15796781
2/20/2009,78.39277821
2/23/2009,77.91096689
2/24/2009,78.18704886
2/25/2009,77.94698793
2/26/2009,77.85354732
2/27/2009,77.27491768
3/2/2009,75.5060872
3/3/2009,75.13886142
3/4/2009,75.91792512
3/5/2009,75.01740663
3/6/2009,75.0645469
3/9/2009,74.54625145
3/10/2009,76.13748723
3/11/2009,76.4114917
3/12/2009,77.26336216
3/13/2009,77.82420355
3/16/2009,78.31693765
3/17/2009,78.85458569
3/18/2009,79.47531941
3/19/2009,80.92719345
3/20/2009,80.25642634
3/23/2009,82.02703611
3/24/2009,81.70019878
3/25/2009,81.90987011
3/26/2009,82.57495551
3/27/2009,81.69519336
3/30/2009,80.16106524
3/31/2009,80.79510888
4/1/2009,81.30117326
4/2/2009,82.94254276
4/3/2009,83.10490737
4/6/2009,82.83795526
4/7/2009,82.1426491
4/8/2009,82.31662605
4/9/2009,83.53521062
4/13/2009,83.90158164
4/14/2009,83.84479339
4/15/2009,83.9699511
4/16/2009,84.46008054
4/17/2009,84.50496684
4/20/2009,83.17290478
4/21/2009,83.43844608
4/22/2009,83.4941154
4/23/2009,83.86332537
4/24/2009,84.80548364
4/27/2009,84.40442584
4/28/2009,83.96884698
4/29/2009,85.0796844
4/30/2009,85.46359588
5/1/2009,85.68902735
5/4/2009,87.05086933
5/5/2009,87.20485655
5/6/2009,87.88968966
5/7/2009,87.92443194
5/8/2009,88.82937499
5/11/2009,88.66117252
5/12/2009,88.6789393
5/13/2009,87.82909115
5/14/2009,87.89672061
5/15/2009,87.82891827
5/18/2009,88.55927776
5/19/2009,89.08735129
5/20/2009,89.62456841
5/21/2009,88.90861737
5/22/2009,89.19594257
5/26/2009,89.77026562
5/27/2009,89.55815606
5/28/2009,89.75559217
5/29/2009,90.79882281
6/1/2009,91.86567586
6/2/2009,92.17145882
6/3/2009,91.42616554
6/4/2009,91.58692254
6/5/2009,91.09711885
6/8/2009,90.61962834
6/9/2009,91.17842309
6/10/2009,91.37014289
6/11/2009,91.94094509
6/12/2009,91.8141945
6/15/2009,90.72714312
6/16/2009,90.51357826
6/17/2009,90.23731087
6/18/2009,90.29437534
6/19/2009,90.46862368
6/22/2009,89.38332712
6/23/2009,89.48440536
6/24/2009,90.06496343
6/25/2009,90.44159858
6/26/2009,90.89532564
6/29/2009,91.22728262
6/30/2009,90.84085242
7/1/2009,91.33566622
7/2/2009,90.37252635
7/6/2009,89.98183428
7/7/2009,89.5570617
7/8/2009,89.17694376
7/9/2009,89.50696575
7/10/2009,89.33835958
7/13/2009,89.71748531
7/14/2009,90.14721602
7/15/2009,91.29403467
7/16/2009,91.76208889
7/17/2009,91.91980838
7/20/2009,92.69177162
7/21/2009,93.1282476
7/22/2009,93.1719912
7/23/2009,93.94490676
7/24/2009,94.09551082
7/27/2009,94.32383859
7/28/2009,94.2697729
7/29/2009,93.82083453
7/30/2009,94.63882455
7/31/2009,95.29547746
8/3/2009,96.44952122
8/4/2009,96.54547232
8/5/2009,96.42090674
8/6/2009,96.18356278
8/7/2009,96.07068824
8/10/2009,95.99528102
8/11/2009,95.56103395
8/12/2009,95.967697
8/13/2009,96.63615233
8/14/2009,96.31237572
8/17/2009,94.96069213
8/18/2009,95.42952081
8/19/2009,95.82377153
8/20/2009,96.28121457
8/21/2009,96.96384633
8/24/2009,97.36202943
8/25/2009,97.4352205
8/26/2009,97.23900166
8/27/2009,97.22495576
8/28/2009,97.67346655
8/31/2009,97.27625555
9/1/2009,96.5199137
9/2/2009,96.30113502
9/3/2009,96.59984906
9/4/2009,96.99519208
9/8/2009,98.2283989
9/9/2009,98.54545471
9/10/2009,99.04995926
9/11/2009,99.35848848
9/14/2009,99.34366137
9/15/2009,99.56821567
9/16/2009,100.5605106
9/17/2009,100.7529158
9/18/2009,100.5465885
9/21/2009,100.0383359
9/22/2009,100.8007249
9/23/2009,100.5662457
9/24/2009,99.94686178
9/25/2009,99.80532584
9/28/2009,100.2505802
9/29/2009,100.1773054
9/30/2009,100.5001478
10/1/2009,99.5780347
10/2/2009,99.15203594
10/5/2009,99.68235104
10/6/2009,100.7241346
10/7/2009,100.7867634
10/8/2009,101.54787
10/9/2009,101.4521708
10/13/2009,101.7569467
10/14/2009,102.5913617
10/15/2009,102.7037272
10/16/2009,102.3214616
10/19/2009,103.0115846
10/20/2009,102.8508978
10/21/2009,102.801218
10/22/2009,102.7479637
10/23/2009,102.357427
10/26/2009,101.6776405
10/27/2009,101.2753841
10/28/2009,100.2170973
10/29/2009,101.0159837
10/30/2009,100.2024534
11/2/2009,100.3683209
11/3/2009,100.1354755
11/4/2009,100.6579372
11/5/2009,101.1721379
11/6/2009,101.3130582
11/9/2009,102.5566734
11/10/2009,102.5601458
11/12/2009,102.3094027
11/13/2009,102.6322539
11/16/2009,103.684738
11/17/2009,103.4826128
11/18/2009,103.6558611
11/19/2009,102.8572375
11/20/2009,102.6249358
11/23/2009,103.4675538
11/24/2009,103.2864801
11/25/2009,103.9484972
11/27/2009,102.850723
11/30/2009,103.1635986
12/1/2009,104.091675
12/2/2009,104.0986978
12/3/2009,103.8689679
12/4/2009,103.4368587
12/7/2009,103.371315
12/8/2009,102.8398925
12/9/2009,102.7031799
12/10/2009,102.847232
12/11/2009,102.8303712
12/14/2009,103.3420265
12/15/2009,102.9255692
12/16/2009,103.3088087
12/17/2009,102.4044597
12/18/2009,102.3199666
12/21/2009,102.5689106
12/22/2009,102.551241
12/23/2009,103.0258918
12/24/2009,103.2828809
12/28/2009,103.5315356
12/29/2009,103.5507113
12/30/2009,103.2649393
12/31/2009,103.1954711
1/4/2010,104.2603782
1/5/2010,104.560387
1/6/2010,104.7028312
1/7/2010,104.5386816
1/8/2010,104.7670726
1/11/2010,105.367208
1/12/2010,105.077138
1/13/2010,105.0855173
1/14/2010,105.2692165
1/15/2010,104.8085099
1/19/2010,105.0156117
1/20/2010,104.1553613
1/21/2010,103.4126169
1/22/2010,102.7706924
1/25/2010,102.7384519
1/26/2010,102.3557389
1/27/2010,102.0924707
1/28/2010,101.6081441
1/29/2010,101.2030238
2/1/2010,101.6065741
2/2/2010,102.3368181
2/3/2010,102.0425763
2/4/2010,100.6470699
2/5/2010,100.1167369
2/8/2010,99.97359016
2/9/2010,100.4010106
2/10/2010,100.3545342
2/11/2010,100.6705997
2/12/2010,100.5991542
2/16/2010,101.464375
2/17/2010,101.7739622
2/18/2010,101.8961746
2/19/2010,101.6312746
2/22/2010,101.9726323
2/23/2010,101.6085259
2/24/2010,101.8830465
2/25/2010,101.5232575
2/26/2010,102.1321707
3/1/2010,102.2979893
3/2/2010,102.8228306
3/3/2010,103.2991467
3/4/2010,103.1212597
3/5/2010,103.6253961
3/8/2010,103.868016
3/9/2010,103.879346
3/10/2010,104.1454214
3/11/2010,104.1897218
3/12/2010,104.4163662
3/15/2010,104.1122188
3/16/2010,104.7417661
3/17/2010,105.2055969
3/18/2010,104.8574537
3/19/2010,104.5248456
3/22/2010,104.6198752
3/23/2010,104.9020744
3/24/2010,104.2008474
3/25/2010,104.0913028
3/26/2010,104.2278512
3/29/2010,104.7310957
3/30/2010,104.7638773
3/31/2010,104.8326124
4/1/2010,105.3663854
4/5/2010,105.5851933
4/6/2010,105.518931
4/7/2010,105.4708102
4/8/2010,105.403643
4/9/2010,105.8955243
4/12/2010,106.246371
4/13/2010,106.1692649
4/14/2010,106.7948773
4/15/2010,106.9147785
4/16/2010,106.1969814
4/19/2010,105.8457978
4/20/2010,106.2553434
4/21/2010,106.2185709
4/22/2010,105.9253569
4/23/2010,106.1648995
4/26/2010,106.2745094
4/27/2010,105.3152188
4/28/2010,104.8803904
4/29/2010,105.4743109
4/30/2010,105.3304297
5/3/2010,105.3004444
5/4/2010,104.0170559
5/5/2010,103.2699312
5/6/2010,101.8777404
5/7/2010,100.8537874
5/10/2010,103.0338174
5/11/2010,102.6914012
5/12/2010,103.2752714
5/13/2010,103.1015642
5/14/2010,101.9572105
5/17/2010,101.3574487
5/18/2010,101.3066595
5/19/2010,100.5355319
5/20/2010,99.2909323
5/21/2010,99.82299128
5/24/2010,99.39736105
5/25/2010,98.58026697
5/26/2010,98.88520018
5/27/2010,100.0809941
5/28/2010,100.0561376
6/1/2010,99.49803715
6/2/2010,99.78485855
6/3/2010,100.2539168
6/4/2010,99.00866792
6/7/2010,98.18383225
6/8/2010,98.40029811
6/9/2010,98.66435215
6/10/2010,99.61686359
6/11/2010,99.93711642
6/14/2010,100.4781618
6/15/2010,101.2619431
6/16/2010,101.4196762
6/17/2010,101.6837723
6/18/2010,101.8479755
6/21/2010,102.1333474
6/22/2010,101.5608482
6/23/2010,101.1999154
6/24/2010,100.8202621
6/25/2010,100.7789968
6/28/2010,100.9267336
6/29/2010,99.45012023
6/30/2010,99.28224156
7/1/2010,99.26499265
7/2/2010,99.30480363
7/6/2010,99.96346577
7/7/2010,100.7869521
7/8/2010,101.272921
7/9/2010,101.6011178
7/12/2010,101.5687978
7/13/2010,102.3623084
7/14/2010,102.580783
7/15/2010,102.8920139
7/16/2010,102.1116262
7/19/2010,102.0300265
7/20/2010,102.2768147
7/21/2010,102.1801215
7/22/2010,103.1908204
7/23/2010,103.3984439
7/26/2010,103.962986
7/28/2010,104.0461596
7/29/2010,104.2166806
7/30/2010,104.2994486
8/2/2010,105.5080133
8/4/2010,105.7075311
8/5/2010,105.7892716
8/6/2010,105.9170956
8/9/2010,106.1031841
8/10/2010,105.4198864
8/11/2010,104.1621511
8/12/2010,103.8210012
8/13/2010,103.6983334
8/16/2010,104.0087817
8/17/2010,104.5606497
8/18/2010,104.6658544
8/19/2010,104.2754012
8/20/2010,103.6228831
8/23/2010,103.5794964
8/24/2010,103.1503899
8/25/2010,102.8304449
8/26/2010,103.0431398
8/27/2010,103.3554849
8/30/2010,103.1964436
8/31/2010,103.2130802
9/1/2010,104.3882465
9/2/2010,104.7225028
9/3/2010,105.2355063
9/7/2010,104.9926525
9/8/2010,105.1335546
9/9/2010,105.3492133
9/10/2010,105.3980408
9/13/2010,106.2644173
9/14/2010,106.6554119
9/15/2010,106.6122142
9/16/2010,106.510819
9/17/2010,106.5000396
9/20/2010,107.1343569
9/21/2010,107.1759298
9/22/2010,107.5961582
9/23/2010,107.3194764
9/24/2010,108.2126364
9/27/2010,108.2375244
9/28/2010,108.5592833
9/29/2010,108.7062932
9/30/2010,108.6439775
10/1/2010,108.9273839
10/4/2010,108.6368465
10/5/2010,109.7305643
10/6/2010,110.1805807
10/7/2010,110.2172665
10/8/2010,110.610177
10/12/2010,110.6264241
10/13/2010,111.3575595
10/14/2010,111.5847519
10/15/2010,111.298685
10/18/2010,111.4228378
10/19/2010,110.3493234
10/20/2010,111.139434
10/21/2010,111.1576177
10/22/2010,111.0446907
10/25/2010,111.532906
10/26/2010,111.2172411
10/27/2010,110.5783741
10/28/2010,111.0754341
10/29/2010,111.2387358
11/1/2010,111.3871352
11/2/2010,111.9224496
11/3/2010,111.9689167
11/4/2010,113.5384561
11/5/2010,113.4400533
11/8/2010,113.212371
11/9/2010,113.1344009
11/10/2010,112.4426063
11/12/2010,111.4331066
11/15/2010,111.1271221
11/16/2010,109.9260962
11/17/2010,109.9765856
11/18/2010,110.8071542
11/19/2010,110.8722683
11/22/2010,110.7518698
11/23/2010,109.8646579
11/24/2010,110.2098633
11/29/2010,109.0731962
11/30/2010,108.7696168
12/1/2010,109.7664213
12/2/2010,110.6804392
12/3/2010,111.4065313
12/6/2010,111.4133378
12/7/2010,111.3833111
12/8/2010,110.945029
12/9/2010,111.1098007
12/10/2010,111.2869957
12/13/2010,111.8028818
12/14/2010,111.7657262
12/15/2010,111.2708356
12/16/2010,111.0684055
12/17/2010,111.2358271
12/20/2010,111.4098201
12/21/2010,111.920823
12/22/2010,112.0962425
12/23/2010,112.0907824
12/27/2010,112.1543598
12/28/2010,112.2918354
12/29/2010,112.5694937
12/30/2010,112.6902489
12/31/2010,113.1983224
1/3/2011,113.4878557
1/4/2011,113.4614971
1/5/2011,113.0301939
1/6/2011,112.8120689
1/7/2011,112.7245497
1/10/2011,112.5337345
1/11/2011,112.8323732
1/12/2011,113.639059
1/13/2011,114.0742183
1/14/2011,114.1877324
1/18/2011,114.3617368
1/19/2011,114.2334826
1/20/2011,113.4527349
1/21/2011,113.8842444
1/24/2011,114.2652455
1/25/2011,114.1778827
1/26/2011,114.4995165
1/27/2011,114.5255947
1/28/2011,113.8570705
1/31/2011,114.231055
2/1/2011,115.1255824
2/2/2011,115.2175115
2/3/2011,114.9475888
2/4/2011,114.8077502
2/7/2011,114.986156
2/8/2011,115.2972802
2/9/2011,115.0836997
2/10/2011,114.6403898
2/11/2011,114.7344772
2/14/2011,114.9161756
2/15/2011,114.8599296
2/16/2011,115.1709992
2/17/2011,115.6742579
2/18/2011,115.8351585
2/22/2011,115.0662612
2/23/2011,114.8957167
2/24/2011,114.8340249
2/25/2011,115.4820803
2/28/2011,115.97606
3/1/2011,115.6642103
3/2/2011,115.7036322
3/3/2011,116.1133506
3/4/2011,116.1983292
3/7/2011,115.8591903
3/8/2011,115.7756208
3/9/2011,115.7924008
3/10/2011,114.6883145
3/11/2011,114.8610127
3/14/2011,114.6740061
3/15/2011,113.4968654
3/16/2011,113.2255169
3/17/2011,114.1359499
3/18/2011,114.3980331
3/21/2011,115.1198453
3/22/2011,115.2784298
3/23/2011,115.3263102
3/24/2011,115.863971
3/25/2011,115.8892672
3/28/2011,115.5405071
3/29/2011,115.5655119
3/30/2011,116.0353395
3/31/2011,116.269269
4/1/2011,116.4714493
4/4/2011,116.8262923
4/5/2011,116.7131168
4/6/2011,116.9586296
4/7/2011,116.8227904
4/8/2011,117.1920738
4/11/2011,117.0478715
4/12/2011,116.5056571
4/13/2011,116.7162616
4/14/2011,116.6800007
4/15/2011,116.8259176
4/18/2011,115.9935854
4/19/2011,116.3878703
4/20/2011,117.5473509
4/21/2011,118.1297813
4/25/2011,118.0260837
4/26/2011,118.4169365
4/27/2011,118.4551055
4/28/2011,119.1914378
4/29/2011,119.5184065
5/2/2011,119.6281979
5/3/2011,119.1776786
5/4/2011,118.6700758
5/5/2011,117.7490164
5/6/2011,117.8037711
5/9/2011,117.6805544
5/10/2011,118.2340276
5/11/2011,117.7132916
5/12/2011,117.418598
5/13/2011,117.1681258
5/16/2011,116.9284446
5/17/2011,116.6109296
5/18/2011,117.2448448
5/19/2011,117.2528322
5/20/2011,117.0151423
5/23/2011,115.9947515
5/24/2011,116.167048
5/25/2011,116.3680716
5/26/2011,116.7891493
5/27/2011,117.467871
5/31/2011,118.2303406
6/1/2011,117.6568975
6/2/2011,117.3386068
6/3/2011,117.2625908
6/6/2011,116.8592924
6/7/2011,116.9928733
6/8/2011,116.6820402
6/9/2011,116.7721343
6/10/2011,115.9567169
6/13/2011,115.8341832
6/14/2011,116.4065546
6/15/2011,115.4575722
6/16/2011,114.8737963
6/17/2011,115.1635584
6/20/2011,115.1374968
6/21/2011,115.971464
6/22/2011,115.9534278
6/23/2011,115.053669
6/24/2011,114.8791104
6/27/2011,115.019678
6/28/2011,115.6455505
6/29/2011,116.3191168
6/30/2011,117.0331485
7/1/2011,117.4611649
7/5/2011,117.7099633
7/6/2011,117.4854477
7/7/2011,117.9656968
7/8/2011,117.769303
7/11/2011,116.5579932
7/12/2011,116.3549286
7/13/2011,117.1228281
7/14/2011,116.7214438
7/15/2011,116.8990462
7/18/2011,116.1930894
7/19/2011,117.1188127
7/20/2011,117.3523017
7/21/2011,118.1240509
7/22/2011,118.5184041
7/25/2011,118.1507511
7/26/2011,118.4764886
7/27/2011,117.5777826
7/28/2011,117.3107457
7/29/2011,117.2614232
8/1/2011,117.0820421
8/2/2011,116.1622282
8/3/2011,115.854286
8/4/2011,113.4165651
8/5/2011,112.6650627
8/8/2011,110.1714859
8/9/2011,111.1704513
8/10/2011,110.3228372
8/11/2011,111.5347116
8/12/2011,112.0883058
8/15/2011,113.3429762
8/16/2011,113.1029296
8/17/2011,113.5313602
8/18/2011,111.5120918
8/19/2011,110.9926151
8/22/2011,110.849858
8/23/2011,111.7728703
8/24/2011,111.8469897
8/25/2011,111.319661
8/26/2011,111.812668
8/29/2011,113.0509867
8/30/2011,113.3892827
8/31/2011,114.0215688
9/1/2011,113.6323001
9/2/2011,112.6629287
9/6/2011,111.2403363
9/7/2011,112.4472546
9/8/2011,112.3649609
9/9/2011,110.8176041
9/12/2011,110.1759086
9/13/2011,110.543444
9/14/2011,110.7827604
9/15/2011,111.6736766
9/16/2011,111.9546836
9/19/2011,110.9941311
9/20/2011,111.2558738
9/21/2011,110.2371462
9/22/2011,107.8320273
9/23/2011,107.6442105
9/26/2011,107.899356
9/27/2011,109.2908398
9/28/2011,108.4843998
9/29/2011,108.7747289
9/30/2011,107.4737998
10/3/2011,106.2573317
10/4/2011,105.958088
10/5/2011,106.7901983
10/6/2011,108.1145879
10/7/2011,108.3203868
10/11/2011,109.917344
10/12/2011,110.6897771
10/13/2011,110.5716394
10/14/2011,111.3999927
10/17/2011,110.9589378
10/18/2011,111.0743234
10/19/2011,111.0550918
10/20/2011,110.5076586
10/21/2011,111.816217
10/24/2011,112.7267244
10/25/2011,112.4233691
10/26/2011,112.5748551
10/27/2011,114.8684843
10/28/2011,115.1586562
10/31/2011,113.5468834
11/1/2011,111.7479936
11/2/2011,112.4584165
11/3/2011,113.1033149
11/4/2011,113.0885779
11/7/2011,113.2044479
11/8/2011,113.6828106
11/9/2011,112.0635816
11/10/2011,111.8447829
11/14/2011,112.536296
11/15/2011,112.2876952
11/16/2011,111.8092888
11/17/2011,110.9962603
11/18/2011,110.6797401
11/21/2011,109.4453449
11/22/2011,109.3232207
11/23/2011,108.0508511
11/28/2011,108.9929617
11/29/2011,109.3443269
11/30/2011,111.3037441
12/1/2011,111.5539386
12/2/2011,111.7489744
12/5/2011,112.3312528
12/6/2011,112.0472966
12/7/2011,112.2259479
12/8/2011,111.2848566
12/9/2011,111.6145993
12/12/2011,110.7490901
12/13/2011,110.3643887
12/14/2011,109.325334
12/15/2011,109.4914299
12/16/2011,109.8331046
12/19/2011,109.3489563
12/20/2011,110.5755068
12/21/2011,110.6226212
12/22/2011,111.0286003
12/23/2011,111.3282973
12/27/2011,111.4461934
12/28/2011,110.8207942
12/29/2011,111.1757765
12/30/2011,111.5250837
1/3/2012,112.6543048
1/4/2012,112.4562865
1/5/2012,112.0294115
1/6/2012,111.8066153
1/9/2012,111.9477866
1/10/2012,112.6790142
1/11/2012,112.539652
1/12/2012,112.7446557
1/13/2012,112.4148778
1/17/2012,113.024069
1/18/2012,113.4860113
1/19/2012,113.9384542
1/20/2012,114.0247727
1/23/2012,114.4755019
1/24/2012,114.2085076
1/25/2012,114.5804003
1/26/2012,115.3094994
1/27/2012,115.2982532
1/30/2012,114.9868574
1/31/2012,115.1881199
2/1/2012,115.973326
2/2/2012,116.1429803
2/3/2012,116.5828051
2/6/2012,116.6075729
2/7/2012,116.8322058
2/8/2012,117.0157052
2/9/2012,117.1152165
2/10/2012,116.3777027
2/13/2012,116.8628529
2/14/2012,116.5550028
2/15/2012,116.6105287
2/16/2012,116.6722782
2/17/2012,117.088151
2/21/2012,117.4475928
2/22/2012,117.2847692
2/23/2012,117.570802
2/24/2012,117.9744949
2/27/2012,117.8837626
2/28/2012,118.185211
2/29/2012,118.0497507
3/1/2012,118.2527932
3/2/2012,117.9852556
3/5/2012,117.5855578
3/6/2012,116.3735209
3/7/2012,116.559625
3/8/2012,117.4260973
3/9/2012,117.4132695
3/12/2012,117.3066602
3/13/2012,118.0248706
3/14/2012,117.5285745
3/15/2012,117.8527839
3/16/2012,118.1335446
3/19/2012,118.3190153
3/20/2012,117.8074174
3/21/2012,117.7310743
3/22/2012,117.4214167
3/23/2012,117.711198
3/26/2012,118.2898459
3/27/2012,118.3102412
3/28/2012,117.8847932
3/29/2012,117.5388143
3/30/2012,117.9266915
4/2/2012,118.483454
4/3/2012,118.2429735
4/4/2012,117.0143688
4/5/2012,117.0188512
4/9/2012,116.7529111
4/10/2012,115.9897953
4/11/2012,116.2606432
4/12/2012,117.0664649
4/13/2012,116.4637129
4/16/2012,116.344601
4/17/2012,117.0745626
4/18/2012,116.9122036
4/19/2012,116.7456298
4/20/2012,116.9307233
4/23/2012,116.2889282
4/24/2012,116.6239251
4/25/2012,117.1302817
4/26/2012,117.5982658
4/27/2012,117.9507315
4/30/2012,117.9788835
5/1/2012,118.0614113
5/2/2012,117.8496946
5/3/2012,117.5554959
5/4/2012,116.8381827
5/7/2012,116.6379633
5/8/2012,116.1871376
5/9/2012,115.6775681
5/10/2012,115.8530034
5/11/2012,115.6573966
5/14/2012,114.7694361
5/15/2012,114.2981339
5/16/2012,113.7970707
5/17/2012,113.3377209
5/18/2012,112.853765
5/21/2012,113.3345803
5/22/2012,113.5394237
5/23/2012,112.8928758
5/24/2012,113.0424351
5/25/2012,112.9001718
5/29/2012,113.4644826
5/30/2012,112.6660155
5/31/2012,112.5554965
6/1/2012,111.6152544
6/4/2012,111.5268733
6/5/2012,111.7349772
6/6/2012,112.8067216
6/7/2012,113.1387861
6/8/2012,112.9918431
6/11/2012,112.9037288
6/12/2012,113.0350269
6/13/2012,113.0756877
6/14/2012,113.3541836
6/15/2012,114.0502607
6/18/2012,114.2536646
6/19/2012,114.9791515
6/20/2012,115.0607618
6/21/2012,113.9814784
6/22/2012,113.7646141
6/25/2012,113.235718
6/26/2012,113.3362592
6/27/2012,113.811753
6/28/2012,113.685938
6/29/2012,115.5122739
7/2/2012,115.8184552
7/3/2012,116.4486619
7/5/2012,116.0868441
7/6/2012,115.5179385
7/9/2012,115.4212773
7/10/2012,115.1933239
7/11/2012,115.2841545
7/12/2012,114.8407922
7/13/2012,115.6998687
7/16/2012,115.8833308
7/17/2012,116.0383814
7/18/2012,116.5414059
7/19/2012,117.0357373
7/20/2012,116.4483883
7/23/2012,115.4211051
7/24/2012,114.9609157
7/25/2012,114.9808512
7/26/2012,116.0982402
7/27/2012,117.0168018
7/30/2012,117.3167477
7/31/2012,117.3020508
8/1/2012,117.1597655
8/2/2012,116.5194657
8/3/2012,117.5847792
8/6/2012,118.119187
8/7/2012,118.3297882
8/8/2012,118.3534835
8/9/2012,118.4204841
8/10/2012,118.4559293
8/13/2012,118.283747
8/14/2012,118.2330064
8/15/2012,118.0841236
8/16/2012,118.4436333
8/17/2012,118.4904121
8/20/2012,118.5839257
8/21/2012,118.9435945
8/22/2012,118.8518112
8/23/2012,119.013771
8/24/2012,118.897451
8/27/2012,118.8890726
8/28/2012,118.8606625
8/29/2012,118.7905307
8/30/2012,118.3844299
8/31/2012,118.8606952
9/4/2012,118.7506278
9/5/2012,118.6763893
9/6/2012,119.5278124
9/7/2012,120.4648825
9/10/2012,120.2492519
9/11/2012,120.6311884
9/12/2012,120.8445302
9/13/2012,121.4525706
9/14/2012,122.354015
9/17/2012,121.9927992
9/18/2012,121.7249582
9/19/2012,121.9493372
9/20/2012,121.5616428
9/21/2012,121.8470471
9/24/2012,121.5648779
9/25/2012,121.4454298
9/26/2012,120.7007727
9/27/2012,121.2325998
9/28/2012,121.0604936
10/1/2012,121.389956
10/2/2012,121.4665268
10/3/2012,121.317706
10/4/2012,121.8140474
10/5/2012,121.9605394
10/9/2012,121.1040323
10/10/2012,120.7782245
10/11/2012,121.0853006
10/12/2012,121.0198079
10/15/2012,121.1494755
10/16/2012,121.784081
10/17/2012,122.25536
10/18/2012,122.2210438
10/19/2012,121.5203918
10/22/2012,121.3809968
10/23/2012,120.4736179
10/24/2012,120.4107466
10/25/2012,120.4924145
10/26/2012,120.3934784
10/29/2012,120.2309857
10/31/2012,120.4724404
11/1/2012,120.8832461
11/2/2012,120.4312675
11/5/2012,120.3793364
11/6/2012,120.7969856
11/7/2012,120.0707166
11/8/2012,119.6019336
11/9/2012,119.5402712
11/13/2012,119.3364502
11/14/2012,118.7604195
11/15/2012,118.5219441
11/16/2012,118.434141
11/19/2012,119.5855678
11/20/2012,119.5232546
11/21/2012,119.6049711
11/26/2012,120.5125073
11/27/2012,120.4690215
11/28/2012,120.6714851
11/29/2012,121.188261
11/30/2012,121.2397739
12/3/2012,121.2692301
12/4/2012,121.3007349
12/5/2012,121.4749593
12/6/2012,121.6041946
12/7/2012,121.5871506
12/10/2012,121.6515287
12/11/2012,121.9846877
12/12/2012,122.1122016
12/13/2012,121.8418479
12/14/2012,121.8533924
12/17/2012,122.1524751
12/18/2012,122.6081239
12/19/2012,122.6835125
12/20/2012,122.7818369
12/21/2012,122.3733638
12/24/2012,122.2188685
12/26/2012,122.1227396
12/27/2012,122.196181
12/28/2012,121.9082374
12/31/2012,122.2948455
1/2/2013,123.4074528
1/3/2013,123.187664
1/4/2013,123.1178941
1/7/2013,123.0941786
1/8/2013,122.9702998
1/9/2013,123.0949877
1/10/2013,123.6380444
1/11/2013,123.7587889
1/14/2013,123.8453886
1/16/2013,123.839378
1/17/2013,124.0773722
1/22/2013,124.4641793
1/23/2013,124.4539279
1/24/2013,124.4634114
1/25/2013,124.6224528
1/28/2013,124.4200967
1/29/2013,124.7601358
1/30/2013,124.7226609
1/31/2013,124.605589
2/1/2013,125.0108726
2/4/2013,124.3009097
2/5/2013,124.3842818
2/6/2013,124.47307
2/7/2013,124.1686584
2/8/2013,124.4959671
2/11/2013,124.2481944
2/12/2013,124.5504952
2/13/2013,124.5538708
2/14/2013,124.4741619
2/15/2013,124.2796439
2/19/2013,124.7016628
2/20/2013,124.3133246
2/21/2013,123.5534385
2/22/2013,123.8489645
2/25/2013,123.540775
2/26/2013,123.4057365
2/27/2013,123.9452375
2/28/2013,124.1385051
3/1/2013,123.9189953
3/4/2013,124.0179781
3/5/2013,124.6061334
3/6/2013,124.6404776
3/7/2013,124.7069645
3/8/2013,124.6823043
3/11/2013,124.8893078
3/12/2013,124.8997873
3/13/2013,124.6982972
3/14/2013,125.0874584
3/15/2013,125.3637256
3/18/2013,124.822011
3/19/2013,124.6387511
3/20/2013,124.925746
3/21/2013,124.6831363
3/22/2013,124.9426002
3/25/2013,124.7386736
3/26/2013,125.0149864
3/27/2013,124.9583769
3/28/2013,125.1299808
4/1/2013,124.9263118
4/2/2013,125.0929447
4/3/2013,124.8073664
4/4/2013,124.6400944
4/5/2013,124.7573269
4/8/2013,124.9021342
4/9/2013,125.1912551
4/10/2013,125.7815775
4/11/2013,126.2220264
4/12/2013,126.016618
4/15/2013,124.9192668
4/16/2013,125.3099874
4/17/2013,124.5980591
4/18/2013,124.4389426
4/19/2013,124.7548739
4/22/2013,124.8844558
4/23/2013,125.426506
4/24/2013,125.7182453
4/25/2013,126.1670436
4/26/2013,126.262172
4/29/2013,126.8383558
4/30/2013,127.2960762
5/1/2013,126.9343271
5/2/2013,127.0590982
5/3/2013,127.4477148
5/6/2013,127.3608934
5/7/2013,127.6929128
5/8/2013,128.3191317
5/9/2013,128.0129331
5/10/2013,127.4250831
5/13/2013,127.3492332
5/14/2013,127.5730566
5/15/2013,127.5607528
5/16/2013,127.6514093
5/17/2013,127.6996967
5/20/2013,127.9056144
5/21/2013,127.9297963
5/22/2013,127.5733422
5/23/2013,126.886941
5/28/2013,126.7709072
5/29/2013,126.4340743
5/30/2013,126.561784
5/31/2013,125.7078117
6/3/2013,125.8246914
6/4/2013,125.8328997
6/5/2013,125.0739006
6/6/2013,125.2148367
6/10/2013,125.471579
6/11/2013,125.0249598
6/12/2013,124.9688481
6/13/2013,125.3255162
6/14/2013,125.5843144
6/17/2013,126.0027986
6/18/2013,126.0970436
6/19/2013,125.7336727
6/20/2013,122.7236336
6/21/2013,122.351997
6/24/2013,121.1565516
6/25/2013,121.5570116
6/26/2013,122.2247861
6/27/2013,122.8358949
6/28/2013,122.8553477
7/1/2013,123.3356547
7/2/2013,123.3496873
7/3/2013,123.0475235
7/5/2013,122.8478559
7/8/2013,123.16421
7/9/2013,123.6069927
7/10/2013,123.8876397
7/11/2013,125.2616633
7/12/2013,125.3565526
7/15/2013,125.5498251
7/16/2013,125.7769267
7/17/2013,125.9546337
7/18/2013,126.2676477
7/19/2013,126.4124451
7/22/2013,126.8439826
7/23/2013,126.8640476
7/24/2013,126.5729968
7/25/2013,126.4083065
7/26/2013,126.4527958
7/29/2013,126.1093529
7/30/2013,126.0770865
7/31/2013,125.9922447
8/1/2013,126.3563118
8/2/2013,126.8000343
8/5/2013,126.6424855
8/6/2013,126.5381511
8/7/2013,126.3160922
8/8/2013,126.8654136
8/9/2013,126.874467
8/12/2013,126.8265133
8/13/2013,126.6335214
8/14/2013,126.7162577
8/15/2013,126.0068659
8/16/2013,125.9987903
8/19/2013,125.5337807
8/20/2013,125.5799573
8/21/2013,125.0106493
8/22/2013,125.0878065
8/23/2013,125.7076628
8/26/2013,125.6689638
8/27/2013,125.1197057
8/28/2013,124.816627
8/29/2013,124.8418505
8/30/2013,124.5883242
9/3/2013,124.830065
9/4/2013,125.1192953
9/5/2013,124.9497352
9/6/2013,125.4186768
9/9/2013,126.0998171
9/10/2013,126.4702658
9/11/2013,126.8389428
9/12/2013,126.9095572
9/13/2013,126.8673367
9/16/2013,127.5961679
9/17/2013,127.5964403
9/18/2013,128.3213087
9/19/2013,129.1522637
9/20/2013,128.6581122
9/23/2013,128.5656197
9/24/2013,128.5053715
9/25/2013,128.5170588
9/26/2013,128.5117941
9/27/2013,128.5547274
9/30/2013,128.0690952
10/1/2013,128.4167228
10/2/2013,128.5754981
10/3/2013,128.4017366
10/4/2013,128.5670616
10/7/2013,128.2780884
10/8/2013,127.9188487
10/9/2013,127.6562868
10/10/2013,128.5206564
10/11/2013,128.9928923
10/15/2013,128.9736962
10/16/2013,129.4536669
10/17/2013,130.3817797
10/18/2013,130.9329183
10/21/2013,130.8913808
10/22/2013,131.4875982
10/23/2013,131.2211926
10/24/2013,131.3682109
10/25/2013,131.3810969
10/28/2013,131.4267557
10/29/2013,131.5039868
10/30/2013,131.4978505
10/31/2013,130.9696896
11/1/2013,130.4727115
11/4/2013,130.6733181
11/5/2013,130.2467858
11/6/2013,130.5582004
11/7/2013,129.8762361
11/8/2013,129.7956958
11/12/2013,129.7539236
11/13/2013,129.8551524
11/14/2013,130.4313153
11/15/2013,130.8001134
11/18/2013,131.0855073
11/19/2013,130.7989295
11/20/2013,130.548704
11/21/2013,130.5437784
11/22/2013,130.9318998
11/25/2013,130.945818
11/26/2013,131.0057111
11/27/2013,131.04281
12/2/2013,130.8244253
12/3/2013,130.6082959
12/4/2013,130.1891789
12/5/2013,130.1200935
12/6/2013,130.5906718
12/9/2013,130.9278347
12/10/2013,131.0202136
12/11/2013,130.5530837
12/12/2013,130.002837
12/13/2013,129.9614802
12/16/2013,130.3433192
12/17/2013,130.2219927
12/18/2013,130.8421118
12/19/2013,130.8213051
12/20/2013,131.1482398
12/23/2013,131.492031
12/24/2013,131.5092615
12/26/2013,131.6815094
12/27/2013,131.9370775
12/30/2013,132.0931287
12/31/2013,132.1513233
1/2/2014,131.5188658
1/3/2014,131.4425761
1/6/2014,131.3599265
1/7/2014,131.589074
1/8/2014,131.559083
1/9/2014,131.3353681
1/10/2014,131.9959477
1/13/2014,131.8691582
1/14/2014,132.0704333
1/15/2014,132.2198085
1/16/2014,132.2741253
1/17/2014,132.2142639
1/21/2014,132.2499744
1/22/2014,132.3655322
1/23/2014,132.1383489
1/24/2014,131.1930728
1/27/2014,130.5155816
1/28/2014,130.8329432
1/29/2014,130.7573583
1/30/2014,130.7374247
1/31/2014,130.4685906
2/3/2014,129.7224282
2/4/2014,129.7048284
2/5/2014,129.7787657
2/6/2014,130.4991886
2/7/2014,131.2783165
2/10/2014,131.4082552
2/11/2014,132.0570441
2/12/2014,132.1174712
2/13/2014,132.4700796
2/14/2014,132.8525343
2/18/2014,133.3948607
2/19/2014,133.2700842
2/20/2014,133.1546512
2/21/2014,133.4350108
2/24/2014,133.7443876
2/25/2014,133.8852641
2/26/2014,133.766856
2/27/2014,134.0839651
2/28/2014,134.465443
3/3/2014,133.8680799
3/4/2014,134.5231328
3/5/2014,134.5759762
3/6/2014,134.8847972
3/7/2014,134.609711
3/10/2014,134.3554558
3/11/2014,134.2011607
3/12/2014,134.0256985
3/13/2014,133.7207287
3/14/2014,133.4295635
3/17/2014,133.7787706
3/18/2014,134.2879859
3/19/2014,133.961748
3/20/2014,133.4637861
3/21/2014,133.5176429
3/24/2014,133.4065341
3/25/2014,133.7996564
3/26/2014,133.8963614
3/27/2014,134.0699128
3/28/2014,134.3375175
3/31/2014,134.8216501
4/1/2014,135.1040793
4/2/2014,135.131724
4/3/2014,135.0523285
4/4/2014,134.9768392
4/7/2014,134.550324
4/8/2014,134.9314254
4/9/2014,135.41561
4/10/2014,135.1067222
4/11/2014,134.4702449
4/14/2014,134.5497291
4/15/2014,134.5619334
4/16/2014,135.1088719
4/17/2014,135.2985834
4/21/2014,135.3171989
4/22/2014,135.613248
4/23/2014,135.6091016
4/24/2014,135.7078389
4/25/2014,135.3434283
4/28/2014,135.3331344
4/29/2014,135.7134214
4/30/2014,135.9671461
5/1/2014,136.0375658
5/2/2014,136.1471837
5/5/2014,136.1641036
5/6/2014,136.1481219
5/7/2014,136.1953638
5/8/2014,136.3244945
5/9/2014,136.0386483
5/12/2014,136.4308834
5/13/2014,136.637501
5/14/2014,136.8029119
5/15/2014,136.3912582
5/16/2014,136.4044894
5/19/2014,136.5512375
5/20/2014,136.2145331
5/21/2014,136.4717192
5/22/2014,136.7028788
5/23/2014,136.9410446
5/27/2014,137.1859823
5/28/2014,137.3630244
5/29/2014,137.6334819
5/30/2014,137.5651875
6/2/2014,137.5036286
6/3/2014,137.3765178
6/4/2014,137.3617681
6/5/2014,137.7543505
6/6/2014,138.2882033
6/9/2014,138.3354339
6/10/2014,138.2534714
6/11/2014,138.0933452
6/12/2014,138.073316
6/13/2014,138.0793243
6/16/2014,138.0898064
6/17/2014,137.9809323
6/18/2014,138.3908732
6/19/2014,138.9766475
6/20/2014,138.8508918
6/23/2014,138.8682818
6/24/2014,138.705696
6/25/2014,138.8392415
6/26/2014,138.8819031
6/27/2014,139.0140854
6/30/2014,139.1338329
7/1/2014,139.4037828
7/2/2014,139.4221053
7/3/2014,139.5628752
7/7/2014,139.2602689
7/8/2014,138.9712265
7/9/2014,139.0830821
7/10/2014,138.6956419
7/11/2014,138.7006032
7/14/2014,139.0440414
7/15/2014,138.7783389
7/16/2014,139.0953516
7/17/2014,138.6301906
7/18/2014,138.9016259
7/21/2014,138.8100883
7/22/2014,139.1568617
7/23/2014,139.3690882
7/24/2014,139.3842644
7/25/2014,139.1536246
7/28/2014,139.1209586
7/29/2014,138.9614021
7/30/2014,138.6356635
7/31/2014,137.6053823
8/1/2014,137.2812694
8/4/2014,137.5651233
8/5/2014,137.0310886
8/6/2014,136.921534
8/7/2014,136.6739327
8/8/2014,136.9094198
8/11/2014,137.3888636
8/12/2014,137.2797139
8/13/2014,137.6993913
8/14/2014,138.0173562
8/15/2014,138.1190338
8/18/2014,138.4359087
8/19/2014,138.6993352
8/20/2014,138.680108
8/21/2014,138.8494323
8/22/2014,138.6380236
8/25/2014,138.9441985
8/26/2014,139.1983274
8/27/2014,139.419942
8/28/2014,139.219039
8/29/2014,139.3827506
9/2/2014,139.0064025
9/3/2014,139.2606029
9/4/2014,138.9557892
9/5/2014,139.0028913
9/8/2014,138.7064029
9/9/2014,138.0798599
9/10/2014,137.899771
9/11/2014,137.8687183
9/12/2014,137.3863549
9/15/2014,137.2757823
9/16/2014,137.461468
9/17/2014,137.6138552
9/18/2014,137.5922916
9/19/2014,137.4828905
9/22/2014,136.9537462
9/23/2014,136.6639994
9/24/2014,136.8876634
9/25/2014,136.1565939
9/26/2014,136.186596
9/29/2014,135.9266663
9/30/2014,135.6283145
10/1/2014,135.0904805
10/2/2014,134.7898259
10/3/2014,134.8666345
10/6/2014,135.3442386
10/7/2014,134.9462562
10/8/2014,135.2306867
10/9/2014,134.7336508
10/10/2014,133.6155626
10/14/2014,133.2971067
10/15/2014,132.8789888
10/16/2014,132.6569025
10/17/2014,133.4205424
10/20/2014,133.8054345
10/21/2014,134.6393543
10/22/2014,134.4174447
10/23/2014,134.6770459
10/24/2014,134.9284404
10/27/2014,134.9265967
10/28/2014,135.6538169
10/29/2014,135.8381311
10/30/2014,135.75094
10/31/2014,136.1297849
11/3/2014,135.6329837
11/4/2014,135.6059471
11/5/2014,135.6263582
11/6/2014,135.5603974
11/7/2014,135.5910737
11/10/2014,135.832398
11/12/2014,135.8891567
11/13/2014,135.7989754
11/14/2014,135.8473679
11/17/2014,135.7229279
11/18/2014,136.1418179
11/19/2014,135.9667004
11/20/2014,136.0877308
11/21/2014,136.6060582
11/24/2014,136.7274037
11/25/2014,136.9938276
11/26/2014,137.2808689
12/1/2014,136.2078352
12/2/2014,135.9976567
12/3/2014,136.0230815
12/4/2014,136.0649574
12/5/2014,135.8283689
12/8/2014,135.3096259
12/9/2014,135.312017
12/10/2014,134.4637651
12/11/2014,134.2727491
12/12/2014,133.5905042
12/15/2014,132.6294325
12/16/2014,132.4809652
12/17/2014,133.1078656
12/18/2014,134.2483046
12/19/2014,134.7365342
12/22/2014,134.9714527
12/23/2014,134.8097223
12/24/2014,134.8156477
12/26/2014,134.9685833
12/29/2014,135.1694264
12/30/2014,134.9386534
12/31/2014,134.4807417
1/2/2015,134.2859325
1/5/2015,133.1458464
1/6/2015,132.7027981
1/7/2015,132.827493
1/8/2015,133.9475683
1/9/2015,133.7981235
1/12/2015,133.4872885
1/13/2015,133.5534901
1/14/2015,133.3915847
1/15/2015,133.1945533
1/16/2015,133.4717159
1/20/2015,133.7002054
1/21/2015,134.1143738
1/22/2015,134.4222146
1/23/2015,134.4621083
1/26/2015,134.5281245
1/27/2015,134.5654792
1/28/2015,134.0450722
1/29/2015,133.9234534
1/30/2015,133.6039137
2/2/2015,134.208553
2/3/2015,135.1086448
2/4/2015,134.933684
2/5/2015,135.4533573
2/6/2015,134.9636649
2/9/2015,134.7509965
2/10/2015,134.7703086
2/11/2015,134.5206533
2/12/2015,135.4769994
2/13/2015,136.0717752
2/17/2015,135.9393755
2/18/2015,136.0668101
2/19/2015,136.1618448
2/20/2015,136.3213289
2/23/2015,136.3895272
2/24/2015,136.6840542
2/25/2015,137.0024477
2/26/2015,136.7493363
2/27/2015,136.8143539
3/2/2015,136.6676529
3/3/2015,136.3674363
3/4/2015,135.9126455
3/5/2015,135.9479123
3/6/2015,134.8236226
3/9/2015,134.6952901
3/10/2015,133.5824165
3/11/2015,133.5226036
3/12/2015,134.1771872
3/13/2015,133.5498945
3/16/2015,134.1664451
3/17/2015,134.1121225
3/18/2015,135.0001358
3/19/2015,135.0827946
3/20/2015,136.1939315
3/23/2015,136.5592439
3/24/2015,136.4629133
3/25/2015,136.0955966
3/26/2015,135.5312372
3/27/2015,135.4538865
3/30/2015,135.8064703
3/31/2015,135.2936901
4/1/2015,135.5682488
4/2/2015,136.0513371
4/6/2015,136.9147018
4/7/2015,136.7793664
4/8/2015,136.8577931
4/9/2015,136.8469281
4/10/2015,137.1265665
4/13/2015,136.9158057
4/14/2015,137.3969301
4/15/2015,137.59993
4/16/2015,137.9552844
4/17/2015,137.4107583
4/20/2015,137.5050559
4/21/2015,137.5774544
4/22/2015,137.6534846
4/23/2015,138.0504065
4/24/2015,138.4847152
4/27/2015,138.6143648
4/28/2015,138.7292674
4/29/2015,138.4952587
4/30/2015,137.8712939
5/1/2015,137.9639957
5/4/2015,137.9859989
5/5/2015,137.4154711
5/6/2015,137.3662542
5/7/2015,137.0168732
5/8/2015,138.0513866
5/11/2015,137.6290656
5/12/2015,137.4883217
5/13/2015,137.8320095
5/14/2015,138.3469357
5/15/2015,138.8027167
5/18/2015,138.6101385
5/19/2015,138.011313
5/20/2015,137.9448795
5/21/2015,138.308136
5/22/2015,137.9258358
5/26/2015,136.9789482
5/27/2015,137.2052984
5/28/2015,137.0955302
5/29/2015,136.8895377
6/1/2015,136.6525759
6/2/2015,136.8629912
6/3/2015,136.8702489
6/4/2015,136.3483584
6/5/2015,135.5058675
6/8/2015,135.3181876
6/9/2015,135.3370686
6/10/2015,136.151962
6/11/2015,136.2428975
6/12/2015,136.0267115
6/15/2015,135.4761763
6/16/2015,135.6585489
6/17/2015,135.6466064
6/18/2015,136.5282545
6/19/2015,136.3634178
6/22/2015,137.0195381
6/23/2015,136.8441609
6/24/2015,136.5662728
6/25/2015,136.4104658
6/26/2015,136.0294306
6/29/2015,134.8583133
6/30/2015,135.0798146
7/1/2015,135.1610555
7/2/2015,135.181436
7/6/2015,134.3878949
7/7/2015,134.0523654
7/8/2015,133.5189578
7/9/2015,133.9101459
7/10/2015,134.7063235
7/13/2015,135.0917054
7/14/2015,135.411558
7/15/2015,135.3457994
7/16/2015,135.7233895
7/17/2015,135.6676285
7/20/2015,135.5213005
7/21/2015,135.5139148
7/22/2015,135.0481169
7/23/2015,134.8980323
7/24/2015,134.2363007
7/27/2015,133.7817901
7/28/2015,134.1170942
7/29/2015,134.630042
7/30/2015,134.4905859
7/31/2015,134.9098908
8/3/2015,134.5869391
8/4/2015,134.5057986
8/5/2015,134.2953837
8/6/2015,133.9825185
8/7/2015,133.9326962
8/10/2015,134.6082481
8/11/2015,134.1309806
8/12/2015,133.9099345
8/13/2015,133.7473771
8/14/2015,133.7670837
8/17/2015,133.8387939
8/18/2015,133.5090592
8/19/2015,132.9255856
8/20/2015,132.269595
8/21/2015,130.8484802
8/24/2015,128.8846117
8/25/2015,128.5352683
8/26/2015,129.3019684
8/27/2015,130.5674954
8/28/2015,130.9888371
8/31/2015,130.68379
9/1/2015,129.1410139
9/2/2015,129.4648599
9/3/2015,129.7517596
9/4/2015,128.9468452
9/8/2015,129.9211699
9/9/2015,130.0490575
9/10/2015,129.9886037
9/11/2015,130.1352534
9/14/2015,129.9755775
9/15/2015,130.1864701
9/16/2015,130.9433739
9/17/2015,131.053834
9/18/2015,130.6581914
9/21/2015,130.1926362
9/22/2015,129.2151787
9/23/2015,128.8251633
9/24/2015,128.6691157
9/25/2015,128.6613579
9/28/2015,127.4998614
9/29/2015,127.1510553
9/30/2015,128.2396832
10/1/2015,128.5388698
10/2/2015,129.3828541
10/5/2015,130.4298175
10/6/2015,130.8392531
10/7/2015,131.4627182
10/8/2015,131.7944505
10/9/2015,132.3717328
10/13/2015,131.9109106
10/14/2015,131.8716447
10/15/2015,132.6373389
10/16/2015,132.8926004
10/19/2015,132.6311428
10/20/2015,132.4659185
10/21/2015,132.2853528
10/22/2015,132.6573159
10/23/2015,133.0703235
10/26/2015,133.0567324
10/27/2015,132.7944662
10/28/2015,133.3758238
10/29/2015,132.7044737
10/30/2015,132.8674106
11/2/2015,133.0834125
11/3/2015,133.2016627
11/4/2015,132.9286879
11/5/2015,132.6802193
11/6/2015,131.9498266
11/9/2015,131.3061536
11/10/2015,131.1989375
11/12/2015,130.6264726
11/13/2015,129.995909
11/16/2015,130.2916814
11/17/2015,130.5804475
11/18/2015,131.0205224
11/19/2015,131.5824098
11/20/2015,131.6066469
11/23/2015,131.3330816
11/24/2015,131.3483168
11/25/2015,131.4100861
11/27/2015,131.346284
11/30/2015,131.0127482
12/1/2015,131.7940492
12/2/2015,131.2193466
12/3/2015,130.6433461
12/4/2015,131.118946
12/7/2015,130.6952244
12/8/2015,130.0511524
12/9/2015,130.0477847
12/10/2015,129.9048676
12/11/2015,128.992151
12/14/2015,128.507432
12/15/2015,128.8040814
12/16/2015,129.4971015
12/17/2015,129.1490641
12/18/2015,128.6086364
12/21/2015,128.8365966
12/22/2015,129.13647
12/23/2015,129.8216002
12/24/2015,130.0955052
12/29/2015,130.3540298
12/30/2015,129.9692664
12/31/2015,129.6446723
1/4/2016,128.4375519
1/5/2016,128.4031245
1/6/2016,127.8084733
1/7/2016,126.6837995
1/8/2016,126.3948856
1/11/2016,125.8699604
1/12/2016,125.8850756
1/13/2016,125.4901064
1/14/2016,125.392618
1/15/2016,124.4897311
1/19/2016,124.3607581
1/20/2016,123.2765192
1/21/2016,123.4341615
1/22/2016,124.9376341
1/25/2016,124.515377
1/26/2016,125.0592191
1/27/2016,125.0829945
1/28/2016,125.3006452
1/29/2016,126.4016445
2/1/2016,126.4651833
2/2/2016,125.500059
2/3/2016,125.8513677
2/4/2016,126.4117654
2/5/2016,125.5753751
2/8/2016,124.7478992
2/9/2016,124.4275317
2/10/2016,124.3534598
2/11/2016,123.8662156
2/12/2016,124.2541209
2/16/2016,125.3009456
2/17/2016,126.2387534
2/18/2016,126.4865205
2/19/2016,126.2624753
2/22/2016,127.0069585
2/23/2016,126.454054
2/24/2016,126.3032253
2/25/2016,126.966453
2/26/2016,126.8675675
2/29/2016,126.850739
3/1/2016,127.7689042
3/2/2016,128.3359441
3/3/2016,129.0059161
3/4/2016,129.6140962
3/7/2016,129.7391197
3/8/2016,129.3932195
3/9/2016,129.4485015
3/10/2016,129.4805605
3/11/2016,130.6197592
3/14/2016,130.6633845
3/15/2016,130.1517338
3/16/2016,130.2918404
3/17/2016,131.9462186
3/18/2016,132.2103008
3/21/2016,132.093253
3/22/2016,132.1117888
3/23/2016,131.449444
3/24/2016,130.9566393
3/28/2016,131.1857152
3/29/2016,131.5342071
3/30/2016,132.4863558
3/31/2016,132.477762
4/1/2016,132.0440533
4/4/2016,132.162417
4/5/2016,131.3697396
4/6/2016,131.8604493
4/7/2016,131.6756039
4/8/2016,132.2094538
4/11/2016,132.4157517
4/12/2016,132.8206154
4/13/2016,133.6611577
4/14/2016,133.7692725
4/15/2016,133.8346729
4/18/2016,133.9743163
4/19/2016,134.8789181
4/20/2016,135.0318831
4/21/2016,134.7492786
4/22/2016,134.3178288
4/25/2016,134.0946418
4/26/2016,134.3109022
4/27/2016,134.4775362
4/28/2016,134.5917173
4/29/2016,134.6321093
5/2/2016,134.7269241
5/3/2016,134.0483534
5/4/2016,133.41032
5/5/2016,133.2107533
5/6/2016,133.3182327
5/9/2016,133.0465122
5/10/2016,133.8347637
5/11/2016,133.8470654
5/12/2016,133.6678214
5/13/2016,133.0797462
5/16/2016,133.5211777
5/17/2016,133.4625937
5/18/2016,133.0849899
5/19/2016,132.3726129
5/20/2016,132.823722
5/23/2016,132.7330077
5/24/2016,133.2553042
5/25/2016,133.9272926
5/26/2016,134.2244179
5/27/2016,134.3506111
5/31/2016,134.2526715
6/1/2016,134.3337971
6/2/2016,134.589155
6/3/2016,135.3134303
6/6/2016,135.7418729
6/7/2016,136.2367406
6/8/2016,136.7436741
6/9/2016,136.3527494
6/10/2016,135.4012186
6/13/2016,134.6879015
6/14/2016,133.9954022
6/15/2016,134.2464113
6/16/2016,133.9065835
6/17/2016,134.3570187
6/20/2016,135.5567358
6/21/2016,135.5453347
6/22/2016,135.5648011
6/23/2016,136.4045785
6/24/2016,133.5298391
6/27/2016,132.2607323
6/28/2016,133.4648319
6/29/2016,135.045181
6/30/2016,135.7162039
7/1/2016,136.2656956
7/5/2016,135.7333874
7/6/2016,135.5047105
7/7/2016,135.5727909
7/8/2016,136.3332472
7/11/2016,136.8136805
7/12/2016,137.2974033
7/13/2016,137.5056535
7/14/2016,137.7470279
7/15/2016,137.4457151
7/18/2016,137.5591447
7/19/2016,137.2691407
7/20/2016,137.4934291
7/21/2016,137.4439536
7/22/2016,137.4403282
7/25/2016,137.2901673
7/26/2016,137.3981691
7/27/2016,137.4528277
7/28/2016,137.679016
7/29/2016,138.4833464
8/1/2016,138.2380227
8/2/2016,137.8221065
8/3/2016,137.6736938
8/4/2016,138.0430591
8/5/2016,138.238649
8/8/2016,138.4686225
8/9/2016,138.9270225
8/10/2016,139.1321261
8/11/2016,139.4408176
8/12/2016,139.5891098
8/15/2016,139.831586
8/16/2016,139.6916538
8/17/2016,139.6961244
8/18/2016,140.1686359
8/19/2016,139.8214225
8/22/2016,139.8143308
8/23/2016,140.1054837
8/24/2016,139.5963426
8/25/2016,139.4884682
8/26/2016,139.4368724
8/29/2016,139.1625883
8/30/2016,139.0214803
8/31/2016,138.6904399
9/1/2016,138.7700935
9/2/2016,139.1311183
9/6/2016,140.0953989
9/7/2016,140.3706851
9/8/2016,140.2617949
9/9/2016,138.5262159
9/12/2016,138.5344636
9/13/2016,137.6849347
9/14/2016,137.5678382
9/15/2016,137.9982969
9/16/2016,137.6512936
9/19/2016,138.0760378
9/20/2016,138.2055226
9/21/2016,138.926897
9/22/2016,140.0530507
9/23/2016,139.5946935
9/26/2016,139.1836151
9/27/2016,139.3186143
9/28/2016,139.6560958
9/29/2016,139.5043442
9/30/2016,139.5895444
10/3/2016,139.542032
10/4/2016,139.1780247
10/5/2016,139.2022217
10/6/2016,139.0074147
10/7/2016,138.8243418
10/11/2016,138.1894029
10/12/2016,137.8580295
10/13/2016,137.7462607
10/14/2016,137.7642717
10/17/2016,137.5810673
10/18/2016,138.1822818
10/19/2016,138.5239057
10/20/2016,138.3647707
10/21/2016,138.2308067
10/24/2016,138.4176506
10/25/2016,138.2010137
10/26/2016,137.9900631
10/27/2016,137.5966328
10/28/2016,137.379054
10/31/2016,137.3570381
11/1/2016,137.1156603
11/2/2016,136.8136939
11/3/2016,136.5357667
11/4/2016,136.3460086
11/7/2016,137.1060766
11/8/2016,137.3458847
11/9/2016,136.910269
11/10/2016,136.5543805
11/14/2016,135.081865
11/15/2016,135.6239325
11/16/2016,135.476571
11/17/2016,135.7224285
11/18/2016,135.1158987
11/21/2016,135.756321
11/22/2016,135.9576853
11/23/2016,135.6388311
11/25/2016,136.0310083
11/28/2016,136.0816837
11/29/2016,136.0290112
11/30/2016,136.0073459
12/1/2016,135.7712487
12/2/2016,135.9226776
12/5/2016,136.3803899
12/6/2016,136.7793737
12/7/2016,137.6231229
12/8/2016,137.5974508
12/9/2016,137.6452268
12/12/2016,137.6124412
12/13/2016,138.1526335
12/14/2016,137.8380827
12/15/2016,136.745056
12/16/2016,136.7890779
12/19/2016,137.0305127
12/20/2016,136.9737189
12/21/2016,137.1338379
12/22/2016,137.0064229
12/23/2016,137.0997465
12/27/2016,137.2352753
12/28/2016,137.0688723
12/29/2016,137.4263077
12/30/2016,137.5135475
1/3/2017,137.3592215
1/4/2017,138.123522
1/5/2017,138.8833774
1/6/2017,138.7459928
1/9/2017,138.4604546
1/10/2017,138.7462027
1/11/2017,138.5723043
1/12/2017,139.3147239
1/13/2017,139.3472452
1/17/2017,139.4957409
1/18/2017,139.4271086
1/19/2017,138.7541665
1/20/2017,138.986184
1/23/2017,139.3533946
1/24/2017,139.6399515
1/25/2017,139.9520847
1/26/2017,139.812482
1/27/2017,139.8616811
1/30/2017,139.4153739
1/31/2017,139.6553219
2/1/2017,139.6773906
2/2/2017,139.9138168
2/3/2017,140.2184776
2/6/2017,140.0656157
2/7/2017,140.0140293
2/8/2017,140.3858717
2/9/2017,140.4695496
2/10/2017,140.7095142
2/13/2017,140.903946
2/14/2017,140.7805406
2/15/2017,141.1264165
2/16/2017,141.4772652
2/17/2017,141.4032022
2/21/2017,141.5153345
2/22/2017,141.5979229
2/23/2017,141.9082545
2/24/2017,141.8366524
2/27/2017,141.8401864
2/28/2017,141.8270684
3/1/2017,142.0502509
3/2/2017,141.5884439
3/3/2017,141.59027
3/6/2017,141.546422
3/7/2017,141.2762786
3/8/2017,140.7690844
3/9/2017,140.4673659
3/10/2017,140.8312368
3/13/2017,141.068354
3/14/2017,140.7666282
3/15/2017,141.4015805
3/16/2017,142.1746419
3/17/2017,142.2614858
3/20/2017,142.3076944
3/21/2017,142.062291
3/22/2017,141.9647907
3/23/2017,142.0401343
3/24/2017,142.1738884
3/27/2017,142.2683568
3/28/2017,142.7136971
3/29/2017,142.6920312
3/30/2017,142.7511686
3/31/2017,142.4537796
4/3/2017,142.3736423
4/4/2017,142.4948233
4/5/2017,142.4507515
4/6/2017,142.5002194
4/7/2017,142.4223353
4/10/2017,142.4069666
4/11/2017,142.6309644
4/12/2017,142.5478462
4/13/2017,142.4905851
4/17/2017,142.9176632
4/19/2017,142.5273975
4/20/2017,142.8767542
4/21/2017,142.6740324
4/24/2017,143.6983596
4/25/2017,144.0449971
4/26/2017,143.9961958
4/27/2017,144.0006803
4/28/2017,144.0034055
5/1/2017,144.1143316
5/2/2017,144.2987799
5/3/2017,144.1780281
5/4/2017,144.0094088
5/5/2017,144.3895761
5/8/2017,144.3296678
5/9/2017,144.0883516
5/10/2017,144.2924812
5/11/2017,144.2591073
5/12/2017,144.5822308
5/15/2017,144.9684362
5/16/2017,145.3285668
5/17/2017,144.9745806
5/18/2017,144.6536275
5/19/2017,145.325666
5/22/2017,145.795879
5/23/2017,145.765318
5/24/2017,145.7450534
5/25/2017,146.0432525
5/26/2017,146.0367761
5/30/2017,145.9267073
5/31/2017,146.0372084
6/1/2017,146.292342
6/2/2017,146.8973929
6/5/2017,146.7625342
6/6/2017,146.7840856
6/7/2017,146.7178965
6/8/2017,146.5657023
6/9/2017,146.4676586
6/12/2017,146.2421417
6/13/2017,146.5737201
6/14/2017,146.8996037
6/15/2017,146.1061315
6/16/2017,146.4021848
6/19/2017,146.7098861
6/20/2017,146.1992919
6/21/2017,146.0765799
6/22/2017,146.1721455
6/23/2017,146.4107164
6/26/2017,146.623279
6/27/2017,146.2801062
6/28/2017,146.7576152
6/29/2017,146.3952391
6/30/2017,146.284564
7/3/2017,146.3187336
7/5/2017,146.1698059
7/6/2017,145.7694169
7/7/2017,145.6811307
7/10/2017,145.9966367
7/11/2017,146.109098
7/12/2017,146.898542
7/13/2017,147.0068759
7/14/2017,147.6184131
7/17/2017,147.7582717
7/18/2017,148.0974273
7/19/2017,148.4534013
7/20/2017,148.7409657
7/21/2017,148.6910333
7/24/2017,148.541116
7/25/2017,148.5876792
7/26/2017,148.7274595
7/27/2017,148.9254694
7/28/2017,148.9353855
7/31/2017,149.0634805
8/1/2017,149.4260189
8/2/2017,149.5179063
8/3/2017,149.4811771
8/4/2017,149.2221388
8/7/2017,149.4979442
8/8/2017,149.2998205
8/9/2017,149.1782028
8/10/2017,148.4605771
8/11/2017,148.3839901
8/14/2017,148.8231982
8/15/2017,148.4542117
8/16/2017,148.7254742
8/17/2017,148.3867927
8/18/2017,148.3300622
8/21/2017,148.5077827
8/22/2017,148.8048737
8/23/2017,148.9332064
8/24/2017,148.9220659
8/25/2017,149.2287309
8/28/2017,149.400541
8/29/2017,149.4952914
8/30/2017,149.3981881
8/31/2017,149.9676234
9/1/2017,150.1670478
9/5/2017,150.1291772
9/6/2017,150.2668359
9/7/2017,150.7142288
9/8/2017,150.6781032
9/11/2017,151.0341778
9/12/2017,151.050815
9/13/2017,150.8842193
9/14/2017,150.7719767
9/15/2017,151.027692
9/18/2017,151.1094165
9/19/2017,151.2325777
9/20/2017,151.3923869
9/21/2017,150.9141597
9/22/2017,151.1097947
9/25/2017,150.8770762
9/26/2017,150.4452396
9/27/2017,150.3674391
9/28/2017,150.5021104
9/29/2017,150.8840541
10/2/2017,150.8409069
10/3/2017,151.1184347
10/4/2017,151.2575045
10/5/2017,151.3826339
10/6/2017,151.1996609
10/10/2017,151.7708859
10/11/2017,151.9029535
10/12/2017,151.9906757
10/13/2017,152.3405853
10/16/2017,152.4171757
10/17/2017,152.1984118
10/18/2017,152.2167417
10/19/2017,152.3689559
10/20/2017,152.2075132
10/23/2017,152.0260279
10/24/2017,152.0070988
10/25/2017,151.7574938
10/26/2017,151.6437235
10/27/2017,151.8600726
10/30/2017,152.1683228
10/31/2017,152.3215783
11/1/2017,152.5290551
11/2/2017,152.6800201
11/3/2017,152.6269156
11/6/2017,152.9024912
11/7/2017,152.8494961
11/8/2017,152.8912273
11/9/2017,152.5303971
11/10/2017,152.3729911
11/13/2017,152.1582683
11/14/2017,152.0045295
11/15/2017,151.7553206
11/16/2017,152.3153664
11/17/2017,152.5180147
11/20/2017,152.5127103
11/21/2017,153.0433058
11/22/2017,153.4431002
11/24/2017,153.8546519
11/27/2017,153.6819525
11/28/2017,153.8883601
11/29/2017,153.6991708
11/30/2017,153.8770111
12/1/2017,153.7418786
12/4/2017,153.6648233
12/5/2017,153.4189618
12/6/2017,153.0428128
12/7/2017,153.1143236
12/8/2017,153.4269636
12/11/2017,153.8022804
12/12/2017,153.6139317
12/13/2017,153.8074807
12/14/2017,153.7467432
12/15/2017,153.9674469
12/18/2017,154.6895585
12/19/2017,154.2962636
12/20/2017,154.294557
12/21/2017,154.5039362
12/22/2017,154.5643132
12/26/2017,154.7088545
12/27/2017,155.053756
12/28/2017,155.3242708
12/29/2017,155.4552556
1/2/2018,155.9391415
1/3/2018,156.3637437
1/4/2018,157.0113783
1/5/2018,157.3358392
1/8/2018,157.342126
1/9/2018,157.3128291
1/10/2018,157.3281774
1/12/2018,158.3933299
1/16/2018,158.6911876
1/17/2018,159.0265214
1/18/2018,158.8869071
1/19/2018,159.1632908
1/22/2018,159.6379223
1/23/2018,160.1982107
1/24/2018,160.5632593
1/25/2018,160.8643174
1/26/2018,161.2559578
1/29/2018,160.5512386
1/30/2018,159.7759283
1/31/2018,159.8662831
2/1/2018,159.7555136
2/2/2018,158.1063311
2/5/2018,156.1221708
2/6/2018,155.6110851
2/7/2018,155.453799
2/8/2018,153.6824905
2/9/2018,153.3760002
2/12/2018,154.2456523
2/13/2018,154.6014754
2/14/2018,155.5412635
2/15/2018,156.6073504
2/16/2018,156.9368451
2/20/2018,156.3206293
2/21/2018,156.1471105
2/22/2018,156.1068852
2/23/2018,156.9191258
2/26/2018,157.5325916
2/27/2018,156.6780185
2/28/2018,155.9264345
3/1/2018,155.1806379
3/2/2018,155.2074432
3/5/2018,155.6783207
3/6/2018,156.2576918
3/7/2018,156.0791151
3/8/2018,156.3036861
3/9/2018,156.9942716
3/12/2018,157.3069438
3/13/2018,157.1832206
3/14/2018,156.9005278
3/15/2018,156.7712321
3/16/2018,156.7153911
3/19/2018,155.9828053
3/20/2018,155.9074464
3/21/2018,155.9282609
3/22/2018,155.0963059
3/23/2018,154.046608
3/26/2018,155.0245482
3/27/2018,154.7430608
3/28/2018,154.2862509
3/29/2018,154.8920807
4/2/2018,154.1511115
4/3/2018,154.3525968
4/4/2018,154.5815158
4/5/2018,155.1007143
4/6/2018,154.444692
4/9/2018,154.8375932
4/10/2018,155.8553357
4/11/2018,155.8367719
4/12/2018,155.9106143
4/13/2018,155.8654225
4/16/2018,156.1593628
4/17/2018,156.6831316
4/18/2018,157.0904122
4/19/2018,156.6608431
4/20/2018,155.8447745
4/23/2018,155.4026493
4/24/2018,154.8697029
4/25/2018,154.4679611
4/26/2018,154.9564926
4/27/2018,155.2013588
4/30/2018,155.0136442
5/1/2018,154.6725023
5/2/2018,154.3584829
5/3/2018,154.1802967
5/4/2018,154.647851
5/7/2018,154.8977999
5/8/2018,154.6280482
5/9/2018,155.0351977
5/10/2018,155.7083578
5/11/2018,156.11807
5/14/2018,156.2830757
5/15/2018,155.3322925
5/16/2018,155.3742667
5/17/2018,155.3318986
5/18/2018,155.2025257
5/21/2018,155.4443568
5/22/2018,155.5529596
5/23/2018,155.3878711
5/24/2018,155.4315276
5/25/2018,155.2021788
5/29/2018,154.3650305
5/30/2018,154.7562596
5/31/2018,154.7756428
6/1/2018,155.0705963
6/4/2018,155.4520996
6/5/2018,155.3971505
6/6/2018,155.8383981
6/7/2018,156.0033806
6/8/2018,155.8240444
6/11/2018,156.0126624
6/12/2018,156.03128
6/13/2018,155.8623196
6/14/2018,155.7778421
6/15/2018,155.3030474
6/18/2018,154.9539021
6/19/2018,154.2725514
6/20/2018,154.5533357
6/21/2018,154.149091
6/22/2018,154.6348334
6/25/2018,153.6491309
6/26/2018,153.6522638
6/27/2018,153.2900092
6/28/2018,153.2253891
6/29/2018,153.8944659
7/2/2018,153.3599284
7/3/2018,153.5635184
7/5/2018,154.0202846
7/6/2018,154.7361417
7/9/2018,155.3795771
7/10/2018,155.4341672
7/11/2018,154.6170875
7/12/2018,155.0312896
7/13/2018,155.2637345
7/16/2018,155.0030062
7/17/2018,155.1077201
7/18/2018,155.1738493
7/19/2018,154.9408253
7/20/2018,155.2314014
7/23/2018,155.0628754
7/24/2018,155.5368854
7/25/2018,155.9668128
7/26/2018,155.9760287
7/27/2018,155.860985
7/30/2018,155.6599401
7/31/2018,155.7778524
8/1/2018,155.3934662
8/2/2018,155.1357599
8/3/2018,155.5206742
8/6/2018,155.562027
8/7/2018,155.9218662
8/8/2018,155.863328
8/9/2018,155.8095975
8/10/2018,154.8644139
8/13/2018,154.1200147
8/14/2018,154.4002294
8/15/2018,153.5105617
8/16/2018,154.1041717
8/17/2018,154.4029361
8/20/2018,154.8077258
8/21/2018,155.1871277
8/22/2018,155.5121096
8/23/2018,155.2094791
8/24/2018,155.6381725
8/27/2018,156.3363048
8/28/2018,156.3718754
8/29/2018,156.5676258
8/30/2018,156.2245264
8/31/2018,156.030031
9/4/2018,155.2232952
9/5/2018,154.7940999
9/6/2018,154.6180542
9/7/2018,154.3300632
9/10/2018,154.425669
9/11/2018,154.4064303
9/12/2018,154.7395401
9/13/2018,155.1333823
9/14/2018,155.2758066
9/17/2018,155.041254
9/18/2018,155.3750277
9/19/2018,155.5603441
9/20/2018,156.2904915
9/21/2018,156.623123
9/24/2018,156.3951021
9/25/2018,156.3774097
9/26/2018,156.3353332
9/27/2018,156.3285063
9/28/2018,156.142037
10/1/2018,156.2510403
10/2/2018,156.077858
10/3/2018,155.9904652
10/4/2018,154.9675606
10/5/2018,154.3615375
10/9/2018,153.8793706
10/10/2018,152.4972544
10/11/2018,151.1848519
10/12/2018,151.8907022
10/15/2018,151.7368494
10/16/2018,152.8157688
10/17/2018,152.6870974
10/18/2018,151.7157719
10/19/2018,151.6126225
10/22/2018,151.3886887
10/23/2018,150.6365095
10/24/2018,149.3564044
10/25/2018,149.7028437
10/26/2018,149.1635794
10/29/2018,148.8359859
10/30/2018,149.1688896
10/31/2018,149.9050651
11/1/2018,150.7515286
11/5/2018,150.9243394
11/6/2018,151.1410904
11/7/2018,152.2007736
11/8/2018,151.9750844
11/9/2018,151.1785914
11/13/2018,149.9193952
11/14/2018,149.861799
11/15/2018,150.0484417
11/16/2018,150.4676372
11/19/2018,150.0787038
11/20/2018,148.7733369
11/21/2018,149.0962642
11/23/2018,148.6509565
11/26/2018,149.2690381
11/27/2018,149.1530004
11/28/2018,150.1442645
11/29/2018,150.6695191
11/30/2018,150.7509235
12/3/2018,151.8494439
12/4/2018,150.7076442
12/6/2018,149.6167242
12/7/2018,149.1937905
12/10/2018,148.5215863
12/11/2018,148.4946155
12/12/2018,149.2718142
12/13/2018,149.2740655
12/14/2018,148.2284499
12/17/2018,147.4734772
12/18/2018,147.3024174
12/19/2018,147.1275644
12/20/2018,146.0377656
12/21/2018,145.2157007
12/24/2018,144.3024062
12/26/2018,145.4687908
12/27/2018,145.8406393
12/28/2018,146.2983944
12/31/2018,146.732021
1/2/2019,146.6426772
1/3/2019,146.2056677
1/4/2019,147.8607273
1/7/2019,148.5727563
1/8/2019,148.9786396
1/9/2019,149.8496583
1/10/2019,150.0620947
1/11/2019,150.1195549
1/14/2019,149.822831
1/15/2019,150.3582687
1/16/2019,150.488074
1/17/2019,150.7071869
1/18/2019,151.5612807
1/22/2019,150.8430908
1/23/2019,150.9373772
1/24/2019,151.2400564
1/25/2019,152.0048756
1/28/2019,151.5553202
1/29/2019,151.6691595
1/30/2019,152.3816012
1/31/2019,153.3794284
2/1/2019,153.3286303
2/4/2019,153.4111663
2/5/2019,153.9367571
2/6/2019,153.7890933
2/7/2019,153.0771333
2/8/2019,152.8362562
2/11/2019,152.6620038
2/12/2019,153.4310242
2/13/2019,153.6170447
2/14/2019,153.5240555
2/19/2019,154.6190529
2/20/2019,155.0022215
2/21/2019,154.8122284
2/22/2019,155.2535038
2/25/2019,155.4096177
2/26/2019,155.4878832
2/27/2019,155.4405877
2/28/2019,155.1374485
3/1/2019,155.2758301
3/4/2019,155.0948963
3/5/2019,155.0224549
3/6/2019,154.8956593
3/7/2019,154.3893251
3/8/2019,153.9783609
3/11/2019,154.6918507
3/12/2019,155.2223077
3/13/2019,155.6754802
3/14/2019,155.65879
3/15/2019,156.1970656
3/18/2019,156.6132206
3/19/2019,156.7673583
3/20/2019,156.6421407
3/21/2019,157.2127163
3/22/2019,156.3956053
3/25/2019,156.1720114
3/26/2019,156.5753046
3/27/2019,156.3816678
3/28/2019,156.311121
3/29/2019,156.6899397
4/1/2019,157.4075677
4/2/2019,157.4304509
4/3/2019,157.761054
4/4/2019,157.771393
4/5/2019,158.0214575
4/8/2019,158.2282232
4/9/2019,158.0937055
4/10/2019,158.3374601
4/11/2019,158.1576438
4/12/2019,158.442382
4/15/2019,158.444241
4/16/2019,158.4663954
4/17/2019,158.4030484
4/18/2019,158.3803786
4/22/2019,158.3734264
4/23/2019,158.6401394
4/24/2019,158.5576894
4/25/2019,158.283118
4/26/2019,158.6244231
4/29/2019,158.6496158
4/30/2019,158.8404437
5/1/2019,158.7313636
5/2/2019,158.2288128
5/3/2019,158.7819753
5/6/2019,158.3698601
5/7/2019,157.5451148
5/8/2019,157.3763126
5/9/2019,156.8048995
5/10/2019,157.1125236
5/13/2019,155.9556106
5/14/2019,156.2903995
5/15/2019,156.7359384
5/16/2019,157.1777795
5/17/2019,156.7628051
5/20/2019,156.4116264
5/21/2019,156.7583253
5/22/2019,156.5669079
5/23/2019,155.9131771
5/28/2019,156.220503
5/29/2019,155.6788207
5/30/2019,155.756707
5/31/2019,155.3538345
6/3/2019,155.6105498
6/4/2019,156.5156158
6/5/2019,157.0748101
6/6/2019,157.4134194
6/7/2019,158.3209482
6/10/2019,158.5861155
6/11/2019,158.8964894
6/12/2019,158.7056865
6/13/2019,158.8115137
6/14/2019,158.5905826
6/17/2019,158.5072042
6/18/2019,159.4409326
6/19/2019,159.9557617
6/20/2019,161.2868472
6/21/2019,160.9422081
6/24/2019,161.2204057
6/25/2019,160.8686107
6/26/2019,160.6112385
6/27/2019,160.974661
6/28/2019,161.3535809
7/1/2019,161.740483
7/2/2019,161.9121511
7/3/2019,162.5926583
7/5/2019,162.0761366
7/8/2019,161.6245087
7/9/2019,161.4478591
7/10/2019,161.8759047
7/11/2019,161.9482292
7/12/2019,162.1402556
7/15/2019,162.3172722
7/16/2019,162.0140489
7/17/2019,161.8501329
7/18/2019,161.8140339
7/19/2019,161.8798777
7/22/2019,161.9420244
7/23/2019,162.1950432
7/24/2019,162.5206314
7/25/2019,162.1638525
7/26/2019,162.2398071
7/29/2019,162.1954475
7/30/2019,161.915452
7/31/2019,161.5966631
,
,
,
,
,
,
,
,
,
,
,
,
,
,
,
,
,
,
,
,
,
,
,
,
,
,
,
,
,
,
,
,
,
,
,
,
,
,
,
,
,
,
