DATE,SDY
2007-01-03,61.97
2007-01-04,62.06
2007-01-05,61.435
2007-01-08,61.46
2007-01-09,61.785
2007-01-16,62.055
2007-01-18,62.97
2007-01-19,62.025
2007-01-22,61.77
2007-01-23,61.87000000000001
2007-01-24,62.14
2007-01-25,61.53
2007-01-26,61.595
2007-01-29,61.59
2007-01-30,61.95
2007-01-31,62.43
2007-02-01,62.68000000000001
2007-02-02,62.915
2007-02-07,63.155
2007-02-08,63.165
2007-02-09,62.975
2007-02-12,63.06
2007-02-13,63.44
2007-02-14,63.905
2007-02-15,63.965
2007-02-16,63.15
2007-02-20,64.315
2007-02-22,64.22
2007-02-26,64.095
2007-03-06,61.97
2007-03-08,62.085
2007-03-12,62.38
2007-03-13,61.445
2007-03-15,61.96
2007-03-16,61.46
2007-03-19,61.835
2007-03-20,62.23
2007-03-22,62.985
2007-03-26,62.98
2007-03-27,62.74
2007-03-28,62.17
2007-03-29,62.355
2007-04-13,62.925
2007-04-16,63.8
2007-04-17,63.935
2007-04-23,64.05
2007-04-30,64.425
2007-05-01,64.175
2007-05-02,64.735
2007-05-04,64.92999999999999
2007-05-08,65.25
2007-05-10,64.935
2007-05-11,65.09
2007-05-15,65.035
2007-05-16,65.38
2007-05-17,64.505
2007-05-21,65.655
2007-05-22,65.785
2007-05-23,65.6
2007-05-24,64.85499999999999
2007-05-25,65.125
2007-05-29,65.36500000000001
2007-05-30,65.62
2007-05-31,65.485
2007-06-01,65.82
2007-06-04,65.725
2007-06-05,65.31
2007-06-06,64.605
2007-06-07,63.39
2007-06-08,64.6
2007-06-11,64.195
2007-06-12,63.375
2007-06-13,64.18
2007-06-14,64.365
2007-06-15,63.805
2007-06-18,63.73
2007-06-19,64.535
2007-06-20,63.38
2007-06-21,63.27
2007-06-22,63.455
2007-06-25,62.88500000000001
2007-06-26,62.675
2007-06-27,63.75
2007-06-28,63.66
2007-06-29,62.89
2007-07-02,63.24
2007-07-03,63.645
2007-07-05,63.345
2007-07-06,63.17
2007-07-09,63.49
2007-07-10,63.03
2007-07-11,62.6
2007-07-12,63.59
2007-07-13,63.765
2007-07-16,63.515
2007-07-17,63.41
2007-07-18,63.105
2007-07-19,63.3
2007-07-20,62.67999999999999
2007-07-23,62.68
2007-07-24,61.91
2007-07-25,62.105
2007-07-26,60.745
2007-07-27,59.165
2007-07-30,59.99
2007-07-31,59.895
2007-08-02,61.595
2007-08-03,59.43
2007-08-06,60.38
2007-08-07,61.62
2007-08-08,61.865
2007-08-09,60.46
2007-08-10,60.93
2007-08-13,60.57
2007-08-14,59.435
2007-08-15,58.67
2007-08-16,61.095
2007-08-17,61.21
2007-08-20,60.83
2007-08-21,61.35
2007-08-22,61.535
2007-08-23,61.34
2007-08-24,61.75
2007-08-27,61.37
2007-08-28,60.05
2007-08-29,60.06
2007-08-30,60.30500000000001
2007-08-31,60.63
2007-09-04,60.74500000000001
2007-09-05,60.44499999999999
2007-09-06,60.58
2007-09-07,58.49
2007-09-10,60.13
2007-09-11,59.435
2007-09-12,60.375
2007-09-13,60.47
2007-09-14,60.395
2007-09-17,60.345
2007-09-18,62.025
2007-09-19,62.725
2007-09-20,62.04
2007-09-21,61.29
2007-09-24,60.575
2007-09-25,60.195
2007-09-26,60.88
2007-09-27,60.665
2007-10-01,61.205
2007-10-02,61.545
2007-10-03,61.545
2007-10-04,61.7
2007-10-05,62.065
2007-10-08,61.77
2007-10-10,59.13
2007-10-11,61.605
2007-10-12,61.16
2007-10-15,61.02
2007-10-16,60.565
2007-10-17,59.51
2007-10-18,59.15
2007-10-19,58.9
2007-10-25,58.305
2007-10-26,58.98
2007-10-29,59.08
2007-10-30,59.075
2007-10-31,59.645
2007-11-01,58.715
2007-11-02,57.705
2007-11-05,57.785
2007-11-06,57.96
2007-11-07,57.15000000000001
2007-11-08,57.57
2007-11-09,57.37
2007-11-12,55.35
2007-11-14,58.13
2007-11-15,56.765
2007-11-16,56.89
2007-11-19,56.27
2007-11-21,56.145
2007-11-23,56.605
2007-11-26,53.505
2007-11-27,56.21
2007-11-28,57.47
2007-11-29,57.36
2007-11-30,55.485
2007-12-03,57.835
2007-12-04,57.425
2007-12-05,58.015
2007-12-11,57.945
2007-12-13,57.225
2007-12-17,56.565
2007-12-18,56.965
2007-12-19,56.49500000000001
2007-12-20,56.88500000000001
2007-12-21,55.935
2007-12-24,56.455
2007-12-26,55.67
2007-12-27,55.62000000000001
2007-12-28,55.45
2007-12-31,55.11
2008-01-02,54.31999999999999
2008-01-03,51.94
2008-01-04,53.27500000000001
2008-01-07,52.88500000000001
2008-01-10,53.65
2008-01-11,53.27500000000001
2008-01-14,53.055
2008-01-17,51.8
2008-01-18,52.44
2008-01-22,50.465
2008-01-23,47.04
2008-01-25,47.13
2008-01-28,52.935
2008-01-30,54.845
2008-02-04,55.885
2008-02-05,52.89
2008-02-07,53.95
2008-02-08,53.685
2008-02-11,53.65
2008-02-12,53.645
2008-02-13,54.045
2008-02-14,53.525
2008-02-15,53.18
2008-02-19,52.93
2008-02-26,54.325
2008-02-28,53.235
2008-02-29,52.18
2008-03-03,52.385
2008-03-04,51.7
2008-03-05,51.565
2008-03-06,50.555
2008-03-07,51.815
2008-03-10,50.115
2008-03-14,51.345
2008-03-19,52.27500000000001
2008-03-25,53.35
2008-03-26,52.42
2008-03-27,50.78
2008-03-28,51.99
2008-04-03,52.16
2008-04-07,55.475
2008-04-08,55.195
2008-04-09,52.325
2008-04-10,52.3
2008-04-11,51.54
2008-04-14,50.505
2008-04-15,51.03
2008-04-16,52.05
2008-04-17,53.035
2008-04-18,53.69
2008-04-21,52.775
2008-04-22,52.88
2008-04-23,52.34
2008-04-24,52.99500000000001
2008-04-25,53.525
2008-04-28,53.81
2008-04-29,53.665
2008-04-30,53.025
2008-05-01,56.2
2008-05-02,54.59
2008-05-05,54.445
2008-05-06,54.63
2008-05-07,53.52500000000001
2008-05-08,53.32
2008-05-09,53.12000000000001
2008-05-12,54.08
2008-05-13,54.055
2008-05-14,54.385
2008-05-15,54.8
2008-05-16,54.43
2008-05-19,54.235
2008-05-20,53.63
2008-05-21,53.165
2008-05-22,53.565
2008-05-23,52.795
2008-05-27,53.185
2008-05-28,52.61
2008-05-29,53.25
2008-05-30,53.13500000000001
2008-06-02,52.33
2008-06-03,51.75
2008-06-04,51.99
2008-06-05,52.86
2008-06-06,52.38500000000001
2008-06-09,52.13500000000001
2008-06-10,49.98
2008-06-11,51.61
2008-06-12,51.5
2008-06-13,49.055
2008-06-16,51.5
2008-06-17,49.0
2008-06-18,46.835
2008-06-19,47.015
2008-06-20,46.47
2008-06-23,46.28
2008-06-24,45.57
2008-06-25,46.575
2008-06-26,45.38
2008-06-27,44.09
2008-06-30,44.325
2008-07-01,46.05
2008-07-02,43.96
2008-07-03,43.49
2008-07-07,42.775
2008-07-08,44.945
2008-07-09,43.74
2008-07-10,43.835
2008-07-11,41.905
2008-07-14,42.35
2008-07-15,43.47
2008-07-16,44.785
2008-07-17,47.19
2008-07-18,45.17
2008-07-21,45.75
2008-07-22,47.99500000000001
2008-07-23,47.925
2008-07-24,47.64
2008-07-25,46.095
2008-07-28,42.455
2008-07-29,45.505
2008-07-30,47.395
2008-07-31,47.985
2008-08-01,46.865
2008-08-04,44.905
2008-08-05,48.435
2008-08-06,48.73
2008-08-07,47.625
2008-08-08,48.985
2008-08-11,50.645
2008-08-12,49.405
2008-08-13,47.935
2008-08-14,48.645
2008-08-15,49.135
2008-08-18,48.24
2008-08-19,47.755
2008-08-20,47.83
2008-08-21,49.0
2008-08-22,48.48
2008-08-25,47.23
2008-08-26,47.325
2008-08-27,49.85
2008-08-28,48.785
2008-08-29,48.645
2008-09-02,49.73
2008-09-03,50.02
2008-09-04,49.24
2008-09-05,50.105
2008-09-08,51.285
2008-09-09,49.705
2008-09-10,50.43
2008-09-11,50.225
2008-09-12,50.955
2008-09-15,48.825
2008-09-16,50.415
2008-09-17,48.13500000000001
2008-09-19,53.54
2008-09-22,53.115
2008-09-23,52.865
2008-09-24,52.7
2008-09-25,51.63
2008-09-26,52.325
2008-09-30,49.03
2008-10-01,52.82
2008-10-02,50.29
2008-10-03,51.77
2008-10-06,45.77
2008-10-07,44.845
2008-10-08,47.75
2008-10-09,46.075
2008-10-10,40.82
2008-10-13,43.22
2008-10-14,43.93
2008-10-15,40.86
2008-10-16,42.12000000000001
2008-10-17,41.63
2008-10-20,43.225
2008-10-21,43.055
2008-10-22,47.765
2008-10-23,41.415
2008-10-24,40.1
2008-10-27,38.085
2008-10-28,42.72
2008-10-29,41.77
2008-10-30,42.71
2008-10-31,43.895
2008-11-03,44.77
2008-11-04,45.25
2008-11-05,43.975
2008-11-06,41.425
2008-11-07,41.540000000000006
2008-11-10,41.09
2008-11-11,41.305
2008-11-12,40.39
2008-11-13,41.995
2008-11-14,42.5
2008-11-17,40.63500000000001
2008-11-18,39.59
2008-11-19,38.0
2008-11-20,35.59999999999999
2008-11-21,35.565
2008-11-24,38.72
2008-11-25,39.24500000000001
2008-11-26,39.875
2008-11-28,39.46
2008-12-01,37.815
2008-12-02,40.46
2008-12-03,40.03
2008-12-04,40.01000000000001
2008-12-05,41.425
2008-12-08,40.835
2008-12-09,41.05
2008-12-10,41.43
2008-12-11,39.655
2008-12-12,40.865
2008-12-15,40.02
2008-12-16,41.215
2008-12-17,40.8
2008-12-18,41.465
2008-12-19,40.71
2008-12-22,40.515
2008-12-23,38.88
2008-12-24,39.35
2008-12-26,38.965
2008-12-29,40.29
2008-12-30,47.5
2008-12-31,40.135
2009-01-05,41.575
2009-01-06,41.73
2009-01-07,41.225
2009-01-08,40.72
2009-01-09,41.115
2009-01-12,38.815
2009-01-13,39.25
2009-01-14,38.0
2009-01-15,37.985
2009-01-16,40.0
2009-01-20,36.43
2009-01-21,37.02500000000001
2009-01-22,38.825
2009-01-23,36.395
2009-01-26,36.24
2009-01-27,37.91
2009-01-28,37.855
2009-01-29,36.655
2009-01-30,35.295
2009-02-02,35.205
2009-02-03,35.565
2009-02-04,35.525
2009-02-05,35.2
2009-02-06,35.585
2009-02-09,36.375
2009-02-10,35.795
2009-02-11,34.935
2009-02-12,34.92
2009-02-13,34.545
2009-02-17,32.84
2009-02-18,32.805
2009-02-19,33.49
2009-02-20,31.89
2009-02-23,32.195
2009-02-24,31.895
2009-02-25,31.8
2009-02-26,30.71
2009-02-27,30.695
2009-03-02,30.02
2009-03-03,29.065
2009-03-04,29.665
2009-03-05,28.54
2009-03-06,28.745
2009-03-09,27.27
2009-03-10,29.48
2009-03-11,29.905
2009-03-12,31.43
2009-03-13,31.54
2009-03-16,31.63000000000001
2009-03-17,32.64
2009-03-18,34.875
2009-03-19,33.105000000000004
2009-03-20,33.13
2009-03-23,32.43
2009-03-24,34.185
2009-03-25,35.805
2009-03-26,35.405
2009-03-27,35.875
2009-03-30,34.36
2009-03-31,33.645
2009-04-01,35.86499999999999
2009-04-02,35.51000000000001
2009-04-03,35.925
2009-04-06,35.515
2009-04-07,35.98000000000001
2009-04-08,35.91
2009-04-09,37.07
2009-04-13,37.795
2009-04-14,36.08
2009-04-15,37.59
2009-04-16,37.81
2009-04-17,37.94
2009-04-20,36.06
2009-04-21,38.165
2009-04-22,38.23
2009-04-23,36.97
2009-04-24,38.72
2009-04-27,38.49
2009-04-28,38.49
2009-04-29,38.94
2009-04-30,38.79
2009-05-01,38.88
2009-05-04,41.185
2009-05-05,41.01000000000001
2009-05-06,41.56
2009-05-07,40.215
2009-05-08,41.005
2009-05-11,40.395
2009-05-12,39.2
2009-05-13,37.35
2009-05-14,38.24
2009-05-15,37.49
2009-05-18,39.64
2009-05-19,39.855
2009-05-20,39.565
2009-05-21,38.565
2009-05-22,38.265
2009-05-26,38.13
2009-05-27,37.345
2009-05-28,38.62000000000001
2009-05-29,39.94
2009-06-01,39.36
2009-06-02,40.40000000000001
2009-06-03,38.83
2009-06-04,40.47
2009-06-05,40.28
2009-06-08,39.59
2009-06-09,39.4
2009-06-10,39.295
2009-06-11,39.285
2009-06-12,39.465
2009-06-15,38.765
2009-06-16,38.075
2009-06-17,38.015
2009-06-18,38.405
2009-06-19,38.98
2009-06-22,38.79
2009-06-23,37.175
2009-06-24,37.49
2009-06-25,37.5
2009-06-26,37.61
2009-06-29,38.235
2009-06-30,38.03
2009-07-01,38.445
2009-07-02,37.78
2009-07-06,37.45
2009-07-07,36.755
2009-07-08,37.6
2009-07-09,37.61
2009-07-10,36.62000000000001
2009-07-13,38.0
2009-07-14,38.275
2009-07-15,38.705
2009-07-16,40.52
2009-07-17,38.945
2009-07-20,40.75
2009-07-21,39.47
2009-07-22,39.705
2009-07-23,40.88
2009-07-24,41.095
2009-07-27,41.295
2009-07-28,41.46
2009-07-29,41.405
2009-07-30,41.63500000000001
2009-07-31,41.585
2009-08-03,42.02
2009-08-04,42.18
2009-08-05,43.05
2009-08-06,42.705
2009-08-07,42.65000000000001
2009-08-10,42.455
2009-08-11,42.15
2009-08-12,43.14
2009-08-13,42.565
2009-08-14,43.025
2009-08-17,42.475
2009-08-18,41.755
2009-08-19,42.095
2009-08-20,42.64
2009-08-21,43.02500000000001
2009-08-24,43.12000000000001
2009-08-25,43.5
2009-08-26,43.48
2009-08-27,43.565
2009-08-28,43.615
2009-08-31,43.17
2009-09-01,42.54
2009-09-02,41.96
2009-09-03,42.32
2009-09-04,42.48
2009-09-08,42.625
2009-09-09,42.825
2009-09-10,43.385
2009-09-11,42.935
2009-09-14,43.985
2009-09-15,45.36
2009-09-16,46.805
2009-09-17,45.54
2009-09-18,45.54
2009-09-21,46.29
2009-09-22,45.52
2009-09-23,44.27
2009-09-24,44.025
2009-09-25,43.74
2009-09-28,44.16
2009-09-29,44.395
2009-09-30,44.395
2009-10-01,43.86
2009-10-02,43.425
2009-10-05,43.34
2009-10-06,43.76
2009-10-07,43.78
2009-10-08,44.665000000000006
2009-10-09,44.790000000000006
2009-10-12,44.88500000000001
2009-10-13,44.86
2009-10-14,45.46
2009-10-15,45.540000000000006
2009-10-16,45.49
2009-10-19,45.945
2009-10-20,45.805
2009-10-21,45.685
2009-10-22,45.805
2009-10-23,45.38500000000001
2009-10-26,44.875
2009-10-27,45.47
2009-10-28,45.13
2009-10-29,44.98
2009-10-30,44.94
2009-11-02,44.125
2009-11-03,44.915
2009-11-04,44.69
2009-11-05,44.615
2009-11-06,44.76000000000001
2009-11-09,45.59
2009-11-10,45.445
2009-11-11,45.71
2009-11-12,45.245
2009-11-13,45.475
2009-11-16,46.07
2009-11-17,46.1
2009-11-18,46.075
2009-11-19,45.7
2009-11-20,45.74500000000001
2009-11-23,45.90000000000001
2009-11-24,46.2
2009-11-25,46.115
2009-11-27,45.415
2009-11-30,45.48
2009-12-01,46.14
2009-12-02,46.46
2009-12-03,46.07
2009-12-04,46.63500000000001
2009-12-07,46.57
2009-12-08,45.98
2009-12-09,45.9
2009-12-10,46.265
2009-12-11,46.505
2009-12-14,47.23
2009-12-15,46.645
2009-12-16,46.625
2009-12-17,46.52500000000001
2009-12-18,45.585
2009-12-21,46.31
2009-12-22,46.45
2009-12-23,46.485
2009-12-24,46.75
2009-12-28,46.785
2009-12-29,46.89
2009-12-30,46.9
2009-12-31,46.535
2010-01-04,46.785
2010-01-05,46.455
2010-01-06,46.40000000000001
2010-01-07,46.945
2010-01-08,46.945
2010-01-11,47.07
2010-01-12,46.905
2010-01-13,47.325
2010-01-14,47.215
2010-01-15,47.175
2010-01-19,47.4
2010-01-20,47.22
2010-01-21,46.48
2010-01-22,45.835
2010-01-25,46.295
2010-01-26,45.895
2010-01-27,45.97
2010-01-28,45.555
2010-01-29,45.235
2010-02-01,45.51000000000001
2010-02-02,46.13
2010-02-03,46.635
2010-02-04,45.375
2010-02-05,44.83
2010-02-08,44.64
2010-02-09,45.11
2010-02-10,45.05
2010-02-11,45.49500000000001
2010-02-12,45.625
2010-02-16,46.245
2010-02-17,46.615
2010-02-18,47.18
2010-02-19,47.175
2010-02-22,47.21
2010-02-23,46.86
2010-02-24,47.1
2010-02-25,47.22
2010-02-26,46.905
2010-03-01,47.435
2010-03-02,47.565
2010-03-03,47.81
2010-03-04,47.965
2010-03-05,48.41
2010-03-08,49.26
2010-03-09,48.515
2010-03-10,48.655
2010-03-11,48.765
2010-03-15,48.82
2010-03-16,49.085
2010-03-17,49.455
2010-03-18,49.485
2010-03-19,48.85
2010-03-22,49.115
2010-03-23,49.455
2010-03-24,49.14
2010-03-25,48.81
2010-03-26,49.12000000000001
2010-03-29,49.38500000000001
2010-03-30,49.395
2010-03-31,49.38
2010-04-01,49.72
2010-04-05,49.925
2010-04-06,50.12000000000001
2010-04-07,49.94
2010-04-08,49.805
2010-04-09,50.195
2010-04-12,50.175
2010-04-13,50.16
2010-04-14,50.475
2010-04-15,50.63500000000001
2010-04-16,50.24500000000001
2010-04-19,50.24
2010-04-20,50.64
2010-04-21,50.695
2010-04-22,50.925
2010-04-23,52.31
2010-04-26,51.13
2010-04-27,50.455
2010-04-28,50.5
2010-04-29,50.98
2010-04-30,50.51000000000001
2010-05-03,50.97
2010-05-04,50.05
2010-05-05,49.68
2010-05-06,48.06
2010-05-07,47.06
2010-05-10,49.065
2010-05-11,49.435
2010-05-12,49.99
2010-05-13,49.82
2010-05-14,48.875
2010-05-17,49.075
2010-05-18,48.7
2010-05-19,48.25
2010-05-20,46.595
2010-05-21,46.83
2010-05-24,46.59
2010-05-25,46.3
2010-05-26,45.875
2010-05-27,47.34
2010-05-28,46.85
2010-06-01,46.11
2010-06-02,47.09
2010-06-03,47.39
2010-06-04,46.175
2010-06-07,45.24
2010-06-08,45.71
2010-06-09,45.82
2010-06-10,47.335
2010-06-11,47.465
2010-06-14,47.59
2010-06-15,48.465
2010-06-16,48.540000000000006
2010-06-17,48.17
2010-06-18,48.17
2010-06-21,48.1
2010-06-22,47.38500000000001
2010-06-23,47.035
2010-06-24,46.66
2010-06-25,46.66
2010-06-28,46.825
2010-06-29,45.49500000000001
2010-06-30,45.155
2010-07-01,44.945
2010-07-02,44.89
2010-07-06,45.015
2010-07-07,46.25
2010-07-08,46.90000000000001
2010-07-09,47.15
2010-07-12,47.03
2010-07-13,47.89
2010-07-14,47.565
2010-07-15,47.49
2010-07-16,46.475
2010-07-19,46.465
2010-07-20,47.695
2010-07-21,46.985
2010-07-22,48.085
2010-07-23,48.66
2010-07-26,49.585
2010-07-27,49.77500000000001
2010-07-28,48.96
2010-07-29,48.975
2010-07-30,48.39
2010-08-02,49.445
2010-08-03,49.19
2010-08-04,49.2
2010-08-05,48.885
2010-08-06,48.57
2010-08-09,49.040000000000006
2010-08-10,48.975
2010-08-11,47.485
2010-08-12,47.3
2010-08-13,47.16
2010-08-16,47.265
2010-08-17,47.72
2010-08-18,47.72
2010-08-19,47.26000000000001
2010-08-20,47.13500000000001
2010-08-23,46.655
2010-08-24,46.415
2010-08-25,46.585
2010-08-26,46.355
2010-08-27,47.11
2010-08-30,46.595
2010-08-31,46.555
2010-09-01,47.685
2010-09-02,48.05
2010-09-03,48.425
2010-09-07,47.985
2010-09-08,48.13500000000001
2010-09-09,48.5
2010-09-10,48.695
2010-09-13,49.14
2010-09-14,49.275
2010-09-15,49.565
2010-09-16,49.56
2010-09-17,48.975
2010-09-20,49.74
2010-09-21,49.535
2010-09-22,49.64
2010-09-23,49.17
2010-09-24,50.195
2010-09-27,49.99
2010-09-28,50.22
2010-09-29,50.24500000000001
2010-09-30,50.195
2010-10-01,50.44
2010-10-04,50.295
2010-10-05,51.175
2010-10-06,51.185
2010-10-07,51.14
2010-10-08,51.27500000000001
2010-10-11,51.38
2010-10-12,51.34
2010-10-13,51.78
2010-10-14,51.695
2010-10-15,51.74
2010-10-18,51.705
2010-10-19,51.28
2010-10-20,51.675
2010-10-21,51.455
2010-10-22,51.52500000000001
2010-10-25,51.585
2010-10-26,51.31999999999999
2010-10-27,50.97
2010-10-28,51.02500000000001
2010-10-29,51.040000000000006
2010-11-01,51.05
2010-11-02,51.59
2010-11-03,51.71
2010-11-04,52.31999999999999
2010-11-05,52.29
2010-11-08,51.965
2010-11-09,51.78
2010-11-10,51.835
2010-11-11,51.64
2010-11-12,51.19
2010-11-15,51.38
2010-11-16,50.46
2010-11-17,50.545
2010-11-18,51.105
2010-11-19,51.1
2010-11-22,51.25
2010-11-23,50.595
2010-11-24,51.34
2010-11-26,51.23
2010-11-29,50.86
2010-11-30,50.58
2010-12-01,51.425
2010-12-02,51.545
2010-12-03,51.38
2010-12-06,51.13
2010-12-07,51.040000000000006
2010-12-08,51.12000000000001
2010-12-09,51.14
2010-12-10,51.53
2010-12-13,51.73
2010-12-14,51.975
2010-12-15,51.94
2010-12-16,52.26000000000001
2010-12-17,51.74
2010-12-20,51.805
2010-12-21,51.915
2010-12-22,52.23
2010-12-23,52.465
2010-12-27,52.045
2010-12-28,52.2
2010-12-29,52.19
2010-12-30,52.13500000000001
2010-12-31,52.04
2011-01-03,52.38500000000001
2011-01-04,52.005
2011-01-05,52.045
2011-01-06,52.035
2011-01-07,51.735
2011-01-10,51.655
2011-01-11,51.775
2011-01-12,52.175
2011-01-13,52.24
2011-01-14,52.23
2011-01-18,52.65
2011-01-19,52.295
2011-01-20,52.16
2011-01-21,52.08
2011-01-24,52.235
2011-01-25,52.445
2011-01-26,52.58
2011-01-27,52.695
2011-01-28,52.035
2011-01-31,52.165
2011-02-01,52.655
2011-02-02,52.455
2011-02-03,52.65
2011-02-04,52.75
2011-02-07,52.95
2011-02-08,53.18000000000001
2011-02-09,53.11
2011-02-10,53.315
2011-02-11,53.685
2011-02-14,53.46
2011-02-15,53.42
2011-02-16,53.675
2011-02-17,53.835
2011-02-18,54.18
2011-02-22,53.52
2011-02-23,53.18
2011-02-24,52.89
2011-02-25,53.445
2011-02-28,53.97
2011-03-01,53.215
2011-03-02,53.43
2011-03-03,54.22
2011-03-04,53.85
2011-03-07,53.48
2011-03-08,53.95
2011-03-09,54.02500000000001
2011-03-10,53.285
2011-03-11,53.47
2011-03-14,53.13500000000001
2011-03-15,52.665
2011-03-16,52.01000000000001
2011-03-17,52.365
2011-03-18,52.465
2011-03-21,53.085
2011-03-22,52.985
2011-03-23,52.875
2011-03-24,53.215
2011-03-25,53.465
2011-03-28,53.290000000000006
2011-03-29,53.645
2011-03-30,54.13500000000001
2011-03-31,54.16
2011-04-01,54.41
2011-04-04,54.515
2011-04-05,54.49
2011-04-06,54.635
2011-04-07,54.46
2011-04-08,54.085
2011-04-11,54.045
2011-04-12,53.61
2011-04-13,53.51
2011-04-14,53.825
2011-04-15,54.19499999999999
2011-04-18,53.52500000000001
2011-04-19,53.88
2011-04-20,54.64
2011-04-21,54.52500000000001
2011-04-25,54.375
2011-04-26,54.92
2011-04-27,55.27
2011-04-28,55.465
2011-04-29,55.52
2011-05-02,55.455
2011-05-03,55.15
2011-05-04,54.97
2011-05-05,54.7
2011-05-06,54.76
2011-05-09,55.035
2011-05-10,55.455
2011-05-11,55.045
2011-05-12,55.63
2011-05-13,55.205
2011-05-16,54.99
2011-05-17,55.005
2011-05-18,55.425
2011-05-19,55.635
2011-05-20,55.195
2011-05-23,54.8
2011-05-24,54.615
2011-05-25,54.5
2011-05-26,54.75
2011-05-27,54.945
2011-05-31,55.475
2011-06-01,54.205
2011-06-02,53.95
2011-06-03,53.39
2011-06-06,53.115
2011-06-07,53.08
2011-06-08,53.075
2011-06-09,53.25
2011-06-10,52.64
2011-06-13,52.71
2011-06-14,53.36
2011-06-15,52.545
2011-06-16,52.89
2011-06-17,52.685
2011-06-20,53.09
2011-06-21,53.575
2011-06-22,53.19
2011-06-23,52.915000000000006
2011-06-24,52.7
2011-06-27,52.845
2011-06-28,53.325
2011-06-29,53.75
2011-06-30,54.035
2011-07-01,54.735
2011-07-05,54.735
2011-07-06,54.89
2011-07-07,55.405
2011-07-08,54.95
2011-07-11,54.27
2011-07-12,54.145
2011-07-13,54.21
2011-07-14,53.795
2011-07-15,54.16
2011-07-18,53.64
2011-07-19,54.125
2011-07-20,53.935
2011-07-21,54.625
2011-07-22,54.41
2011-07-25,54.095
2011-07-26,53.61
2011-07-27,52.655
2011-07-28,52.555
2011-07-29,52.265
2011-08-01,51.825
2011-08-02,50.875
2011-08-03,51.055
2011-08-04,49.375
2011-08-05,49.125
2011-08-08,46.705
2011-08-09,48.38
2011-08-10,46.98
2011-08-11,49.01000000000001
2011-08-12,49.1
2011-08-15,50.05
2011-08-16,49.985
2011-08-17,49.81999999999999
2011-08-18,48.36
2011-08-19,47.965
2011-08-22,48.035
2011-08-23,49.485
2011-08-24,50.145
2011-08-25,49.435
2011-08-26,50.02
2011-08-29,51.40000000000001
2011-08-30,51.27
2011-08-31,51.895
2011-09-01,51.18
2011-09-02,50.205
2011-09-06,49.88500000000001
2011-09-07,51.11
2011-09-08,50.595
2011-09-09,49.505
2011-09-12,49.625
2011-09-13,49.94
2011-09-14,50.695
2011-09-15,51.375
2011-09-16,51.22
2011-09-19,50.655
2011-09-20,50.775
2011-09-21,48.935
2011-09-22,47.93
2011-09-23,48.08
2011-09-26,49.195
2011-09-27,49.845
2011-09-28,48.74500000000001
2011-09-29,49.61
2011-09-30,48.55
2011-10-03,46.985
2011-10-04,48.12
2011-10-05,49.0
2011-10-06,49.81
2011-10-07,49.415
2011-10-10,50.745
2011-10-11,50.61
2011-10-12,50.965
2011-10-13,50.92
2011-10-14,51.325
2011-10-17,50.7
2011-10-18,51.86
2011-10-19,51.49
2011-10-20,51.71
2011-10-21,52.915
2011-10-24,53.18
2011-10-25,52.365
2011-10-26,52.84
2011-10-27,54.425
2011-10-28,54.13
2011-10-31,52.985
2011-11-01,52.75
2011-11-02,52.52500000000001
2011-11-03,53.51000000000001
2011-11-04,53.42
2011-11-07,53.59
2011-11-08,54.155
2011-11-09,52.35
2011-11-10,52.975
2011-11-11,53.71
2011-11-14,53.465
2011-11-15,53.645
2011-11-16,52.92
2011-11-17,52.515
2011-11-18,52.54
2011-11-21,51.465
2011-11-22,51.38
2011-11-23,50.445
2011-11-25,50.40000000000001
2011-11-28,51.595
2011-11-29,51.83
2011-11-30,53.765
2011-12-01,53.455
2011-12-02,53.11
2011-12-05,53.48
2011-12-06,53.685
2011-12-07,54.065
2011-12-08,52.895
2011-12-09,53.88
2011-12-12,53.175
2011-12-13,52.825
2011-12-14,52.46
2011-12-15,52.85
2011-12-16,52.29
2011-12-19,51.81
2011-12-20,53.145
2011-12-21,53.33
2011-12-22,53.65
2011-12-23,53.74500000000001
2011-12-27,54.25
2011-12-28,53.68
2011-12-29,54.25
2011-12-30,53.88
2012-01-03,54.315
2012-01-04,54.135
2012-01-05,54.08
2012-01-06,53.915
2012-01-09,54.005
2012-01-10,54.39
2012-01-11,54.35
2012-01-12,54.44
2012-01-13,54.38500000000001
2012-01-17,54.48
2012-01-18,54.9
2012-01-19,55.1
2012-01-20,55.165
2012-01-23,55.12000000000001
2012-01-24,55.235
2012-01-25,55.5
2012-01-26,55.555
2012-01-27,55.28
2012-01-30,54.995
2012-01-31,54.8
2012-02-01,55.455
2012-02-02,55.49500000000001
2012-02-03,56.035
2012-02-06,55.925
2012-02-07,55.99
2012-02-08,56.015
2012-02-09,56.065
2012-02-10,55.64
2012-02-13,55.765
2012-02-14,55.755
2012-02-15,55.535
2012-02-16,55.95
2012-02-17,56.2
2012-02-21,55.99500000000001
2012-02-22,55.655
2012-02-23,56.36
2012-02-24,55.955
2012-02-27,55.98
2012-02-28,55.93
2012-02-29,55.91
2012-03-01,56.065
2012-03-02,55.865
2012-03-05,55.995
2012-03-06,55.27
2012-03-07,55.725
2012-03-08,55.88500000000001
2012-03-09,56.22
2012-03-12,56.555
2012-03-13,57.195
2012-03-14,56.875
2012-03-15,57.095
2012-03-16,56.59
2012-03-19,56.71
2012-03-20,56.86
2012-03-21,56.415
2012-03-22,56.075
2012-03-23,56.2
2012-03-26,56.865
2012-03-27,56.69
2012-03-28,56.665
2012-03-29,56.615
2012-03-30,56.62000000000001
2012-04-02,57.1
2012-04-03,56.965
2012-04-04,56.48
2012-04-05,56.345
2012-04-09,55.615
2012-04-10,54.86
2012-04-11,55.13
2012-04-12,55.79
2012-04-13,55.38
2012-04-16,55.595
2012-04-17,56.225
2012-04-18,55.9
2012-04-19,55.765
2012-04-20,56.045
2012-04-23,55.52500000000001
2012-04-24,56.06
2012-04-25,56.74
2012-04-26,56.815
2012-04-27,56.77500000000001
2012-04-30,56.41
2012-05-01,57.2
2012-05-02,56.905
2012-05-03,56.39
2012-05-04,55.755
2012-05-07,56.08
2012-05-08,55.77
2012-05-09,55.790000000000006
2012-05-10,55.705
2012-05-11,55.83
2012-05-14,54.9
2012-05-15,54.885
2012-05-16,54.72
2012-05-17,54.195
2012-05-18,53.715
2012-05-21,54.375
2012-05-22,54.265
2012-05-23,54.395
2012-05-24,54.62000000000001
2012-05-25,55.155
2012-05-29,55.54
2012-05-30,54.455
2012-05-31,54.505
2012-06-01,53.75
2012-06-04,53.415
2012-06-05,53.86
2012-06-06,54.74
2012-06-07,54.905
2012-06-08,55.42
2012-06-11,54.88500000000001
2012-06-12,55.175
2012-06-13,54.825
2012-06-14,55.36
2012-06-15,55.51
2012-06-18,55.53
2012-06-19,55.44
2012-06-20,55.66
2012-06-21,54.765
2012-06-22,55.03
2012-06-25,53.865
2012-06-26,54.155
2012-06-27,54.62000000000001
2012-06-28,54.665
2012-06-29,55.615
2012-07-02,55.5
2012-07-03,56.01000000000001
2012-07-05,55.86
2012-07-06,55.545
2012-07-09,55.34
2012-07-10,55.040000000000006
2012-07-11,55.075
2012-07-12,55.12
2012-07-13,55.55
2012-07-16,54.895
2012-07-17,55.365
2012-07-18,56.17
2012-07-19,56.695
2012-07-20,56.05
2012-07-23,55.51000000000001
2012-07-24,55.31
2012-07-25,55.08
2012-07-26,55.85
2012-07-27,56.36
2012-07-30,56.71
2012-07-31,56.61
2012-08-01,56.23
2012-08-02,55.725
2012-08-03,56.8
2012-08-06,56.64
2012-08-07,56.875
2012-08-08,56.9
2012-08-09,57.005
2012-08-10,56.96
2012-08-13,57.06
2012-08-14,57.02
2012-08-15,57.18
2012-08-16,57.45
2012-08-17,57.56
2012-08-20,57.55
2012-08-21,57.605
2012-08-22,57.355
2012-08-23,56.995
2012-08-24,57.28
2012-08-27,57.155
2012-08-28,57.115
2012-08-29,57.12
2012-08-30,56.975
2012-08-31,57.135
2012-09-04,57.32
2012-09-05,57.235
2012-09-06,58.195
2012-09-07,58.27500000000001
2012-09-10,58.02
2012-09-11,58.18
2012-09-12,58.37000000000001
2012-09-13,58.975
2012-09-14,59.375
2012-09-17,59.055
2012-09-18,58.905
2012-09-19,59.1
2012-09-20,58.98
2012-09-21,58.855
2012-09-24,58.56
2012-09-25,58.08
2012-09-26,57.86
2012-09-27,58.21
2012-09-28,58.075
2012-10-01,58.02500000000001
2012-10-02,58.075
2012-10-03,58.275
2012-10-04,58.715
2012-10-05,58.98
2012-10-08,58.815
2012-10-09,58.345
2012-10-10,58.02
2012-10-11,58.16
2012-10-12,57.88500000000001
2012-10-15,58.405
2012-10-16,58.965
2012-10-17,59.25
2012-10-18,59.41
2012-10-19,58.46
2012-10-22,58.365
2012-10-23,57.705
2012-10-24,57.655
2012-10-25,57.83
2012-10-26,57.675
2012-10-31,57.81
2012-11-01,58.655
2012-11-02,57.905
2012-11-05,57.945
2012-11-06,58.38
2012-11-07,57.23
2012-11-08,56.58
2012-11-09,56.615
2012-11-12,56.72
2012-11-13,56.575
2012-11-14,55.93
2012-11-15,55.785
2012-11-16,56.21
2012-11-19,57.08
2012-11-20,57.23
2012-11-21,57.37000000000001
2012-11-23,58.08
2012-11-26,57.945
2012-11-27,57.72
2012-11-28,57.98
2012-11-29,58.295
2012-11-30,58.365
2012-12-03,58.195
2012-12-04,58.075
2012-12-05,58.24500000000001
2012-12-06,58.36
2012-12-07,58.615
2012-12-10,58.68
2012-12-11,58.875
2012-12-12,58.72
2012-12-13,58.51000000000001
2012-12-14,58.355
2012-12-17,58.895
2012-12-18,59.465
2012-12-19,59.175
2012-12-20,59.48
2012-12-21,58.395
2012-12-24,58.155
2012-12-26,57.94
2012-12-27,57.835
2012-12-28,57.155
2012-12-31,58.235
2013-01-02,59.44
2013-01-03,59.465
2013-01-04,59.915
2013-01-07,59.655
2013-01-08,59.545
2013-01-09,59.675
2013-01-10,59.94
2013-01-11,59.985
2013-01-14,60.1
2013-01-15,60.295
2013-01-16,60.125
2013-01-17,60.69
2013-01-18,60.97
2013-01-22,61.36
2013-01-23,61.47
2013-01-24,61.48
2013-01-25,61.7
2013-01-28,61.65
2013-01-29,61.94
2013-01-30,61.595
2013-01-31,61.895
2013-02-01,62.42
2013-02-04,61.79
2013-02-05,62.235
2013-02-06,62.425
2013-02-07,62.465
2013-02-08,62.57
2013-02-11,62.64
2013-02-12,62.795
2013-02-13,62.915
2013-02-14,63.075
2013-02-15,63.315
2013-02-19,63.63
2013-02-20,63.045
2013-02-21,62.68
2013-02-22,63.285
2013-02-25,62.21
2013-02-26,62.58
2013-02-27,63.365
2013-02-28,63.305
2013-03-01,63.41
2013-03-04,63.825
2013-03-05,64.26
2013-03-06,64.255
2013-03-07,64.32
2013-03-08,64.64
2013-03-11,64.945
2013-03-12,64.875
2013-03-13,65.145
2013-03-14,65.47999999999999
2013-03-15,64.985
2013-03-18,64.68
2013-03-19,64.755
2013-03-20,65.205
2013-03-21,64.845
2013-03-22,65.235
2013-03-25,65.095
2013-03-26,65.625
2013-03-27,65.525
2013-03-28,66.005
2013-04-01,65.675
2013-04-02,65.845
2013-04-03,65.16
2013-04-04,65.595
2013-04-05,65.38499999999999
2013-04-08,65.85
2013-04-09,65.995
2013-04-10,66.68
2013-04-11,66.935
2013-04-12,66.805
2013-04-15,65.295
2013-04-16,66.22999999999999
2013-04-17,65.53999999999999
2013-04-18,65.33500000000001
2013-04-19,66.09
2013-04-22,66.265
2013-04-23,66.61
2013-04-25,68.21
2013-04-26,66.86500000000001
2013-04-29,67.27
2013-04-30,67.22999999999999
2013-05-01,66.58000000000001
2013-05-02,67.445
2013-05-03,68.11000000000001
2013-05-06,67.97999999999999
2013-05-07,68.485
2013-05-08,68.58500000000001
2013-05-09,68.14500000000001
2013-05-10,68.605
2013-05-13,68.55000000000001
2013-05-14,69.42
2013-05-15,69.785
2013-05-16,69.41
2013-05-17,70.03999999999999
2013-05-20,70.015
2013-05-21,70.195
2013-05-22,69.525
2013-05-23,69.105
2013-05-24,69.015
2013-05-28,69.24000000000001
2013-05-29,68.345
2013-05-30,68.44999999999999
2013-05-31,67.5
2013-06-03,67.62
2013-06-04,67.56
2013-06-05,66.63999999999999
2013-06-06,67.16499999999999
2013-06-07,67.845
2013-06-10,67.87
2013-06-11,67.44999999999999
2013-06-12,66.88999999999999
2013-06-13,67.86000000000001
2013-06-14,67.715
2013-06-17,68.16
2013-06-18,68.6
2013-06-19,67.53
2013-06-20,65.655
2013-06-21,65.49000000000001
2013-06-24,64.94999999999999
2013-06-25,65.57
2013-06-26,66.31
2013-06-27,66.8
2013-06-28,66.425
2013-07-01,66.81
2013-07-02,66.67500000000001
2013-07-03,66.515
2013-07-05,67.19
2013-07-08,67.67
2013-07-09,68.255
2013-07-10,68.37
2013-07-11,69.265
2013-07-12,69.31
2013-07-15,69.58500000000001
2013-07-16,69.22999999999999
2013-07-17,69.345
2013-07-18,69.695
2013-07-19,70.13
2013-07-22,70.205
2013-07-23,69.975
2013-07-24,69.645
2013-07-25,69.98
2013-07-26,70.06
2013-07-29,69.91
2013-07-30,70.005
2013-07-31,70.095
2013-08-01,70.97
2013-08-02,70.91499999999998
2013-08-05,70.805
2013-08-06,70.495
2013-08-07,70.255
2013-08-08,70.42500000000003
2013-08-09,70.38499999999998
2013-08-12,70.2
2013-08-13,70.185
2013-08-14,69.695
2013-08-15,68.575
2013-08-16,68.28
2013-08-19,67.865
2013-08-20,68.18
2013-08-21,67.655
2013-08-22,68.225
2013-08-23,68.475
2013-08-26,68.11
2013-08-27,67.185
2013-08-28,67.22
2013-08-29,67.28999999999999
2013-08-30,66.94
2013-09-03,66.92
2013-09-04,67.5
2013-09-05,67.455
2013-09-06,67.585
2013-09-09,68.33500000000001
2013-09-10,68.795
2013-09-11,69.005
2013-09-12,68.9
2013-09-13,69.045
2013-09-16,69.6
2013-09-17,69.83
2013-09-18,70.835
2013-09-19,70.705
2013-09-20,69.77000000000001
2013-09-23,69.58500000000001
2013-09-24,69.515
2013-09-25,69.245
2013-09-26,69.515
2013-09-27,69.11
2013-09-30,68.93
2013-10-01,69.52000000000001
2013-10-02,69.24000000000001
2013-10-03,68.625
2013-10-04,68.915
2013-10-07,68.42500000000001
2013-10-08,67.785
2013-10-09,67.94
2013-10-10,69.335
2013-10-11,69.83
2013-10-14,69.975
2013-10-15,69.31
2013-10-16,70.06
2013-10-17,70.825
2013-10-18,70.99000000000002
2013-10-21,71.045
2013-10-22,71.71000000000002
2013-10-23,71.665
2013-10-24,71.765
2013-10-25,72.305
2013-10-28,72.485
2013-10-29,72.915
2013-10-30,72.45
2013-10-31,72.35499999999998
2013-11-01,72.525
2013-11-04,72.905
2013-11-05,72.525
2013-11-06,73.03999999999998
2013-11-07,72.065
2013-11-08,72.505
2013-11-11,72.61500000000002
2013-11-12,72.415
2013-11-13,72.935
2013-11-14,73.335
2013-11-15,73.64
2013-11-18,73.44999999999997
2013-11-19,73.305
2013-11-20,72.915
2013-11-21,73.395
2013-11-22,73.6
2013-11-25,73.33
2013-11-26,73.22
2013-11-27,73.19999999999997
2013-11-29,73.0
2013-12-02,72.59
2013-12-03,72.485
2013-12-04,72.315
2013-12-05,71.985
2013-12-06,73.07
2013-12-09,73.225
2013-12-10,72.87
2013-12-11,72.095
2013-12-12,71.835
2013-12-13,71.845
2013-12-16,72.255
2013-12-17,72.10499999999998
2013-12-18,73.31
2013-12-19,72.99000000000002
2013-12-20,71.775
2013-12-23,71.91499999999998
2013-12-24,72.16
2013-12-26,72.39
2013-12-27,72.51
2013-12-30,72.57499999999997
2013-12-31,72.585
2014-01-02,71.85
2014-01-03,71.96000000000002
2014-01-06,71.735
2014-01-07,72.2
2014-01-08,71.97999999999998
2014-01-09,72.065
2014-01-10,72.52000000000002
2014-01-13,71.575
2014-01-14,72.18
2014-01-15,72.4
2014-01-16,72.395
2014-01-17,72.08500000000002
2014-01-21,72.365
2014-01-22,72.375
2014-01-23,71.78999999999998
2014-01-24,70.44
2014-01-27,70.27000000000001
2014-01-28,70.825
2014-01-29,70.13
2014-01-30,70.71000000000002
2014-01-31,70.425
2014-02-03,68.555
2014-02-04,68.845
2014-02-05,68.78
2014-02-06,69.4
2014-02-07,70.205
2014-02-10,70.39
2014-02-11,71.015
2014-02-12,71.08
2014-02-13,71.565
2014-02-14,71.92
2014-02-18,71.965
2014-02-19,71.57
2014-02-20,71.975
2014-02-21,71.975
2014-02-24,72.13
2014-02-25,72.215
2014-02-26,72.345
2014-02-27,72.66
2014-02-28,73.04499999999999
2014-03-03,72.59
2014-03-04,73.46000000000002
2014-03-05,73.21000000000002
2014-03-06,73.28999999999998
2014-03-07,73.285
2014-03-10,73.195
2014-03-11,72.985
2014-03-12,73.07
2014-03-13,72.47
2014-03-14,72.53
2014-03-17,73.14500000000002
2014-03-18,73.465
2014-03-19,72.82
2014-03-20,73.0
2014-03-21,72.685
2014-03-24,72.425
2014-03-25,72.78
2014-03-26,72.4
2014-03-27,72.4
2014-03-28,72.75
2014-03-31,73.56
2014-04-01,73.75
2014-04-02,74.015
2014-04-03,74.085
2014-04-04,73.52000000000002
2014-04-07,72.995
2014-04-08,73.345
2014-04-09,73.775
2014-04-10,72.715
2014-04-11,72.2
2014-04-14,72.665
2014-04-15,73.295
2014-04-16,73.975
2014-04-17,74.12
2014-04-21,74.15
2014-04-22,74.4
2014-04-23,74.4
2014-04-24,74.38
2014-04-25,73.97
2014-04-28,74.33500000000002
2014-04-29,74.375
2014-04-30,74.67500000000003
2014-05-01,74.585
2014-05-02,74.53999999999998
2014-05-05,74.515
2014-05-06,74.06
2014-05-07,74.75999999999998
2014-05-08,74.67
2014-05-09,74.775
2014-05-12,75.265
2014-05-13,75.17500000000003
2014-05-14,74.87
2014-05-15,74.275
2014-05-16,74.605
2014-05-19,74.74000000000002
2014-05-20,74.095
2014-05-21,74.4
2014-05-22,74.475
2014-05-23,74.77000000000002
2014-05-27,75.07499999999997
2014-05-28,74.985
2014-05-29,75.27000000000002
2014-05-30,75.455
2014-06-02,75.59
2014-06-03,75.47999999999998
2014-06-04,75.64
2014-06-05,76.275
2014-06-06,76.465
2014-06-09,76.63
2014-06-10,76.44999999999997
2014-06-11,76.08500000000002
2014-06-12,75.675
2014-06-13,75.785
2014-06-16,75.81
2014-06-17,76.135
2014-06-18,76.75999999999998
2014-06-19,77.015
2014-06-20,76.59
2014-06-23,76.41
2014-06-24,76.06
2014-06-25,76.28999999999998
2014-06-26,76.22
2014-06-27,76.46000000000002
2014-06-30,76.58500000000002
2014-07-01,76.815
2014-07-02,76.56
2014-07-03,76.805
2014-07-07,76.565
2014-07-08,76.32
2014-07-09,76.44
2014-07-10,76.215
2014-07-11,76.08
2014-07-14,76.28999999999998
2014-07-15,76.17
2014-07-16,76.19
2014-07-17,75.42
2014-07-18,76.18
2014-07-21,75.965
2014-07-22,75.97999999999998
2014-07-23,76.055
2014-07-24,75.95500000000001
2014-07-25,75.705
2014-07-28,75.86500000000002
2014-07-29,75.505
2014-07-30,75.205
2014-07-31,73.785
2014-08-01,73.75999999999998
2014-08-04,74.03999999999998
2014-08-05,73.545
2014-08-06,73.595
2014-08-07,73.37
2014-08-08,74.285
2014-08-11,74.525
2014-08-12,74.47
2014-08-13,75.0
2014-08-14,75.31
2014-08-15,75.205
2014-08-18,75.88499999999998
2014-08-19,76.245
2014-08-20,76.42500000000003
2014-08-21,76.64
2014-08-22,76.42
2014-08-25,76.755
2014-08-26,76.71000000000002
2014-08-27,76.755
2014-08-28,76.72999999999998
2014-08-29,76.93
2014-09-02,76.9
2014-09-03,77.03
2014-09-04,77.065
2014-09-05,77.41
2014-09-08,77.17
2014-09-09,76.735
2014-09-10,76.78999999999998
2014-09-11,76.89
2014-09-12,76.25999999999998
2014-09-15,76.28999999999998
2014-09-16,76.68
2014-09-17,76.71000000000002
2014-09-18,76.93
2014-09-19,76.4
2014-09-22,76.03
2014-09-23,75.37
2014-09-24,75.88499999999998
2014-09-25,74.93
2014-09-26,75.375
2014-09-29,75.33
2014-09-30,74.955
2014-10-01,74.17
2014-10-02,74.31
2014-10-03,74.96000000000002
2014-10-06,74.92
2014-10-07,73.995
2014-10-08,75.205
2014-10-09,73.91
2014-10-10,73.57
2014-10-13,72.705
2014-10-14,73.22999999999998
2014-10-15,72.9
2014-10-16,72.975
2014-10-17,73.595
2014-10-20,74.375
2014-10-21,75.58500000000002
2014-10-22,75.355
2014-10-23,76.0
2014-10-24,76.50999999999998
2014-10-27,76.495
2014-10-28,77.28
2014-10-29,77.16
2014-10-30,77.725
2014-10-31,78.56
2014-11-03,78.50999999999998
2014-11-04,78.61
2014-11-05,79.1
2014-11-06,79.19999999999997
2014-11-07,79.62
2014-11-10,79.965
2014-11-11,79.81
2014-11-12,79.82
2014-11-13,79.77000000000002
2014-11-14,79.56
2014-11-17,79.78
2014-11-18,80.05000000000003
2014-11-19,80.05000000000003
2014-11-20,80.13
2014-11-21,80.625
2014-11-24,80.74000000000002
2014-11-25,80.75
2014-11-26,80.91
2014-11-28,81.505
2014-12-01,80.42
2014-12-02,80.75
2014-12-03,81.08
2014-12-04,81.03999999999998
2014-12-05,81.03
2014-12-08,80.71000000000002
2014-12-09,80.72999999999998
2014-12-10,79.545
2014-12-11,80.03999999999998
2014-12-12,78.83
2014-12-15,78.4
2014-12-16,78.21000000000002
2014-12-17,79.69
2014-12-18,81.095
2014-12-19,78.92
2014-12-22,79.32499999999997
2014-12-23,79.535
2014-12-24,79.535
2014-12-26,79.785
2014-12-29,80.13
2014-12-30,79.72
2014-12-31,78.785
2015-01-02,78.75999999999998
2015-01-05,77.5
2015-01-06,77.02000000000002
2015-01-07,77.99000000000002
2015-01-08,79.15
2015-01-09,78.36
2015-01-12,78.035
2015-01-13,77.94999999999997
2015-01-14,77.655
2015-01-15,77.36500000000002
2015-01-16,78.225
2015-01-20,78.035
2015-01-21,78.345
2015-01-22,79.32
2015-01-23,78.62
2015-01-26,78.91
2015-01-27,78.33500000000002
2015-01-28,77.36500000000002
2015-01-29,78.08500000000002
2015-01-30,76.89500000000002
2015-02-02,77.655
2015-02-03,78.785
2015-02-04,78.215
2015-02-05,79.00999999999998
2015-02-06,78.455
2015-02-09,78.005
2015-02-10,78.475
2015-02-11,78.22999999999998
2015-02-12,78.83500000000002
2015-02-13,79.16
2015-02-17,79.19
2015-02-18,79.465
2015-02-19,79.095
2015-02-20,79.63499999999998
2015-02-23,79.595
2015-02-24,79.805
2015-02-25,79.67500000000003
2015-02-26,79.405
2015-02-27,79.285
2015-03-02,79.555
2015-03-03,79.265
2015-03-04,78.735
2015-03-05,78.945
2015-03-06,77.60499999999998
2015-03-09,78.025
2015-03-10,76.975
2015-03-11,76.94999999999997
2015-03-12,78.065
2015-03-13,77.505
2015-03-16,78.41499999999998
2015-03-17,78.19
2015-03-18,79.28999999999998
2015-03-19,78.67500000000003
2015-03-20,79.09
2015-03-23,79.005
2015-03-24,78.6
2015-03-25,77.72999999999998
2015-03-26,77.475
2015-03-27,77.66
2015-03-30,78.66499999999998
2015-03-31,78.185
2015-04-01,77.86500000000002
2015-04-02,78.215
2015-04-06,78.78
2015-04-07,78.44
2015-04-08,78.50999999999998
2015-04-09,78.515
2015-04-10,78.75
2015-04-13,78.47999999999998
2015-04-14,78.765
2015-04-15,78.945
2015-04-16,78.72999999999998
2015-04-17,77.935
2015-04-20,78.63499999999998
2015-04-21,78.515
2015-04-22,78.725
2015-04-23,78.97999999999998
2015-04-24,79.03
2015-04-27,78.63
2015-04-28,79.035
2015-04-29,78.57
2015-04-30,77.72
2015-05-01,78.33
2015-05-04,78.6
2015-05-05,77.625
2015-05-06,77.53
2015-05-07,77.905
2015-05-08,78.64
2015-05-11,78.39500000000002
2015-05-12,78.32
2015-05-13,78.21000000000002
2015-05-14,79.12
2015-05-15,79.32499999999997
2015-05-18,79.50999999999998
2015-05-19,79.5
2015-05-20,79.475
2015-05-21,79.46000000000002
2015-05-22,79.16
2015-05-26,78.49000000000002
2015-05-27,79.05000000000003
2015-05-28,79.015
2015-05-29,78.475
2015-06-01,78.58
2015-06-02,78.5
2015-06-03,78.61
2015-06-04,78.015
2015-06-05,77.715
2015-06-08,77.495
2015-06-09,77.39500000000002
2015-06-10,78.125
2015-06-11,78.445
2015-06-12,77.91499999999998
2015-06-15,77.39
2015-06-16,77.905
2015-06-17,78.14500000000002
2015-06-18,79.005
2015-06-19,78.185
2015-06-22,78.455
2015-06-23,78.36
2015-06-24,77.80000000000003
2015-06-25,77.455
2015-06-26,77.765
2015-06-29,76.33500000000002
2015-06-30,76.215
2015-07-01,77.03
2015-07-02,77.035
2015-07-06,76.84
2015-07-07,77.50999999999998
2015-07-08,76.575
2015-07-09,76.475
2015-07-10,77.17
2015-07-13,77.735
2015-07-14,77.92500000000003
2015-07-15,77.765
2015-07-16,78.095
2015-07-17,77.605
2015-07-20,77.56
2015-07-21,77.075
2015-07-22,77.16499999999998
2015-07-23,76.665
2015-07-24,76.11500000000002
2015-07-27,75.94
2015-07-28,76.735
2015-07-29,77.41499999999998
2015-07-30,77.475
2015-07-31,77.565
2015-08-03,77.52000000000002
2015-08-04,77.235
2015-08-05,77.57499999999997
2015-08-06,77.155
2015-08-07,77.08
2015-08-10,77.88
2015-08-11,77.47999999999998
2015-08-12,77.59
2015-08-13,77.53
2015-08-14,78.14500000000002
2015-08-17,78.535
2015-08-18,78.345
2015-08-19,77.72999999999998
2015-08-20,76.545
2015-08-21,74.845
2015-08-24,72.06
2015-08-25,70.785
2015-08-26,72.71000000000002
2015-08-27,74.18
2015-08-28,74.25999999999998
2015-08-31,73.66499999999998
2015-09-01,71.69
2015-09-02,72.55000000000003
2015-09-03,72.745
2015-09-04,71.645
2015-09-08,73.225
2015-09-09,72.39
2015-09-10,72.41
2015-09-11,72.755
2015-09-14,72.525
2015-09-15,73.325
2015-09-16,74.105
2015-09-17,74.03
2015-09-18,72.705
2015-09-21,73.11
2015-09-22,72.255
2015-09-23,72.08
2015-09-24,71.94
2015-09-25,72.19
2015-09-28,70.91
2015-09-29,71.19999999999997
2015-09-30,72.17500000000003
2015-10-01,72.05
2015-10-02,72.905
2015-10-05,74.37
2015-10-06,74.095
2015-10-07,74.85
2015-10-08,75.78999999999998
2015-10-09,75.655
2015-10-12,75.84
2015-10-13,75.345
2015-10-14,74.85499999999998
2015-10-15,75.695
2015-10-16,76.00999999999998
2015-10-19,76.07
2015-10-20,76.19999999999997
2015-10-21,75.87
2015-10-22,77.43
2015-10-23,77.47
2015-10-26,77.57
2015-10-27,77.235
2015-10-28,77.965
2015-10-29,77.89500000000002
2015-10-30,77.745
2015-11-02,78.75999999999998
2015-11-03,78.795
2015-11-04,78.655
2015-11-05,78.57
2015-11-06,77.825
2015-11-09,77.02000000000002
2015-11-10,77.33500000000002
2015-11-11,77.17500000000003
2015-11-12,75.93
2015-11-13,75.41
2015-11-16,76.57
2015-11-17,76.30000000000003
2015-11-18,77.43
2015-11-19,77.53
2015-11-20,77.755
2015-11-23,77.935
2015-11-24,78.085
2015-11-25,78.03999999999998
2015-11-27,78.255
2015-11-30,77.94
2015-12-01,78.47999999999998
2015-12-02,77.53
2015-12-03,76.65
2015-12-04,77.85499999999998
2015-12-07,77.32
2015-12-08,76.63
2015-12-09,76.13
2015-12-10,75.97999999999998
2015-12-11,74.92
2015-12-14,75.285
2015-12-15,75.935
2015-12-16,77.025
2015-12-17,76.075
2015-12-18,71.82499999999997
2015-12-21,72.32
2015-12-22,73.16499999999998
2015-12-23,74.19
2015-12-24,74.1
2015-12-28,74.19
2015-12-29,74.74000000000002
2015-12-30,74.37
2015-12-31,73.555
2016-01-04,72.58
2016-01-05,72.88
2016-01-06,72.05000000000003
2016-01-07,70.6
2016-01-08,69.92500000000001
2016-01-11,69.89
2016-01-12,70.27000000000001
2016-01-13,69.015
2016-01-14,69.91499999999999
2016-01-15,69.005
2016-01-19,69.215
2016-01-20,68.405
2016-01-21,68.69
2016-01-22,69.96000000000001
2016-01-25,68.955
2016-01-26,70.295
2016-01-27,69.94999999999999
2016-01-28,70.49000000000002
2016-01-29,72.17500000000003
2016-02-01,72.515
2016-02-02,71.62
2016-02-03,72.595
2016-02-04,73.055
2016-02-05,72.455
2016-02-08,72.11500000000002
2016-02-09,72.005
2016-02-10,71.695
2016-02-11,70.935
2016-02-12,72.19999999999997
2016-02-16,73.185
2016-02-17,73.91499999999998
2016-02-18,74.065
2016-02-19,73.955
2016-02-22,74.66499999999998
2016-02-23,74.005
2016-02-24,74.33
2016-02-25,75.10499999999998
2016-02-26,74.89
2016-02-29,74.41
2016-03-01,75.69999999999997
2016-03-02,76.18
2016-03-03,76.655
2016-03-04,77.155
2016-03-07,77.55000000000003
2016-03-08,76.97
2016-03-09,77.17500000000003
2016-03-10,77.205
2016-03-11,78.22
2016-03-14,78.0
2016-03-15,77.85499999999998
2016-03-16,78.515
2016-03-17,79.68
2016-03-18,79.275
2016-03-21,79.24000000000002
2016-03-22,79.245
2016-03-23,78.775
2016-03-24,78.845
2016-03-28,79.08500000000002
2016-03-29,79.995
2016-03-30,80.10499999999998
2016-03-31,79.92500000000003
2016-04-01,80.35
2016-04-04,79.89
2016-04-05,79.17500000000003
2016-04-06,79.655
2016-04-07,78.975
2016-04-08,79.41499999999998
2016-04-11,79.345
2016-04-12,80.14
2016-04-13,80.765
2016-04-14,80.625
2016-04-15,80.935
2016-04-18,81.265
2016-04-19,81.595
2016-04-20,81.275
2016-04-21,80.275
2016-04-22,80.795
2016-04-25,80.755
2016-04-26,81.14500000000002
2016-04-27,81.57499999999997
2016-04-28,80.91499999999998
2016-04-29,80.685
2016-05-02,81.36
2016-05-03,80.795
2016-05-04,80.69999999999997
2016-05-05,80.62
2016-05-06,80.975
2016-05-09,81.14500000000002
2016-05-10,81.82499999999997
2016-05-11,81.255
2016-05-12,81.60499999999998
2016-05-13,80.775
2016-05-16,81.455
2016-05-17,80.32499999999997
2016-05-18,79.905
2016-05-19,79.72999999999998
2016-05-20,80.155
2016-05-23,80.015
2016-05-24,81.07
2016-05-25,81.455
2016-05-26,81.565
2016-05-27,81.92500000000003
2016-05-31,81.82499999999997
2016-06-01,82.0
2016-06-02,82.33
2016-06-03,82.42500000000003
2016-06-06,82.745
2016-06-07,82.945
2016-06-08,83.38499999999998
2016-06-09,83.405
2016-06-10,82.89500000000002
2016-06-13,82.245
2016-06-14,82.185
2016-06-15,82.185
2016-06-16,82.485
2016-06-17,81.91499999999998
2016-06-20,82.46000000000002
2016-06-21,82.545
2016-06-22,82.39500000000002
2016-06-23,83.455
2016-06-24,81.17500000000003
2016-06-27,80.045
2016-06-28,81.155
2016-06-29,82.295
2016-06-30,83.92500000000003
2016-07-01,83.985
2016-07-05,83.61500000000002
2016-07-06,83.985
2016-07-07,83.62
2016-07-08,84.83
2016-07-11,85.225
2016-07-12,85.705
2016-07-13,85.89500000000002
2016-07-14,85.995
2016-07-15,86.055
2016-07-18,85.965
2016-07-19,85.91499999999998
2016-07-20,86.025
2016-07-21,85.755
2016-07-22,86.305
2016-07-25,86.11500000000002
2016-07-26,86.4
2016-07-27,85.955
2016-07-28,86.195
2016-07-29,86.305
2016-08-01,86.02000000000002
2016-08-02,85.42
2016-08-03,85.525
2016-08-04,85.58500000000002
2016-08-05,86.045
2016-08-08,85.985
2016-08-09,85.975
2016-08-10,86.005
2016-08-11,86.14500000000002
2016-08-12,86.12
2016-08-15,86.295
2016-08-16,85.655
2016-08-17,85.78999999999998
2016-08-18,86.14500000000002
2016-08-19,85.975
2016-08-22,86.005
2016-08-23,86.195
2016-08-24,85.87
2016-08-25,85.945
2016-08-26,85.465
2016-08-29,86.055
2016-08-30,85.905
2016-08-31,85.64500000000002
2016-09-01,85.565
2016-09-02,86.16499999999998
2016-09-06,86.245
2016-09-07,86.315
2016-09-08,85.875
2016-09-09,83.4
2016-09-12,84.405
2016-09-13,83.025
2016-09-14,82.83500000000002
2016-09-15,83.41499999999998
2016-09-16,82.64500000000002
2016-09-19,83.07499999999997
2016-09-20,83.07499999999997
2016-09-21,84.11500000000002
2016-09-22,84.83500000000002
2016-09-23,84.275
2016-09-26,83.795
2016-09-27,84.13499999999998
2016-09-28,84.655
2016-09-29,83.795
2016-09-30,84.35499999999998
2016-10-03,83.86500000000002
2016-10-04,83.015
2016-10-05,83.125
2016-10-06,83.155
2016-10-07,82.655
2016-10-10,82.92500000000003
2016-10-11,81.815
2016-10-12,82.225
2016-10-13,82.08500000000002
2016-10-14,82.08500000000002
2016-10-17,81.955
2016-10-18,82.14500000000002
2016-10-19,82.295
2016-10-20,81.985
2016-10-21,81.82499999999997
2016-10-24,82.045
2016-10-25,81.705
2016-10-26,81.595
2016-10-27,80.965
2016-10-28,80.955
2016-10-31,81.42500000000003
2016-11-01,80.68
2016-11-02,80.195
2016-11-03,80.155
2016-11-04,80.17500000000003
2016-11-07,81.775
2016-11-08,82.13
2016-11-09,83.02000000000002
2016-11-10,83.36500000000002
2016-11-11,83.455
2016-11-14,84.09
2016-11-15,84.405
2016-11-16,84.225
2016-11-17,84.19
2016-11-18,84.11500000000002
2016-11-21,84.655
2016-11-22,85.14500000000002
2016-11-23,85.225
2016-11-25,85.75999999999998
2016-11-28,85.515
2016-11-29,85.815
2016-11-30,85.195
2016-12-01,85.22999999999998
2016-12-02,85.215
2016-12-05,85.685
2016-12-06,86.045
2016-12-07,87.235
2016-12-08,87.6
2016-12-09,87.725
2016-12-12,87.71000000000002
2016-12-13,88.025
2016-12-14,86.83500000000002
2016-12-15,87.035
2016-12-16,85.67
2016-12-19,86.17500000000004
2016-12-20,86.375
2016-12-21,86.08
2016-12-22,85.875
2016-12-23,85.955
2016-12-27,86.17
2016-12-28,85.445
2016-12-29,85.715
2016-12-30,85.505
2017-01-03,85.78
2017-01-04,86.565
2017-01-05,86.265
2017-01-06,86.33500000000002
2017-01-09,85.58500000000002
2017-01-10,85.62
2017-01-11,85.925
2017-01-12,85.845
2017-01-13,86.0
2017-01-17,85.975
2017-01-18,86.11500000000002
2017-01-19,85.595
2017-01-20,85.89500000000002
2017-01-23,85.765
2017-01-24,86.42
2017-01-25,86.955
2017-01-26,86.80000000000004
2017-01-27,86.49000000000002
2017-01-30,86.045
2017-01-31,86.17
2017-02-01,85.535
2017-02-02,85.64500000000002
2017-02-03,86.235
2017-02-06,85.91499999999998
2017-02-07,86.08
2017-02-08,86.19999999999996
2017-02-09,86.61500000000002
2017-02-10,87.055
2017-02-13,87.38499999999998
2017-02-14,87.445
2017-02-15,87.85499999999998
2017-02-16,87.97999999999998
2017-02-17,88.25999999999998
2017-02-21,88.80000000000004
2017-02-22,88.815
2017-02-23,88.905
2017-02-24,89.095
2017-02-27,89.17500000000004
2017-02-28,88.755
2017-03-01,89.71000000000002
2017-03-02,89.205
2017-03-03,89.055
2017-03-06,88.765
2017-03-07,88.47
2017-03-08,88.07
2017-03-09,87.89
2017-03-10,88.465
2017-03-13,88.58
2017-03-14,88.33500000000002
2017-03-15,89.41
2017-03-16,89.245
2017-03-17,88.955
2017-03-20,88.67500000000004
2017-03-21,87.815
2017-03-22,87.9
2017-03-23,87.99000000000002
2017-03-24,87.82
2017-03-27,87.61
2017-03-28,88.095
2017-03-29,88.055
2017-03-30,88.225
2017-03-31,88.155
2017-04-03,87.845
2017-04-04,87.91499999999998
2017-04-05,87.6
2017-04-06,87.83500000000002
2017-04-07,87.755
2017-04-10,87.85499999999998
2017-04-11,88.125
2017-04-12,87.67500000000004
2017-04-13,86.945
2017-04-17,87.74000000000002
2017-04-18,87.655
2017-04-19,87.495
2017-04-20,88.025
2017-04-21,87.945
2017-04-24,88.64500000000002
2017-04-25,89.225
2017-04-26,89.33500000000002
2017-04-27,89.35499999999998
2017-04-28,88.655
2017-05-01,88.545
2017-05-02,88.295
2017-05-03,88.11500000000002
2017-05-04,88.195
2017-05-05,88.66499999999998
2017-05-08,88.32499999999996
2017-05-09,88.06
2017-05-10,88.32
2017-05-11,87.85499999999998
2017-05-12,87.58
2017-05-15,87.97
2017-05-16,87.625
2017-05-17,86.775
2017-05-18,86.9
2017-05-19,87.58500000000002
2017-05-22,88.005
2017-05-23,88.095
2017-05-24,88.33
2017-05-25,88.64500000000002
2017-05-26,88.60499999999998
2017-05-30,88.515
2017-05-31,88.735
2017-06-01,89.67
2017-06-02,89.805
2017-06-05,89.50999999999998
2017-06-06,89.065
2017-06-07,89.095
2017-06-08,89.205
2017-06-09,90.125
2017-06-12,90.36
2017-06-13,90.705
2017-06-14,90.765
2017-06-15,90.745
2017-06-16,90.265
2017-06-19,90.4
2017-06-20,89.67500000000004
2017-06-21,89.005
2017-06-22,88.83
2017-06-23,88.995
2017-06-26,89.33500000000002
2017-06-27,88.87
2017-06-28,89.515
2017-06-29,88.81
2017-06-30,88.92
2017-07-03,89.55000000000004
2017-07-05,89.12
2017-07-06,88.345
2017-07-07,88.84
2017-07-10,88.49000000000002
2017-07-11,88.275
2017-07-12,88.78
2017-07-13,88.955
2017-07-14,89.345
2017-07-17,89.42500000000004
2017-07-18,89.295
2017-07-19,89.755
2017-07-20,89.91499999999998
2017-07-21,89.995
2017-07-24,89.805
2017-07-25,90.485
2017-07-26,90.075
2017-07-27,90.195
2017-07-28,89.815
2017-07-31,89.92
2017-08-01,90.245
2017-08-02,89.94
2017-08-03,89.805
2017-08-04,90.0
2017-08-07,90.065
2017-08-08,89.75
2017-08-09,89.60499999999998
2017-08-10,88.695
2017-08-11,88.445
2017-08-14,89.345
2017-08-15,89.025
2017-08-16,89.465
2017-08-17,88.315
2017-08-18,88.11500000000002
2017-08-21,88.285
2017-08-22,88.92500000000004
2017-08-23,88.685
2017-08-24,88.33500000000002
2017-08-25,88.86500000000002
2017-08-28,88.595
2017-08-29,88.55000000000004
2017-08-30,88.755
2017-08-31,89.10499999999998
2017-09-01,89.49000000000002
2017-09-05,88.99000000000002
2017-09-06,89.255
2017-09-07,89.15
2017-09-08,89.58500000000002
2017-09-11,90.395
2017-09-12,90.505
2017-09-13,90.495
2017-09-14,90.73
2017-09-15,90.445
2017-09-18,90.575
2017-09-19,90.585
2017-09-20,90.715
2017-09-21,90.41
2017-09-22,90.435
2017-09-25,90.895
2017-09-26,90.945
2017-09-27,90.905
2017-09-28,91.325
2017-09-29,91.305
2017-10-02,91.815
2017-10-03,92.0
2017-10-04,92.155
2017-10-05,92.395
2017-10-06,92.1
2017-10-09,91.865
2017-10-10,92.325
2017-10-11,92.535
2017-10-12,92.675
2017-10-13,92.8
2017-10-16,92.785
2017-10-17,92.975
2017-10-18,93.265
2017-10-19,93.325
2017-10-20,93.655
2017-10-23,93.52
2017-10-24,93.605
2017-10-25,93.145
2017-10-26,93.43
2017-10-27,93.105
2017-10-30,92.465
2017-10-31,92.51
2017-11-01,92.465
2017-11-02,92.595
2017-11-03,92.385
2017-11-06,92.115
2017-11-07,92.215
2017-11-08,92.435
2017-11-09,92.345
2017-11-10,92.42
2017-11-13,92.695
2017-11-14,92.885
2017-11-15,92.175
2017-11-16,92.975
2017-11-17,93.035
2017-11-20,93.155
2017-11-21,93.545
2017-11-22,93.58
2017-11-24,93.55
2017-11-27,93.785
2017-11-28,94.915
2017-11-29,95.865
2017-11-30,96.325
2017-12-01,96.075
2017-12-04,96.865
2017-12-05,96.275
2017-12-06,95.985
2017-12-07,96.18
2017-12-08,96.635
2017-12-11,96.515
2017-12-12,96.4
2017-12-13,96.58
2017-12-14,95.825
2017-12-15,93.775
2017-12-18,94.27
2017-12-19,93.975
2017-12-20,93.885
2017-12-21,94.005
2017-12-22,94.125
2017-12-26,94.32
2017-12-27,94.45
2017-12-28,94.715
2017-12-29,94.485
2018-01-02,94.57
2018-01-03,94.585
2018-01-04,94.705
2018-01-05,95.065
2018-01-08,95.45
2018-01-09,95.225
2018-01-10,94.69
2018-01-11,95.46
2018-01-12,95.725
2018-01-16,95.345
2018-01-17,96.105
2018-01-18,95.755
2018-01-19,96.365
2018-01-22,96.835
2018-01-23,96.885
2018-01-24,97.045
2018-01-25,97.745
2018-01-26,98.295
2018-01-29,97.435
2018-01-30,96.485
2018-01-31,96.315
2018-02-01,95.785
2018-02-02,94.035
2018-02-05,90.905
2018-02-06,91.64
2018-02-07,91.51
2018-02-08,89.03
2018-02-09,90.385
2018-02-12,91.185
2018-02-13,91.39
2018-02-14,92.075
2018-02-15,93.12
2018-02-16,93.515
2018-02-20,92.3
2018-02-21,91.725
2018-02-22,92.035
2018-02-23,93.265
2018-02-26,94.02
2018-02-27,92.625
2018-02-28,91.615
2018-03-01,91.035
2018-03-02,91.36
2018-03-05,92.505
2018-03-06,92.845
2018-03-07,92.805
2018-03-08,93.035
2018-03-09,94.135
2018-03-12,94.155
2018-03-13,93.995
2018-03-14,93.475
2018-03-15,93.185
2018-03-16,93.14
2018-03-19,92.375
2018-03-20,92.225
2018-03-21,92.11
2018-03-22,90.185
2018-03-23,88.655
2018-03-26,90.345
2018-03-27,89.845
2018-03-28,90.375
2018-03-29,91.205
2018-04-02,89.355
2018-04-03,90.595
2018-04-04,91.615
2018-04-05,92.155
2018-04-06,90.56
2018-04-09,90.575
2018-04-10,91.535
2018-04-11,91.25
2018-04-12,91.36
2018-04-13,91.275
2018-04-16,92.245
2018-04-17,92.705
2018-04-18,92.55
2018-04-19,91.94
2018-04-20,91.185
2018-04-23,91.325
2018-04-24,90.765
2018-04-25,91.01
2018-04-26,91.45
2018-04-27,91.805
2018-04-30,90.875
2018-05-01,90.925
2018-05-02,90.195
2018-05-03,89.785
2018-05-04,90.915
2018-05-07,91.065
2018-05-08,90.905
2018-05-09,91.395
2018-05-10,92.08
2018-05-11,92.125
2018-05-14,92.025
2018-05-15,91.515
2018-05-16,91.935
2018-05-17,92.035
2018-05-18,92.045
2018-05-21,92.865
2018-05-22,92.495
2018-05-23,92.49
2018-05-24,92.5
2018-05-25,92.385
2018-05-29,91.8
2018-05-30,93.125
2018-05-31,92.025
2018-06-01,92.335
2018-06-04,92.825
2018-06-05,92.845
2018-06-06,93.335
2018-06-07,93.675
2018-06-08,94.075
2018-06-11,94.115
2018-06-12,94.325
2018-06-13,93.61
2018-06-14,93.865
2018-06-15,93.505
2018-06-18,93.095
2018-06-19,92.955
2018-06-20,93.135
2018-06-21,92.645
2018-06-22,93.035
2018-06-25,92.775
2018-06-26,92.705
2018-06-27,92.275
2018-06-28,92.665
2018-06-29,92.67
2018-07-02,92.605
2018-07-03,92.895
2018-07-05,93.715
2018-07-06,94.195
2018-07-09,94.44
2018-07-10,94.95
2018-07-11,94.21
2018-07-12,94.365
2018-07-13,94.525
2018-07-16,94.155
2018-07-17,94.375
2018-07-18,94.465
2018-07-19,94.875
2018-07-20,94.785
2018-07-23,94.575
2018-07-24,94.74
2018-07-25,95.11
2018-07-26,95.805
2018-07-27,95.385
2018-07-30,95.47
2018-07-31,96.345
2018-08-01,95.675
2018-08-02,96.135
2018-08-03,96.96
2018-08-06,97.21
2018-08-07,97.255
2018-08-08,97.05
2018-08-09,96.965
2018-08-10,96.28
2018-08-13,95.965
2018-08-14,96.65
2018-08-15,96.535
2018-08-16,97.555
2018-08-17,98.215
2018-08-20,98.455
2018-08-21,98.63
2018-08-22,98.215
2018-08-23,97.915
2018-08-24,98.315
2018-08-27,98.515
2018-08-28,98.425
2018-08-29,98.745
2018-08-30,98.185
2018-08-31,98.255
2018-09-04,98.015
2018-09-05,98.805
2018-09-06,98.805
2018-09-07,98.475
2018-09-10,98.835
2018-09-11,98.845
2018-09-12,99.075
2018-09-13,99.475
2018-09-14,99.635
2018-09-17,99.475
2018-09-18,99.585
2018-09-19,99.315
2018-09-21,99.565
2018-09-24,98.58
2018-09-25,98.225
2018-09-26,97.66
2018-09-27,97.585
2018-09-28,97.925
2018-10-01,97.825
2018-10-02,97.965
2018-10-03,97.785
2018-10-04,97.305
2018-10-05,97.24
2018-10-08,97.855
2018-10-09,97.19
2018-10-10,95.33
2018-10-11,92.935
2018-10-12,93.015
2018-10-15,93.365
2018-10-16,94.835
2018-10-17,94.785
2018-10-18,94.135
2018-10-19,94.265
2018-10-22,93.675
2018-10-23,93.105
2018-10-24,91.525
2018-10-25,92.38
2018-10-26,91.305
2018-10-29,92.015
2018-10-30,93.705
2018-10-31,93.245
2018-11-01,94.45
2018-11-02,94.535
2018-11-05,95.275
2018-11-06,96.095
2018-11-07,97.355
2018-11-08,97.335
2018-11-09,96.945
2018-11-12,96.105
2018-11-13,96.175
2018-11-14,95.805
2018-11-15,96.655
2018-11-16,97.12
2018-11-19,96.525
2018-11-20,95.0
2018-11-21,95.175
2018-11-23,95.065
2018-11-26,95.855
2018-11-27,95.835
2018-11-28,96.915
2018-11-29,96.89
2018-11-30,97.875
2018-12-03,98.595
2018-12-04,96.025
2018-12-06,95.865
2018-12-07,94.48
2018-12-10,94.15
2018-12-11,94.265
2018-12-12,94.555
2018-12-13,94.445
2018-12-14,93.465
2018-12-17,91.405
2018-12-18,91.1
2018-12-19,90.1
2018-12-20,89.205
2018-12-21,87.535
2018-12-24,84.81
2018-12-26,87.93
2018-12-27,88.8
2018-12-28,88.765
2018-12-31,89.5
2019-01-02,88.92500000000004
2019-01-03,87.78999999999998
2019-01-04,89.85
2019-01-07,90.21
2019-01-08,91.325
2019-01-09,91.415
2019-01-10,92.16
2019-01-11,92.045
2019-01-14,91.595
2019-01-15,92.115
2019-01-16,92.465
2019-01-17,93.225
2019-01-18,94.615
2019-01-22,93.62
2019-01-23,93.83
2019-01-24,93.555
2019-01-25,93.775
2019-01-28,93.545
2019-01-29,93.92
2019-01-30,94.295
2019-01-31,95.125
2019-02-01,95.215
2019-02-04,95.865
2019-02-05,96.205
2019-02-06,95.975
2019-02-07,95.98
2019-02-08,95.995
2019-02-11,96.4
2019-02-12,97.455
2019-02-13,97.85
2019-02-14,97.345
2019-02-15,98.505
2019-02-19,98.845
2019-02-20,99.14
2019-02-21,99.135
2019-02-22,99.635
2019-02-25,99.49
2019-02-26,99.125
2019-02-27,99.365
2019-02-28,99.175
2019-03-01,99.305
2019-03-04,99.07
2019-03-05,98.695
2019-03-06,98.02
2019-03-07,97.325
2019-03-08,97.125
2019-03-11,98.3
2019-03-12,98.485
2019-03-13,98.86
2019-03-14,98.735
2019-03-15,98.425
2019-03-18,98.93
2019-03-19,98.49
2019-03-20,97.715
2019-03-21,98.885
2019-03-22,97.245
2019-03-25,97.42
2019-03-26,98.42
2019-03-27,98.435
2019-03-28,98.985
2019-03-29,99.43
2019-04-02,99.775
2019-04-03,99.945
2019-04-09,99.935
2019-05-07,99.91
2019-05-08,99.565
2019-05-09,99.48
2019-05-10,99.925
2019-05-13,98.06
2019-05-14,98.665
2019-05-15,98.875
2019-05-16,99.47
2019-05-17,98.945
2019-05-20,98.685
2019-05-21,99.61
2019-05-22,99.385
2019-05-23,98.355
2019-05-24,98.67
2019-05-28,97.36
2019-05-29,96.82
2019-05-30,96.775
2019-05-31,95.84
2019-06-03,96.755
2019-06-04,98.345
2019-06-05,99.21
2019-06-06,99.59
2019-06-26,99.36
