DATE,SPY
2007-01-03,141.41
2007-01-04,141.695
2007-01-05,140.59
2007-01-08,141.185
2007-01-09,141.06
2007-01-10,141.505
2007-01-11,142.225
2007-01-12,143.19
2007-01-16,142.99
2007-01-17,143.065
2007-01-18,142.43
2007-01-19,142.91
2007-01-22,142.32999999999998
2007-01-23,142.835
2007-01-24,144.075
2007-01-25,142.375
2007-01-26,142.14
2007-01-29,142.005
2007-01-30,142.815
2007-01-31,143.79500000000002
2007-02-01,144.615
2007-02-02,144.805
2007-02-05,144.845
2007-02-06,144.875
2007-02-07,145.195
2007-02-08,145.015
2007-02-09,143.925
2007-02-12,143.445
2007-02-13,144.625
2007-02-14,145.665
2007-02-15,145.76
2007-02-16,145.735
2007-02-20,146.015
2007-02-21,145.98
2007-02-22,145.84
2007-02-23,145.305
2007-02-26,145.235
2007-02-27,139.615
2007-02-28,140.94
2007-03-01,140.59
2007-03-02,138.79000000000002
2007-03-05,137.38
2007-03-06,139.70999999999998
2007-03-07,139.51999999999998
2007-03-08,140.735
2007-03-09,140.735
2007-03-12,140.99
2007-03-13,138.265
2007-03-14,139.315
2007-03-15,139.47
2007-03-16,138.465
2007-03-19,140.175
2007-03-20,140.945
2007-03-21,143.09
2007-03-22,143.10500000000002
2007-03-23,143.42000000000002
2007-03-26,143.25
2007-03-27,142.825
2007-03-28,141.8
2007-03-29,142.0
2007-03-30,142.065
2007-04-02,142.225
2007-04-03,143.67000000000002
2007-04-04,143.815
2007-04-05,144.265
2007-04-09,144.435
2007-04-10,144.635
2007-04-11,143.97500000000002
2007-04-12,144.635
2007-04-13,145.285
2007-04-16,146.695
2007-04-17,147.06
2007-04-18,147.28500000000003
2007-04-19,147.29
2007-04-20,148.505
2007-04-23,148.07
2007-04-24,148.13
2007-04-25,149.485
2007-04-26,149.64
2007-04-27,149.5
2007-04-30,148.29500000000002
2007-05-01,148.685
2007-05-02,149.565
2007-05-03,150.32
2007-05-04,150.89499999999998
2007-05-07,150.98000000000002
2007-05-08,150.775
2007-05-09,151.18
2007-05-10,149.53
2007-05-11,150.85500000000002
2007-05-14,150.525
2007-05-15,150.505
2007-05-16,151.625
2007-05-17,151.32
2007-05-18,152.595
2007-05-21,152.58
2007-05-22,152.4
2007-05-23,152.47
2007-05-24,151.11
2007-05-25,151.73
2007-05-29,152.245
2007-05-30,153.43
2007-05-31,153.375
2007-06-01,154.03500000000003
2007-06-04,154.16
2007-06-05,153.54500000000002
2007-06-06,151.87
2007-06-07,149.14
2007-06-08,151.03
2007-06-11,151.38
2007-06-12,149.62
2007-06-13,151.93
2007-06-14,152.84
2007-06-15,153.01999999999998
2007-06-18,152.87
2007-06-19,153.195
2007-06-20,151.075
2007-06-21,152.01
2007-06-22,150.54500000000002
2007-06-25,149.835
2007-06-26,148.385
2007-06-27,150.425
2007-06-28,150.39
2007-06-29,150.35
2007-07-02,151.81
2007-07-03,152.235
2007-07-05,152.14999999999998
2007-07-06,153.055
2007-07-09,153.06
2007-07-10,150.8
2007-07-11,152.0
2007-07-12,154.425
2007-07-13,154.94
2007-07-16,154.82999999999998
2007-07-17,154.615
2007-07-18,154.575
2007-07-19,155.01
2007-07-20,153.515
2007-07-23,154.015
2007-07-24,151.38
2007-07-25,151.64499999999998
2007-07-26,148.10000000000002
2007-07-27,145.23000000000002
2007-07-30,147.39499999999998
2007-07-31,145.57999999999998
2007-08-01,146.37
2007-08-02,147.60500000000002
2007-08-03,143.82999999999998
2007-08-06,146.265
2007-08-07,147.745
2007-08-08,149.825
2007-08-09,145.34
2007-08-10,144.725
2007-08-13,145.195
2007-08-14,142.95
2007-08-15,141.11
2007-08-16,142.245
2007-08-17,144.825
2007-08-20,144.75
2007-08-21,144.875
2007-08-22,146.75
2007-08-23,146.55
2007-08-24,148.315
2007-08-27,146.845
2007-08-28,143.805
2007-08-29,146.57
2007-08-30,146.245
2007-08-31,147.46
2007-09-04,149.075
2007-09-05,147.815
2007-09-06,148.115
2007-09-07,146.165
2007-09-10,145.76
2007-09-11,147.495
2007-09-12,147.89
2007-09-13,148.85000000000002
2007-09-14,148.845
2007-09-17,148.09
2007-09-18,152.405
2007-09-19,153.34500000000003
2007-09-20,152.315
2007-09-21,152.03500000000003
2007-09-24,151.715
2007-09-25,151.505
2007-09-26,152.17000000000002
2007-09-27,153.055
2007-09-28,152.67000000000002
2007-10-01,154.34
2007-10-02,154.14999999999998
2007-10-03,153.79500000000002
2007-10-04,154.005
2007-10-05,155.85000000000002
2007-10-08,155.04000000000002
2007-10-09,156.41
2007-10-10,156.115
2007-10-11,155.41
2007-10-12,156.37
2007-10-15,154.965
2007-10-16,153.835
2007-10-17,154.445
2007-10-18,153.805
2007-10-19,149.665
2007-10-22,150.55
2007-10-23,151.435
2007-10-24,151.555
2007-10-25,151.89
2007-10-26,153.565
2007-10-29,154.14499999999998
2007-10-30,153.01
2007-10-31,154.69
2007-11-01,151.04500000000002
2007-11-02,151.29
2007-11-05,150.14
2007-11-06,152.04000000000002
2007-11-07,147.87
2007-11-08,147.31
2007-11-09,145.19
2007-11-12,143.64499999999998
2007-11-13,148.075
2007-11-14,147.61
2007-11-15,145.57999999999998
2007-11-16,145.91
2007-11-19,143.67000000000002
2007-11-20,144.54000000000002
2007-11-21,141.7
2007-11-23,143.93
2007-11-26,140.92000000000002
2007-11-27,142.62
2007-11-28,147.12
2007-11-29,147.04500000000002
2007-11-30,148.62
2007-12-03,147.64
2007-12-04,146.475
2007-12-05,148.82999999999998
2007-12-06,150.935
2007-12-07,150.865
2007-12-10,152.06
2007-12-11,148.0
2007-12-12,149.31
2007-12-13,149.15
2007-12-14,147.135
2007-12-17,145.01
2007-12-18,145.91
2007-12-19,145.825
2007-12-20,146.81
2007-12-21,148.26
2007-12-24,149.27
2007-12-26,149.59
2007-12-27,147.755
2007-12-28,147.20499999999998
2007-12-31,146.32
2008-01-02,144.89999999999998
2008-01-03,144.81
2008-01-04,141.12
2008-01-07,141.19
2008-01-08,138.89
2008-01-09,140.375
2008-01-10,141.09
2008-01-11,140.11
2008-01-14,141.375
2008-01-15,137.165
2008-01-16,137.02499999999998
2008-01-17,133.44
2008-01-18,132.115
2008-01-22,130.675
2008-01-23,133.96499999999997
2008-01-24,135.54000000000002
2008-01-25,133.13
2008-01-28,135.265
2008-01-29,135.93
2008-01-30,134.865
2008-01-31,137.175
2008-02-01,139.51999999999998
2008-02-04,137.70999999999998
2008-02-05,134.085
2008-02-06,133.09500000000003
2008-02-07,134.06
2008-02-08,133.01
2008-02-11,133.79500000000002
2008-02-12,134.98000000000002
2008-02-13,136.42000000000002
2008-02-14,135.125
2008-02-15,135.12
2008-02-19,135.66
2008-02-20,135.97500000000002
2008-02-21,134.785
2008-02-22,135.73000000000002
2008-02-25,137.31
2008-02-26,138.41
2008-02-27,138.195
2008-02-28,136.8
2008-02-29,133.675
2008-03-03,133.495
2008-03-04,132.975
2008-03-05,133.86
2008-03-06,131.065
2008-03-07,129.66500000000002
2008-03-10,127.935
2008-03-11,132.63
2008-03-12,131.3
2008-03-13,131.68
2008-03-14,129.575
2008-03-17,128.565
2008-03-18,133.66
2008-03-19,130.345
2008-03-20,132.185
2008-03-24,134.76
2008-03-25,134.72
2008-03-26,133.185
2008-03-27,132.70499999999998
2008-03-28,131.485
2008-03-31,131.905
2008-04-01,136.66500000000002
2008-04-02,136.81
2008-04-03,137.01999999999998
2008-04-04,136.81
2008-04-07,136.88
2008-04-08,136.79500000000002
2008-04-09,135.755
2008-04-10,136.04500000000002
2008-04-11,133.35000000000002
2008-04-14,132.925
2008-04-15,133.89
2008-04-16,136.865
2008-04-17,137.005
2008-04-18,138.56
2008-04-21,138.59
2008-04-22,137.93
2008-04-23,137.745
2008-04-24,138.51
2008-04-25,139.575
2008-04-28,139.59500000000003
2008-04-29,139.0
2008-04-30,138.35500000000002
2008-05-01,141.14499999999998
2008-05-02,141.565
2008-05-05,140.865
2008-05-06,142.14
2008-05-07,139.54000000000002
2008-05-08,139.235
2008-05-09,138.965
2008-05-12,140.475
2008-05-13,140.485
2008-05-14,140.86
2008-05-15,142.59
2008-05-16,142.655
2008-05-19,143.095
2008-05-20,141.765
2008-05-21,139.39999999999998
2008-05-22,139.55
2008-05-23,137.58499999999998
2008-05-27,138.715
2008-05-28,139.325
2008-05-29,140.03
2008-05-30,140.31
2008-06-02,138.875
2008-06-03,138.185
2008-06-04,138.035
2008-06-05,140.825
2008-06-06,136.29500000000002
2008-06-09,136.70999999999998
2008-06-10,135.99
2008-06-11,133.97500000000002
2008-06-12,134.47
2008-06-13,136.125
2008-06-16,136.255
2008-06-17,135.51999999999998
2008-06-18,134.155
2008-06-19,134.465
2008-06-20,131.60500000000002
2008-06-23,131.425
2008-06-24,131.24
2008-06-25,131.89
2008-06-26,128.195
2008-06-27,127.61500000000001
2008-06-30,128.015
2008-07-01,128.42000000000002
2008-07-02,126.155
2008-07-03,126.385
2008-07-07,125.045
2008-07-08,127.19
2008-07-09,124.665
2008-07-10,125.345
2008-07-11,123.71000000000001
2008-07-14,122.72999999999999
2008-07-15,121.11500000000001
2008-07-16,123.93
2008-07-17,124.745
2008-07-18,126.02000000000001
2008-07-21,125.89
2008-07-22,127.48
2008-07-23,128.18
2008-07-24,125.46000000000001
2008-07-25,125.47
2008-07-28,123.61500000000001
2008-07-29,126.27000000000001
2008-07-30,128.64
2008-07-31,126.82
2008-08-01,126.16
2008-08-04,124.995
2008-08-05,128.45
2008-08-06,128.935
2008-08-07,126.96000000000001
2008-08-08,129.44
2008-08-11,130.635
2008-08-12,129.345
2008-08-13,128.64
2008-08-14,129.555
2008-08-15,130.20499999999998
2008-08-18,128.415
2008-08-19,127.025
2008-08-20,127.63
2008-08-21,127.84
2008-08-22,129.60500000000002
2008-08-25,126.95
2008-08-26,127.42500000000001
2008-08-27,128.54000000000002
2008-08-28,130.10500000000002
2008-08-29,128.76
2008-09-02,128.01
2008-09-03,127.875
2008-09-04,124.035
2008-09-05,124.52000000000001
2008-09-08,127.1
2008-09-09,123.15
2008-09-10,123.74000000000001
2008-09-11,125.57499999999999
2008-09-12,126.09
2008-09-15,120.015
2008-09-16,122.35
2008-09-17,116.68
2008-09-18,119.94999999999999
2008-09-19,124.375
2008-09-22,121.205
2008-09-23,118.595
2008-09-24,118.89
2008-09-25,120.64
2008-09-26,120.905
2008-09-29,111.24000000000001
2008-09-30,115.995
2008-10-01,116.225
2008-10-02,111.83
2008-10-03,110.22
2008-10-06,104.89500000000001
2008-10-07,100.27000000000001
2008-10-08,97.37
2008-10-09,90.795
2008-10-10,89.085
2008-10-13,101.06
2008-10-14,99.86
2008-10-15,90.195
2008-10-16,93.805
2008-10-17,93.225
2008-10-20,98.95
2008-10-21,95.965
2008-10-22,90.53
2008-10-23,91.635
2008-10-24,86.94
2008-10-27,83.94999999999999
2008-10-28,93.85
2008-10-29,92.945
2008-10-30,96.10499999999999
2008-10-31,96.91
2008-11-03,97.075
2008-11-04,100.425
2008-11-05,96.025
2008-11-06,90.835
2008-11-07,93.905
2008-11-10,92.515
2008-11-11,89.71000000000001
2008-11-12,85.715
2008-11-13,91.115
2008-11-14,86.565
2008-11-17,85.56
2008-11-18,86.925
2008-11-19,81.47
2008-11-20,75.475
2008-11-21,79.75999999999999
2008-11-24,85.10499999999999
2008-11-25,85.835
2008-11-26,89.055
2008-11-28,90.17500000000001
2008-12-01,82.10499999999999
2008-12-02,85.34
2008-12-03,87.28
2008-12-04,85.195
2008-12-05,87.855
2008-12-08,91.00999999999999
2008-12-09,89.42500000000001
2008-12-10,90.105
2008-12-11,87.72999999999999
2008-12-12,89.00999999999999
2008-12-15,87.83
2008-12-16,91.88
2008-12-17,90.935
2008-12-18,89.92500000000001
2008-12-19,88.195
2008-12-22,87.315
2008-12-23,86.065
2008-12-24,86.53
2008-12-26,87.085
2008-12-29,87.24000000000001
2008-12-30,89.025
2008-12-31,89.505
2009-01-02,92.83500000000001
2009-01-05,92.93
2009-01-06,93.345
2009-01-07,90.775
2009-01-08,90.99000000000001
2009-01-09,88.87
2009-01-12,87.14
2009-01-13,87.245
2009-01-14,84.31
2009-01-15,84.345
2009-01-16,85.19
2009-01-20,81.095
2009-01-21,84.035
2009-01-22,82.905
2009-01-23,82.78999999999999
2009-01-26,83.665
2009-01-27,84.315
2009-01-28,87.57499999999999
2009-01-29,84.745
2009-01-30,82.94999999999999
2009-02-02,82.57
2009-02-03,83.595
2009-02-04,83.385
2009-02-05,84.435
2009-02-06,87.225
2009-02-09,86.965
2009-02-10,83.02000000000001
2009-02-11,83.52000000000001
2009-02-12,83.94999999999999
2009-02-13,82.515
2009-02-17,79.105
2009-02-18,78.39500000000001
2009-02-19,78.375
2009-02-20,77.445
2009-02-23,74.97
2009-02-24,77.42500000000001
2009-02-25,76.65
2009-02-26,75.71000000000001
2009-02-27,73.695
2009-03-02,70.935
2009-03-03,69.32
2009-03-04,71.42500000000001
2009-03-05,69.155
2009-03-06,69.33
2009-03-09,67.875
2009-03-10,72.19
2009-03-11,72.58500000000001
2009-03-12,75.565
2009-03-13,76.33500000000001
2009-03-16,76.22999999999999
2009-03-17,78.41499999999999
2009-03-18,79.91
2009-03-19,78.91
2009-03-20,76.845
2009-03-23,82.06
2009-03-24,80.65
2009-03-25,81.155
2009-03-26,83.065
2009-03-27,82.045
2009-03-30,78.92500000000001
2009-03-31,79.47999999999999
2009-04-01,81.25
2009-04-02,84.07499999999999
2009-04-03,84.485
2009-04-06,83.615
2009-04-07,81.93
2009-04-08,82.66
2009-04-09,85.745
2009-04-13,85.975
2009-04-14,84.10499999999999
2009-04-15,85.305
2009-04-16,86.545
2009-04-17,87.10499999999999
2009-04-20,83.805
2009-04-21,85.265
2009-04-22,84.31
2009-04-23,85.66
2009-04-24,86.97
2009-04-27,85.75
2009-04-28,85.545
2009-04-29,87.34
2009-04-30,87.13499999999999
2009-05-01,88.065
2009-05-04,90.755
2009-05-05,90.755
2009-05-06,92.125
2009-05-07,91.125
2009-05-08,92.965
2009-05-11,91.25999999999999
2009-05-12,91.265
2009-05-13,89.03
2009-05-14,89.405
2009-05-15,88.775
2009-05-18,91.21
2009-05-19,90.955
2009-05-20,90.44
2009-05-21,89.375
2009-05-22,88.94
2009-05-26,91.28
2009-05-27,89.625
2009-05-28,90.97
2009-05-29,92.60499999999999
2009-06-01,94.315
2009-06-02,94.59
2009-06-03,93.66499999999999
2009-06-04,94.625
2009-06-05,94.425
2009-06-08,94.455
2009-06-09,94.35499999999999
2009-06-10,94.47999999999999
2009-06-11,94.625
2009-06-12,95.015
2009-06-15,92.84
2009-06-16,91.66
2009-06-17,91.515
2009-06-18,92.16499999999999
2009-06-19,91.975
2009-06-22,89.32
2009-06-23,89.41
2009-06-24,90.21000000000001
2009-06-25,92.08500000000001
2009-06-26,91.81
2009-06-29,92.575
2009-06-30,92.00999999999999
2009-07-01,92.39
2009-07-02,89.47
2009-07-06,90.00999999999999
2009-07-07,88.315
2009-07-08,88.015
2009-07-09,88.285
2009-07-10,87.97999999999999
2009-07-13,89.985
2009-07-14,91.43
2009-07-15,93.045
2009-07-16,93.935
2009-07-17,94.155
2009-07-20,95.195
2009-07-21,95.705
2009-07-22,95.5
2009-07-23,96.97999999999999
2009-07-24,98.225
2009-07-27,98.33
2009-07-28,97.815
2009-07-29,97.84
2009-07-30,98.635
2009-07-31,98.67500000000001
2009-08-03,100.53
2009-08-04,100.89500000000001
2009-08-05,100.435
2009-08-06,99.94
2009-08-07,101.15
2009-08-10,101.13499999999999
2009-08-11,99.655
2009-08-12,100.67500000000001
2009-08-13,101.735
2009-08-14,100.955
2009-08-17,98.13499999999999
2009-08-18,99.35
2009-08-19,100.07499999999999
2009-08-20,100.945
2009-08-21,102.965
2009-08-24,102.86500000000001
2009-08-25,103.03
2009-08-26,103.10499999999999
2009-08-27,103.4
2009-08-28,103.095
2009-08-31,102.535
2009-09-01,100.13499999999999
2009-09-02,99.885
2009-09-03,100.735
2009-09-04,101.955
2009-09-08,102.92
2009-09-09,103.735
2009-09-10,104.61500000000001
2009-09-11,104.685
2009-09-14,105.195
2009-09-15,105.485
2009-09-16,107.225
2009-09-17,107.245
2009-09-18,106.63499999999999
2009-09-21,106.44
2009-09-22,107.135
2009-09-23,106.295
2009-09-24,104.905
2009-09-25,104.515
2009-09-28,106.39500000000001
2009-09-29,105.93
2009-09-30,105.725
2009-10-01,103.195
2009-10-02,102.63
2009-10-05,104.155
2009-10-06,105.32
2009-10-07,105.83500000000001
2009-10-08,106.795
2009-10-09,107.3
2009-10-12,107.595
2009-10-13,107.905
2009-10-14,109.245
2009-10-15,109.55000000000001
2009-10-16,108.595
2009-10-19,109.96000000000001
2009-10-20,109.31
2009-10-21,108.1
2009-10-22,109.47
2009-10-23,108.095
2009-10-26,107.02
2009-10-27,106.565
2009-10-28,104.39
2009-10-29,106.565
2009-10-30,103.61500000000001
2009-11-02,104.545
2009-11-03,104.605
2009-11-04,105.175
2009-11-05,106.84
2009-11-06,107.19
2009-11-09,109.61500000000001
2009-11-10,109.66499999999999
2009-11-11,110.07499999999999
2009-11-12,109.225
2009-11-13,109.71000000000001
2009-11-16,111.1
2009-11-17,111.22
2009-11-18,111.35499999999999
2009-11-19,109.88499999999999
2009-11-20,109.505
2009-11-23,110.845
2009-11-24,110.80000000000001
2009-11-25,111.36500000000001
2009-11-27,109.465
2009-11-30,109.78999999999999
2009-12-01,111.27000000000001
2009-12-02,111.28
2009-12-03,110.225
2009-12-04,111.255
2009-12-07,111.035
2009-12-08,109.455
2009-12-09,109.995
2009-12-10,110.735
2009-12-11,111.245
2009-12-14,111.78999999999999
2009-12-15,111.375
2009-12-16,111.465
2009-12-17,110.35
2009-12-18,110.33500000000001
2009-12-21,111.165
2009-12-22,111.745
2009-12-23,111.885
2009-12-24,112.63
2009-12-28,112.65
2009-12-29,112.565
2009-12-30,112.57499999999999
2009-12-31,111.515
2010-01-04,113.285
2010-01-05,113.62
2010-01-06,113.735
2010-01-07,114.195
2010-01-08,114.595
2010-01-11,114.49000000000001
2010-01-12,113.815
2010-01-13,114.63
2010-01-14,115.105
2010-01-15,113.555
2010-01-19,114.88499999999999
2010-01-20,113.965
2010-01-21,111.375
2010-01-22,109.53
2010-01-25,110.005
2010-01-26,109.13
2010-01-27,109.89500000000001
2010-01-28,108.755
2010-01-29,107.36500000000001
2010-02-01,109.065
2010-02-02,110.225
2010-02-03,110.10499999999999
2010-02-04,106.63499999999999
2010-02-05,106.515
2010-02-08,106.005
2010-02-09,107.195
2010-02-10,106.825
2010-02-11,108.185
2010-02-12,108.345
2010-02-16,109.795
2010-02-17,110.43
2010-02-18,110.315
2010-02-19,111.14500000000001
2010-02-22,111.16499999999999
2010-02-23,110.13499999999999
2010-02-24,110.765
2010-02-25,110.62
2010-02-26,110.975
2010-03-01,111.845
2010-03-02,112.245
2010-03-03,112.305
2010-03-04,112.67500000000001
2010-03-05,114.095
2010-03-08,114.185
2010-03-09,114.505
2010-03-10,114.995
2010-03-11,115.535
2010-03-12,115.525
2010-03-15,115.565
2010-03-16,116.375
2010-03-17,117.10499999999999
2010-03-18,117.11500000000001
2010-03-19,116.025
2010-03-22,116.71000000000001
2010-03-23,117.405
2010-03-24,116.845
2010-03-25,116.58500000000001
2010-03-26,116.785
2010-03-29,117.32499999999999
2010-03-30,117.375
2010-03-31,117.185
2010-04-01,117.815
2010-04-05,118.765
2010-04-06,119.035
2010-04-07,118.32499999999999
2010-04-08,118.85
2010-04-09,119.695
2010-04-12,119.69
2010-04-13,120.055
2010-04-14,121.175
2010-04-15,121.275
2010-04-16,119.415
2010-04-19,119.995
2010-04-20,121.085
2010-04-21,120.16
2010-04-22,120.64500000000001
2010-04-23,121.65
2010-04-26,121.25999999999999
2010-04-27,118.475
2010-04-28,119.465
2010-04-29,120.995
2010-04-30,119.08500000000001
2010-05-03,120.235
2010-05-04,117.57
2010-05-05,116.88499999999999
2010-05-06,112.875
2010-05-07,111.43
2010-05-10,116.16
2010-05-11,115.57499999999999
2010-05-12,117.38
2010-05-13,116.065
2010-05-14,114.065
2010-05-17,114.015
2010-05-18,112.08
2010-05-19,111.64500000000001
2010-05-20,106.89
2010-05-21,108.995
2010-05-24,107.285
2010-05-25,107.965
2010-05-26,106.455
2010-05-27,110.555
2010-05-28,109.07499999999999
2010-06-01,107.435
2010-06-02,110.235
2010-06-03,110.935
2010-06-04,107.19
2010-06-07,105.37
2010-06-08,106.5
2010-06-09,106.00999999999999
2010-06-10,108.995
2010-06-11,109.515
2010-06-14,109.57
2010-06-15,111.815
2010-06-16,111.89500000000001
2010-06-17,112.12
2010-06-18,111.555
2010-06-21,111.505
2010-06-22,109.565
2010-06-23,109.13499999999999
2010-06-24,107.58500000000001
2010-06-25,107.915
2010-06-28,107.39500000000001
2010-06-29,104.015
2010-06-30,102.965
2010-07-01,102.735
2010-07-02,102.065
2010-07-06,102.935
2010-07-07,106.42500000000001
2010-07-08,107.155
2010-07-09,107.66
2010-07-12,108.13499999999999
2010-07-13,110.07499999999999
2010-07-14,109.655
2010-07-15,109.735
2010-07-16,106.91499999999999
2010-07-19,106.595
2010-07-20,108.985
2010-07-21,106.89500000000001
2010-07-22,109.11500000000001
2010-07-23,110.66499999999999
2010-07-26,111.435
2010-07-27,111.58500000000001
2010-07-28,110.765
2010-07-29,110.215
2010-07-30,110.5
2010-08-02,112.655
2010-08-03,112.31
2010-08-04,113.035
2010-08-05,112.89500000000001
2010-08-06,112.47
2010-08-09,113.03
2010-08-10,112.46000000000001
2010-08-11,108.955
2010-08-12,108.48
2010-08-13,108.195
2010-08-16,108.285
2010-08-17,109.495
2010-08-18,109.295
2010-08-19,107.71000000000001
2010-08-20,107.67
2010-08-23,107.095
2010-08-24,105.535
2010-08-25,106.1
2010-08-26,104.935
2010-08-27,106.82499999999999
2010-08-30,105.07499999999999
2010-08-31,105.74000000000001
2010-09-01,108.655
2010-09-02,109.535
2010-09-03,110.92
2010-09-07,109.66499999999999
2010-09-08,110.485
2010-09-09,110.875
2010-09-10,111.555
2010-09-13,112.735
2010-09-14,112.44999999999999
2010-09-15,113.14500000000001
2010-09-16,113.35499999999999
2010-09-17,112.455
2010-09-20,114.04
2010-09-21,113.89500000000001
2010-09-22,113.58500000000001
2010-09-23,112.505
2010-09-24,114.82
2010-09-27,114.255
2010-09-28,114.725
2010-09-29,114.49000000000001
2010-09-30,114.1
2010-10-01,114.775
2010-10-04,113.975
2010-10-05,115.935
2010-10-06,116.10499999999999
2010-10-07,116.08500000000001
2010-10-08,116.61500000000001
2010-10-11,116.725
2010-10-12,116.97
2010-10-13,117.89500000000001
2010-10-14,117.945
2010-10-15,117.975
2010-10-18,117.775
2010-10-19,116.795
2010-10-20,118.03
2010-10-21,117.965
2010-10-22,118.475
2010-10-25,118.67500000000001
2010-10-26,118.85499999999999
2010-10-27,118.305
2010-10-28,118.42500000000001
2010-10-29,118.39
2010-11-01,118.71
2010-11-02,119.735
2010-11-03,120.16499999999999
2010-11-04,122.285
2010-11-05,122.765
2010-11-08,122.36
2010-11-09,121.465
2010-11-10,121.775
2010-11-11,121.515
2010-11-12,120.025
2010-11-15,119.845
2010-11-16,118.125
2010-11-17,118.285
2010-11-18,120.17500000000001
2010-11-19,120.36500000000001
2010-11-22,120.11
2010-11-23,118.315
2010-11-24,120.08500000000001
2010-11-26,118.81
2010-11-29,119.19
2010-11-30,118.285
2010-12-01,120.88499999999999
2010-12-02,122.735
2010-12-03,123.015
2010-12-06,122.66499999999999
2010-12-07,122.735
2010-12-08,123.43
2010-12-09,123.725
2010-12-10,124.58
2010-12-13,124.595
2010-12-14,124.67500000000001
2010-12-15,124.28999999999999
2010-12-16,124.875
2010-12-17,124.16499999999999
2010-12-20,124.475
2010-12-21,125.32
2010-12-22,125.765
2010-12-23,125.69
2010-12-27,125.705
2010-12-28,125.725
2010-12-29,125.99000000000001
2010-12-30,125.83
2010-12-31,126.015
2011-01-03,126.88499999999999
2011-01-04,126.92
2011-01-05,127.505
2011-01-06,127.36
2011-01-07,127.185
2011-01-10,126.91
2011-01-11,127.38499999999999
2011-01-12,128.685
2011-01-13,128.57999999999998
2011-01-14,129.34
2011-01-18,129.975
2011-01-19,128.22
2011-01-20,128.025
2011-01-21,128.325
2011-01-24,129.14
2011-01-25,129.09
2011-01-26,129.73000000000002
2011-01-27,129.905
2011-01-28,127.495
2011-01-31,128.655
2011-02-01,130.615
2011-02-02,130.445
2011-02-03,130.765
2011-02-04,131.085
2011-02-07,131.865
2011-02-08,132.56
2011-02-09,132.265
2011-02-10,132.03
2011-02-11,133.2
2011-02-14,133.085
2011-02-15,133.035
2011-02-16,133.755
2011-02-17,134.195
2011-02-18,134.585
2011-02-22,131.85500000000002
2011-02-23,131.055
2011-02-24,130.64499999999998
2011-02-25,132.245
2011-02-28,133.095
2011-03-01,130.37
2011-03-02,131.065
2011-03-03,133.39499999999998
2011-03-04,132.465
2011-03-07,131.34
2011-03-08,132.45999999999998
2011-03-09,132.04500000000002
2011-03-10,129.77
2011-03-11,131.0
2011-03-14,130.085
2011-03-15,128.49
2011-03-16,126.48
2011-03-17,127.625
2011-03-18,127.725
2011-03-21,129.615
2011-03-22,129.215
2011-03-23,129.53
2011-03-24,130.835
2011-03-25,131.47
2011-03-28,130.74
2011-03-29,132.125
2011-03-30,132.805
2011-03-31,132.525
2011-04-01,133.155
2011-04-04,133.435
2011-04-05,133.10000000000002
2011-04-06,133.39
2011-04-07,133.285
2011-04-08,132.845
2011-04-11,132.43
2011-04-12,131.24
2011-04-13,131.36
2011-04-14,131.47
2011-04-15,132.185
2011-04-18,130.45499999999998
2011-04-19,131.63
2011-04-20,133.56
2011-04-21,133.64499999999998
2011-04-25,133.59
2011-04-26,134.5
2011-04-27,135.57999999999998
2011-04-28,135.95
2011-04-29,136.615
2011-05-02,136.245
2011-05-03,135.56
2011-05-04,134.89499999999998
2011-05-05,133.97
2011-05-06,133.995
2011-05-09,134.825
2011-05-10,135.86
2011-05-11,134.315
2011-05-12,135.225
2011-05-13,133.885
2011-05-16,132.745
2011-05-17,133.14999999999998
2011-05-18,134.365
2011-05-19,134.665
2011-05-20,133.45999999999998
2011-05-23,131.99
2011-05-24,131.76
2011-05-25,132.14999999999998
2011-05-26,133.185
2011-05-27,133.59500000000003
2011-05-31,135.0
2011-06-01,131.815
2011-06-02,131.8
2011-06-03,130.235
2011-06-06,129.04500000000002
2011-06-07,129.095
2011-06-08,128.135
2011-06-09,129.26
2011-06-10,127.535
2011-06-13,127.785
2011-06-14,129.335
2011-06-15,127.205
2011-06-16,127.465
2011-06-17,126.985
2011-06-20,127.775
2011-06-21,129.215
2011-06-22,128.495
2011-06-23,128.215
2011-06-24,126.775
2011-06-27,128.215
2011-06-28,129.765
2011-06-29,130.835
2011-06-30,131.87
2011-07-01,133.93
2011-07-05,134.085
2011-07-06,134.22
2011-07-07,135.635
2011-07-08,134.66
2011-07-11,132.26
2011-07-12,131.535
2011-07-13,131.79500000000002
2011-07-14,131.16
2011-07-15,131.985
2011-07-18,130.665
2011-07-19,132.875
2011-07-20,132.32
2011-07-21,134.815
2011-07-22,134.59
2011-07-25,133.825
2011-07-26,133.05
2011-07-27,130.445
2011-07-28,130.345
2011-07-29,129.45999999999998
2011-08-01,128.425
2011-08-02,125.36500000000001
2011-08-03,126.025
2011-08-04,120.185
2011-08-05,119.76
2011-08-08,111.82499999999999
2011-08-09,117.485
2011-08-10,113.02000000000001
2011-08-11,117.35
2011-08-12,118.35499999999999
2011-08-15,120.31
2011-08-16,119.655
2011-08-17,119.36500000000001
2011-08-18,114.83
2011-08-19,112.785
2011-08-22,112.83500000000001
2011-08-23,116.47
2011-08-24,117.645
2011-08-25,116.315
2011-08-26,118.075
2011-08-29,121.365
2011-08-30,121.03
2011-08-31,122.35499999999999
2011-09-01,120.53
2011-09-02,117.395
2011-09-06,117.13499999999999
2011-09-07,120.555
2011-09-08,119.02000000000001
2011-09-09,116.39500000000001
2011-09-12,116.945
2011-09-13,117.56
2011-09-14,119.32499999999999
2011-09-15,121.485
2011-09-16,121.695
2011-09-19,120.31
2011-09-20,120.4
2011-09-21,116.13
2011-09-22,113.33
2011-09-23,113.545
2011-09-26,116.38
2011-09-27,117.53
2011-09-28,115.375
2011-09-29,116.3
2011-09-30,112.875
2011-10-03,109.455
2011-10-04,111.69999999999999
2011-10-05,114.15
2011-10-06,116.38
2011-10-07,115.975
2011-10-10,119.62
2011-10-11,119.255
2011-10-12,120.38
2011-10-13,120.34
2011-10-14,122.66
2011-10-17,119.78
2011-10-18,122.24000000000001
2011-10-19,121.295
2011-10-20,121.505
2011-10-21,124.035
2011-10-24,125.295
2011-10-25,123.055
2011-10-26,124.435
2011-10-27,128.69
2011-10-28,128.475
2011-10-31,125.015
2011-11-01,122.94
2011-11-02,124.015
2011-11-03,126.095
2011-11-04,125.725
2011-11-07,126.285
2011-11-08,127.88499999999999
2011-11-09,123.245
2011-11-10,124.42500000000001
2011-11-11,126.565
2011-11-14,125.72999999999999
2011-11-15,126.055
2011-11-16,123.625
2011-11-17,122.195
2011-11-18,121.91499999999999
2011-11-21,119.47999999999999
2011-11-22,118.85499999999999
2011-11-23,116.565
2011-11-25,115.91999999999999
2011-11-28,119.69999999999999
2011-11-29,119.735
2011-11-30,125.005
2011-12-01,124.875
2011-12-02,124.995
2011-12-05,125.815
2011-12-06,126.195
2011-12-07,126.985
2011-12-08,124.11500000000001
2011-12-09,126.465
2011-12-12,124.13499999999999
2011-12-13,123.235
2011-12-14,121.82499999999999
2011-12-15,122.355
2011-12-16,121.47999999999999
2011-12-19,120.44999999999999
2011-12-20,124.005
2011-12-21,124.045
2011-12-22,125.375
2011-12-23,126.505
2011-12-27,126.36500000000001
2011-12-28,124.92
2011-12-29,126.11500000000001
2011-12-30,125.60499999999999
2012-01-03,127.745
2012-01-04,127.755
2012-01-05,127.72
2012-01-06,127.93
2012-01-09,127.955
2012-01-10,129.095
2012-01-11,129.255
2012-01-12,129.63
2012-01-13,129.245
2012-01-17,129.43
2012-01-18,130.72
2012-01-19,131.49
2012-01-20,131.45499999999998
2012-01-23,131.51999999999998
2012-01-24,131.89499999999998
2012-01-25,132.48000000000002
2012-01-26,132.07
2012-01-27,131.775
2012-01-30,131.365
2012-01-31,131.11
2012-02-01,132.535
2012-02-02,132.755
2012-02-03,134.415
2012-02-06,134.365
2012-02-07,134.82
2012-02-08,135.125
2012-02-09,135.235
2012-02-10,134.69
2012-02-13,135.35500000000002
2012-02-14,135.185
2012-02-15,134.555
2012-02-16,135.94
2012-02-17,136.48000000000002
2012-02-21,136.475
2012-02-22,136.115
2012-02-23,136.79000000000002
2012-02-24,136.775
2012-02-27,137.12
2012-02-28,137.555
2012-02-29,136.655
2012-03-01,138.04500000000002
2012-03-02,137.345
2012-03-05,136.815
2012-03-06,134.775
2012-03-07,135.655
2012-03-08,137.035
2012-03-09,137.675
2012-03-12,137.685
2012-03-13,140.245
2012-03-14,139.755
2012-03-15,140.595
2012-03-16,140.435
2012-03-19,140.925
2012-03-20,140.49
2012-03-21,140.195
2012-03-22,139.375
2012-03-23,139.875
2012-03-26,141.89
2012-03-27,141.035
2012-03-28,140.445
2012-03-29,140.275
2012-03-30,140.865
2012-04-02,141.565
2012-04-03,141.35500000000002
2012-04-04,139.765
2012-04-05,139.525
2012-04-09,137.995
2012-04-10,136.305
2012-04-11,136.995
2012-04-12,139.015
2012-04-13,136.92
2012-04-16,137.03
2012-04-17,138.905
2012-04-18,138.45
2012-04-19,137.885
2012-04-20,138.005
2012-04-23,136.84500000000003
2012-04-24,137.995
2012-04-25,139.165
2012-04-26,140.26999999999998
2012-04-27,140.315
2012-04-30,140.025
2012-05-01,140.56
2012-05-02,140.24
2012-05-03,139.18
2012-05-04,136.79500000000002
2012-05-07,137.165
2012-05-08,136.505
2012-05-09,135.67000000000002
2012-05-10,136.245
2012-05-11,135.425
2012-05-14,133.89
2012-05-15,133.565
2012-05-16,132.79000000000002
2012-05-17,130.78
2012-05-18,129.525
2012-05-21,132.01
2012-05-22,132.055
2012-05-23,132.075
2012-05-24,132.775
2012-05-25,132.14
2012-05-29,133.945
2012-05-30,131.52499999999998
2012-05-31,131.235
2012-06-01,128.05
2012-06-04,127.87
2012-06-05,129.085
2012-06-06,132.14499999999998
2012-06-07,132.22
2012-06-08,133.32999999999998
2012-06-11,131.36
2012-06-12,133.115
2012-06-13,131.985
2012-06-14,133.825
2012-06-15,134.39499999999998
2012-06-18,134.725
2012-06-19,135.57999999999998
2012-06-20,135.685
2012-06-21,132.415
2012-06-22,133.10500000000002
2012-06-25,131.25
2012-06-26,132.125
2012-06-27,133.18
2012-06-28,132.735
2012-06-29,136.365
2012-07-02,136.345
2012-07-03,137.365
2012-07-05,136.85500000000002
2012-07-06,135.84
2012-07-09,135.37
2012-07-10,134.17000000000002
2012-07-11,134.32999999999998
2012-07-12,133.60500000000002
2012-07-13,135.75
2012-07-16,135.275
2012-07-17,136.435
2012-07-18,137.38
2012-07-19,137.74
2012-07-20,136.36
2012-07-23,134.905
2012-07-24,132.93
2012-07-25,134.03
2012-07-26,136.075
2012-07-27,138.86
2012-07-30,138.555
2012-07-31,137.85500000000002
2012-08-01,137.57999999999998
2012-08-02,136.755
2012-08-03,139.60500000000002
2012-08-06,139.59
2012-08-07,140.255
2012-08-08,140.39
2012-08-09,140.64499999999998
2012-08-10,140.85000000000002
2012-08-13,140.845
2012-08-14,140.665
2012-08-15,141.04000000000002
2012-08-16,141.995
2012-08-17,142.12
2012-08-20,142.155
2012-08-21,141.85500000000002
2012-08-22,141.85000000000002
2012-08-23,140.60500000000002
2012-08-24,141.535
2012-08-27,141.42000000000002
2012-08-28,141.365
2012-08-29,141.31
2012-08-30,140.32999999999998
2012-08-31,141.005
2012-09-04,141.14999999999998
2012-09-05,141.125
2012-09-06,143.82
2012-09-07,144.45499999999998
2012-09-10,143.115
2012-09-11,143.675
2012-09-12,144.495
2012-09-13,146.365
2012-09-14,147.03500000000003
2012-09-17,146.675
2012-09-18,146.715
2012-09-19,146.61
2012-09-20,146.805
2012-09-21,145.89499999999998
2012-09-24,145.695
2012-09-25,144.21499999999997
2012-09-26,143.385
2012-09-27,144.60500000000002
2012-09-28,143.995
2012-10-01,144.26999999999998
2012-10-02,144.575
2012-10-03,145.115
2012-10-04,146.14999999999998
2012-10-05,146.05
2012-10-08,145.485
2012-10-09,144.245
2012-10-10,143.265
2012-10-11,143.415
2012-10-12,142.81
2012-10-15,144.075
2012-10-16,145.64499999999998
2012-10-17,146.245
2012-10-18,145.785
2012-10-19,143.165
2012-10-22,143.425
2012-10-23,141.235
2012-10-24,140.985
2012-10-25,141.485
2012-10-26,141.325
2012-10-31,141.035
2012-11-01,142.865
2012-11-02,141.51
2012-11-05,141.875
2012-11-06,142.935
2012-11-07,139.69
2012-11-08,137.985
2012-11-09,138.14
2012-11-12,138.335
2012-11-13,137.675
2012-11-14,135.92
2012-11-15,135.635
2012-11-16,136.36
2012-11-19,139.065
2012-11-20,139.29500000000002
2012-11-21,139.515
2012-11-23,141.285
2012-11-26,141.09
2012-11-27,140.39499999999998
2012-11-28,141.44
2012-11-29,142.235
2012-11-30,141.97
2012-12-03,141.44
2012-12-04,141.195
2012-12-05,141.445
2012-12-06,141.95499999999998
2012-12-07,142.385
2012-12-10,142.495
2012-12-11,143.435
2012-12-12,143.5
2012-12-13,142.745
2012-12-14,142.195
2012-12-17,143.835
2012-12-18,145.42000000000002
2012-12-19,144.305
2012-12-20,145.10500000000002
2012-12-21,142.885
2012-12-24,142.305
2012-12-26,141.66
2012-12-27,141.535
2012-12-28,139.51
2012-12-31,142.665
2013-01-02,146.005
2013-01-03,145.615
2013-01-04,146.405
2013-01-07,145.995
2013-01-08,145.595
2013-01-09,145.885
2013-01-10,147.07999999999998
2013-01-11,147.065
2013-01-14,146.89499999999998
2013-01-15,147.065
2013-01-16,146.975
2013-01-17,147.96
2013-01-18,148.365
2013-01-22,149.095
2013-01-23,149.41
2013-01-24,149.41
2013-01-25,150.26
2013-01-28,150.095
2013-01-29,150.66
2013-01-30,150.115
2013-01-31,149.765
2013-02-01,151.225
2013-02-04,149.625
2013-02-05,150.995
2013-02-06,151.135
2013-02-07,150.94
2013-02-08,151.765
2013-02-11,151.775
2013-02-12,152.095
2013-02-13,152.165
2013-02-14,152.285
2013-02-15,152.17
2013-02-19,153.195
2013-02-20,151.305
2013-02-21,150.495
2013-02-22,151.905
2013-02-25,149.035
2013-02-26,149.95
2013-02-27,152.05
2013-02-28,151.595
2013-03-01,152.185
2013-03-04,152.94
2013-03-05,154.29500000000002
2013-03-06,154.385
2013-03-07,154.76
2013-03-08,155.415
2013-03-11,155.965
2013-03-12,155.585
2013-03-13,155.945
2013-03-14,156.755
2013-03-15,155.765
2013-03-18,155.035
2013-03-19,154.56
2013-03-20,155.415
2013-03-21,154.37
2013-03-22,155.505
2013-03-25,155.115
2013-03-26,156.14499999999998
2013-03-27,156.115
2013-03-28,156.635
2013-04-01,156.075
2013-04-02,156.835
2013-04-03,155.29500000000002
2013-04-04,155.875
2013-04-05,155.15
2013-04-08,156.185
2013-04-09,156.815
2013-04-10,158.70499999999998
2013-04-11,159.185
2013-04-12,158.685
2013-04-15,155.35500000000002
2013-04-16,157.345
2013-04-17,155.155
2013-04-18,154.13
2013-04-19,155.465
2013-04-22,156.175
2013-04-23,157.745
2013-04-24,157.975
2013-04-25,158.575
2013-04-26,158.18
2013-04-29,159.31
2013-04-30,159.715
2013-05-01,158.245
2013-05-02,159.70499999999998
2013-05-03,161.345
2013-05-06,161.79500000000002
2013-05-07,162.565
2013-05-08,163.345
2013-05-09,162.875
2013-05-10,163.45499999999998
2013-05-13,163.565
2013-05-14,165.21
2013-05-15,165.97
2013-05-16,165.405
2013-05-17,166.9
2013-05-20,166.905
2013-05-21,167.175
2013-05-22,165.975
2013-05-23,165.405
2013-05-24,165.33
2013-05-28,166.285
2013-05-29,165.2
2013-05-30,165.89499999999998
2013-05-31,163.525
2013-06-03,164.325
2013-06-04,163.635
2013-06-05,161.275
2013-06-06,162.805
2013-06-07,164.71
2013-06-10,164.765
2013-06-11,163.19
2013-06-12,161.78
2013-06-13,164.25
2013-06-14,163.215
2013-06-17,164.47
2013-06-18,165.64
2013-06-19,163.615
2013-06-20,159.51
2013-06-21,158.965
2013-06-24,157.065
2013-06-25,158.625
2013-06-26,160.13
2013-06-27,161.135
2013-06-28,160.415
2013-07-01,161.315
2013-07-02,161.185
2013-07-03,161.34
2013-07-05,162.965
2013-07-08,163.92
2013-07-09,165.10500000000002
2013-07-10,165.175
2013-07-11,167.485
2013-07-12,167.585
2013-07-15,168.2
2013-07-16,167.555
2013-07-17,167.935
2013-07-18,168.82999999999998
2013-07-19,169.23000000000002
2013-07-22,169.54500000000002
2013-07-23,169.215
2013-07-24,168.625
2013-07-25,168.925
2013-07-26,169.13
2013-07-29,168.55
2013-07-30,168.665
2013-07-31,168.88
2013-08-01,170.655
2013-08-02,170.915
2013-08-05,170.775
2013-08-06,169.805
2013-08-07,169.225
2013-08-08,169.915
2013-08-09,169.22
2013-08-12,169.095
2013-08-13,169.67
2013-08-14,168.70499999999998
2013-08-15,166.32
2013-08-16,165.805
2013-08-19,164.76999999999998
2013-08-20,165.595
2013-08-21,164.525
2013-08-22,166.025
2013-08-23,166.64
2013-08-26,166.005
2013-08-27,163.32999999999998
2013-08-28,163.915
2013-08-29,164.22
2013-08-30,163.595
2013-09-03,164.375
2013-09-04,165.75
2013-09-05,165.885
2013-09-06,165.995
2013-09-09,167.635
2013-09-10,168.865
2013-09-11,169.385
2013-09-12,168.985
2013-09-13,169.335
2013-09-16,170.365
2013-09-17,171.04500000000002
2013-09-18,173.085
2013-09-19,172.805
2013-09-20,170.655
2013-09-23,169.96
2013-09-24,169.565
2013-09-25,169.095
2013-09-26,169.64499999999998
2013-09-27,168.95999999999998
2013-09-30,168.06
2013-10-01,169.36
2013-10-02,169.125
2013-10-03,167.625
2013-10-04,168.875
2013-10-07,167.445
2013-10-08,165.45499999999998
2013-10-09,165.555
2013-10-10,169.19
2013-10-11,170.27
2013-10-14,170.975
2013-10-15,169.70499999999998
2013-10-16,172.08
2013-10-17,173.245
2013-10-18,174.36
2013-10-21,174.415
2013-10-22,175.375
2013-10-23,174.505
2013-10-24,175.20499999999998
2013-10-25,175.995
2013-10-28,176.245
2013-10-29,177.245
2013-10-30,176.35500000000002
2013-10-31,175.715
2013-11-01,176.14499999999998
2013-11-04,176.87
2013-11-05,176.305
2013-11-06,177.135
2013-11-07,174.95499999999998
2013-11-08,177.275
2013-11-11,177.29
2013-11-12,176.945
2013-11-13,178.345
2013-11-14,179.305
2013-11-15,180.085
2013-11-18,179.465
2013-11-19,179.04
2013-11-20,178.495
2013-11-21,179.925
2013-11-22,180.755
2013-11-25,180.725
2013-11-26,180.67
2013-11-27,181.135
2013-11-29,180.925
2013-12-02,180.535
2013-12-03,179.85
2013-12-04,179.665
2013-12-05,178.995
2013-12-06,180.985
2013-12-09,181.385
2013-12-10,180.785
2013-12-11,178.725
2013-12-12,178.14
2013-12-13,178.08
2013-12-16,179.215
2013-12-17,178.6
2013-12-18,181.64499999999998
2013-12-19,181.535
2013-12-20,181.565
2013-12-23,182.525
2013-12-24,182.96
2013-12-26,183.845
2013-12-27,183.875
2013-12-30,183.805
2013-12-31,184.615
2014-01-02,182.935
2014-01-03,182.84
2014-01-06,182.385
2014-01-07,183.45499999999998
2014-01-08,183.535
2014-01-09,183.64499999999998
2014-01-10,184.085
2014-01-13,181.64499999999998
2014-01-14,183.69
2014-01-15,184.675
2014-01-16,184.405
2014-01-17,183.615
2014-01-21,184.175
2014-01-22,184.32
2014-01-23,182.815
2014-01-24,178.86
2014-01-27,177.995
2014-01-28,179.07
2014-01-29,177.275
2014-01-30,179.255
2014-01-31,178.215
2014-02-03,174.2
2014-02-04,175.385
2014-02-05,175.13
2014-02-06,177.445
2014-02-07,179.73
2014-02-10,179.995
2014-02-11,181.95499999999998
2014-02-12,182.15
2014-02-13,183.015
2014-02-14,183.99
2014-02-18,184.26999999999998
2014-02-19,183.025
2014-02-20,184.1
2014-02-21,183.94
2014-02-24,184.91
2014-02-25,184.805
2014-02-26,184.83
2014-02-27,185.835
2014-02-28,186.285
2014-03-03,184.95499999999998
2014-03-04,187.64
2014-03-05,187.70499999999998
2014-03-06,188.17
2014-03-07,188.22
2014-03-10,188.185
2014-03-11,187.185
2014-03-12,187.27
2014-03-13,185.195
2014-03-14,184.64499999999998
2014-03-17,186.315
2014-03-18,187.685
2014-03-19,186.665
2014-03-20,187.735
2014-03-21,186.165
2014-03-24,185.39499999999998
2014-03-25,186.335
2014-03-26,184.925
2014-03-27,184.64499999999998
2014-03-28,185.42
2014-03-31,187.01
2014-04-01,188.245
2014-04-02,188.875
2014-04-03,188.64499999999998
2014-04-04,186.425
2014-04-07,184.31
2014-04-08,185.10500000000002
2014-04-09,187.10500000000002
2014-04-10,183.195
2014-04-11,181.515
2014-04-14,182.975
2014-04-15,184.235
2014-04-16,186.125
2014-04-17,186.3
2014-04-21,187.075
2014-04-22,187.905
2014-04-23,187.47
2014-04-24,187.85500000000002
2014-04-25,186.32
2014-04-28,186.865
2014-04-29,187.70999999999998
2014-04-30,188.375
2014-05-01,188.265
2014-05-02,188.085
2014-05-05,188.425
2014-05-06,186.815
2014-05-07,187.885
2014-05-08,187.70499999999998
2014-05-09,188.01
2014-05-12,189.785
2014-05-13,189.96
2014-05-14,189.04500000000002
2014-05-15,187.39499999999998
2014-05-16,188.10500000000002
2014-05-19,188.745
2014-05-20,187.53
2014-05-21,189.14
2014-05-22,189.595
2014-05-23,190.36
2014-05-27,191.525
2014-05-28,191.415
2014-05-29,192.37
2014-05-30,192.585
2014-06-02,192.87
2014-06-03,192.775
2014-06-04,193.215
2014-06-05,194.445
2014-06-06,195.38
2014-06-09,195.59
2014-06-10,195.615
2014-06-11,194.965
2014-06-12,193.525
2014-06-13,194.14499999999998
2014-06-16,194.305
2014-06-17,194.815
2014-06-18,196.235
2014-06-19,196.51
2014-06-20,195.95499999999998
2014-06-23,195.885
2014-06-24,194.725
2014-06-25,195.565
2014-06-26,195.445
2014-06-27,195.82
2014-06-30,195.70499999999998
2014-07-01,197.035
2014-07-02,197.24
2014-07-03,198.185
2014-07-07,197.525
2014-07-08,196.285
2014-07-09,197.15
2014-07-10,196.325
2014-07-11,196.60500000000002
2014-07-14,197.595
2014-07-15,197.22
2014-07-16,197.98
2014-07-17,195.71
2014-07-18,197.725
2014-07-21,197.29500000000002
2014-07-22,198.175
2014-07-23,198.665
2014-07-24,198.64499999999998
2014-07-25,197.715
2014-07-28,197.765
2014-07-29,196.95499999999998
2014-07-30,196.995
2014-07-31,193.055
2014-08-01,192.495
2014-08-04,193.885
2014-08-05,191.975
2014-08-06,192.04500000000002
2014-08-07,191.015
2014-08-08,193.235
2014-08-11,193.79500000000002
2014-08-12,193.54500000000002
2014-08-13,194.905
2014-08-14,195.735
2014-08-15,195.725
2014-08-18,197.35500000000002
2014-08-19,198.385
2014-08-20,198.915
2014-08-21,199.485
2014-08-22,199.16
2014-08-25,200.175
2014-08-26,200.345
2014-08-27,200.275
2014-08-28,200.14499999999998
2014-08-29,200.695
2014-09-02,200.59
2014-09-03,200.505
2014-09-04,200.22
2014-09-05,201.125
2014-09-08,200.595
2014-09-09,199.335
2014-09-10,200.085
2014-09-11,200.275
2014-09-12,199.135
2014-09-15,198.985
2014-09-16,200.485
2014-09-17,200.73000000000002
2014-09-18,201.765
2014-09-19,200.735
2014-09-22,199.135
2014-09-23,197.995
2014-09-24,199.565
2014-09-25,196.325
2014-09-26,197.945
2014-09-29,197.525
2014-09-30,197.005
2014-10-01,194.34
2014-10-02,194.385
2014-10-03,196.515
2014-10-06,196.265
2014-10-07,193.265
2014-10-08,196.64499999999998
2014-10-09,192.675
2014-10-10,190.515
2014-10-13,187.385
2014-10-14,187.755
2014-10-15,186.28
2014-10-16,186.245
2014-10-17,188.54500000000002
2014-10-20,190.325
2014-10-21,194.055
2014-10-22,192.70499999999998
2014-10-23,194.95999999999998
2014-10-24,196.385
2014-10-27,196.11
2014-10-28,198.365
2014-10-29,198.135
2014-10-30,199.445
2014-10-31,201.665
2014-11-03,201.745
2014-11-04,201.10500000000002
2014-11-05,202.375
2014-11-06,203.185
2014-11-07,203.365
2014-11-10,203.965
2014-11-11,204.175
2014-11-12,203.985
2014-11-13,204.175
2014-11-14,204.245
2014-11-17,204.385
2014-11-18,205.54500000000002
2014-11-19,205.195
2014-11-20,205.595
2014-11-21,206.685
2014-11-24,207.285
2014-11-25,207.185
2014-11-26,207.655
2014-11-28,207.75
2014-12-01,205.79500000000002
2014-12-02,207.085
2014-12-03,207.915
2014-12-04,207.665
2014-12-05,208.005
2014-12-08,206.615
2014-12-09,206.465
2014-12-10,203.175
2014-12-11,204.165
2014-12-12,200.87
2014-12-15,199.485
2014-12-16,197.935
2014-12-17,201.905
2014-12-18,206.785
2014-12-19,206.535
2014-12-22,207.45499999999998
2014-12-23,207.755
2014-12-24,207.815
2014-12-26,208.415
2014-12-29,208.735
2014-12-30,207.615
2014-12-31,205.53
2015-01-02,205.405
2015-01-05,201.805
2015-01-06,199.825
2015-01-07,202.335
2015-01-08,205.925
2015-01-09,204.185
2015-01-12,202.615
2015-01-13,202.065
2015-01-14,200.89499999999998
2015-01-15,199.015
2015-01-16,201.555
2015-01-20,202.055
2015-01-21,203.095
2015-01-22,206.085
2015-01-23,204.95
2015-01-26,205.465
2015-01-27,202.745
2015-01-28,200.065
2015-01-29,201.995
2015-01-30,199.445
2015-02-02,201.865
2015-02-03,204.79500000000002
2015-02-04,204.075
2015-02-05,206.185
2015-02-06,205.505
2015-02-09,204.585
2015-02-10,206.805
2015-02-11,206.935
2015-02-12,208.89499999999998
2015-02-13,209.805
2015-02-17,210.155
2015-02-18,210.14499999999998
2015-02-19,210.01
2015-02-20,211.265
2015-02-23,211.20499999999998
2015-02-24,211.835
2015-02-25,211.615
2015-02-26,211.39999999999998
2015-02-27,210.695
2015-03-02,212.005
2015-03-03,211.135
2015-03-04,210.225
2015-03-05,210.465
2015-03-06,207.475
2015-03-09,208.385
2015-03-10,204.975
2015-03-11,204.505
2015-03-12,207.115
2015-03-13,205.845
2015-03-16,208.655
2015-03-17,207.985
2015-03-18,210.435
2015-03-19,209.475
2015-03-20,210.425
2015-03-23,210.03
2015-03-24,208.805
2015-03-25,205.745
2015-03-26,205.285
2015-03-27,205.715
2015-03-30,208.255
2015-03-31,206.445
2015-04-01,205.755
2015-04-02,206.375
2015-04-06,207.845
2015-04-07,207.245
2015-04-08,207.995
2015-04-09,208.935
2015-04-10,210.035
2015-04-13,209.085
2015-04-14,209.475
2015-04-15,210.445
2015-04-16,210.35500000000002
2015-04-17,207.925
2015-04-20,209.85500000000002
2015-04-21,209.615
2015-04-22,210.64499999999998
2015-04-23,211.175
2015-04-24,211.64499999999998
2015-04-27,210.765
2015-04-28,211.415
2015-04-29,210.55
2015-04-30,208.45499999999998
2015-05-01,210.685
2015-05-04,211.345
2015-05-05,208.89499999999998
2015-05-06,208.035
2015-05-07,208.875
2015-05-08,211.625
2015-05-11,210.595
2015-05-12,209.965
2015-05-13,210.035
2015-05-14,212.215
2015-05-15,212.465
2015-05-18,213.085
2015-05-19,213.015
2015-05-20,212.865
2015-05-21,213.465
2015-05-22,212.975
2015-05-26,210.735
2015-05-27,212.685
2015-05-28,212.485
2015-05-29,211.1
2015-06-01,211.565
2015-06-02,211.365
2015-06-03,211.935
2015-06-04,210.215
2015-06-05,209.785
2015-06-08,208.475
2015-06-09,208.445
2015-06-10,210.945
2015-06-11,211.595
2015-06-12,209.995
2015-06-15,209.085
2015-06-16,210.255
2015-06-17,210.615
2015-06-18,212.745
2015-06-19,210.45499999999998
2015-06-22,211.905
2015-06-23,212.025
2015-06-24,210.485
2015-06-25,209.815
2015-06-26,209.835
2015-06-29,205.435
2015-06-30,205.9
2015-07-01,207.515
2015-07-02,207.305
2015-07-06,206.70499999999998
2015-07-07,207.985
2015-07-08,204.485
2015-07-09,204.885
2015-07-10,207.465
2015-07-13,209.765
2015-07-14,210.685
2015-07-15,210.625
2015-07-16,212.255
2015-07-17,212.445
2015-07-20,212.615
2015-07-21,211.745
2015-07-22,211.335
2015-07-23,210.165
2015-07-24,207.975
2015-07-27,206.765
2015-07-28,209.29500000000002
2015-07-29,210.735
2015-07-30,210.785
2015-07-31,210.465
2015-08-03,209.76
2015-08-04,209.345
2015-08-05,210.09
2015-08-06,208.465
2015-08-07,207.925
2015-08-10,210.585
2015-08-11,208.625
2015-08-12,208.885
2015-08-13,208.625
2015-08-14,209.39499999999998
2015-08-17,210.575
2015-08-18,209.965
2015-08-19,208.315
2015-08-20,203.915
2015-08-21,197.54500000000002
2015-08-24,189.475
2015-08-25,187.225
2015-08-26,194.54500000000002
2015-08-27,199.285
2015-08-28,199.285
2015-08-31,197.60500000000002
2015-09-01,191.595
2015-09-02,195.445
2015-09-03,195.535
2015-09-04,192.565
2015-09-08,197.515
2015-09-09,194.77
2015-09-10,195.875
2015-09-11,196.765
2015-09-14,195.995
2015-09-15,198.485
2015-09-16,200.185
2015-09-17,199.765
2015-09-18,195.415
2015-09-21,196.45499999999998
2015-09-22,193.885
2015-09-23,193.575
2015-09-24,192.935
2015-09-25,192.805
2015-09-28,187.925
2015-09-29,188.055
2015-09-30,191.675
2015-10-01,192.14999999999998
2015-10-02,194.975
2015-10-05,198.495
2015-10-06,197.815
2015-10-07,199.45499999999998
2015-10-08,201.20499999999998
2015-10-09,201.365
2015-10-12,201.54500000000002
2015-10-13,200.215
2015-10-14,199.275
2015-10-15,202.325
2015-10-16,203.14499999999998
2015-10-19,203.325
2015-10-20,203.065
2015-10-21,201.815
2015-10-22,205.215
2015-10-23,207.515
2015-10-26,206.975
2015-10-27,206.575
2015-10-28,208.965
2015-10-29,208.87
2015-10-30,207.85500000000002
2015-11-02,210.365
2015-11-03,210.95499999999998
2015-11-04,210.375
2015-11-05,210.115
2015-11-06,210.015
2015-11-09,208.06
2015-11-10,208.505
2015-11-11,207.70499999999998
2015-11-12,204.875
2015-11-13,202.54500000000002
2015-11-16,205.60500000000002
2015-11-17,205.375
2015-11-18,208.715
2015-11-19,208.535
2015-11-20,209.345
2015-11-23,209.055
2015-11-24,209.385
2015-11-25,209.325
2015-11-27,209.525
2015-11-30,208.675
2015-12-01,210.735
2015-12-02,208.505
2015-12-03,205.60500000000002
2015-12-04,209.625
2015-12-07,208.29500000000002
2015-12-08,206.95999999999998
2015-12-09,205.35500000000002
2015-12-10,205.825
2015-12-11,201.85500000000002
2015-12-14,202.995
2015-12-15,205.085
2015-12-16,207.975
2015-12-17,204.89499999999998
2015-12-18,199.95999999999998
2015-12-21,201.665
2015-12-22,203.505
2015-12-23,206.025
2015-12-24,205.565
2015-12-28,205.195
2015-12-29,207.43
2015-12-30,205.935
2015-12-31,203.925
2016-01-04,200.995
2016-01-05,201.435
2016-01-06,198.79500000000002
2016-01-07,194.015
2016-01-08,191.89499999999998
2016-01-11,192.07
2016-01-12,193.625
2016-01-13,188.835
2016-01-14,191.885
2016-01-15,187.775
2016-01-19,188.03
2016-01-20,185.785
2016-01-21,186.685
2016-01-22,190.495
2016-01-25,187.665
2016-01-26,190.185
2016-01-27,188.115
2016-01-28,189.135
2016-01-29,193.695
2016-02-01,193.675
2016-02-02,190.135
2016-02-03,191.195
2016-02-04,191.555
2016-02-05,187.95499999999998
2016-02-08,185.375
2016-02-09,185.375
2016-02-10,185.285
2016-02-11,183.065
2016-02-12,186.64499999999998
2016-02-16,189.775
2016-02-17,192.885
2016-02-18,192.04500000000002
2016-02-19,192.025
2016-02-22,194.785
2016-02-23,192.365
2016-02-24,193.215
2016-02-25,195.525
2016-02-26,195.135
2016-02-29,193.485
2016-03-01,198.175
2016-03-02,198.995
2016-03-03,199.765
2016-03-04,200.385
2016-03-07,200.595
2016-03-08,198.365
2016-03-09,199.42000000000002
2016-03-10,199.53
2016-03-11,202.735
2016-03-14,202.495
2016-03-15,202.175
2016-03-16,203.39499999999998
2016-03-17,204.64
2016-03-18,204.445
2016-03-21,204.675
2016-03-22,204.595
2016-03-23,203.245
2016-03-24,203.14499999999998
2016-03-28,203.255
2016-03-29,205.155
2016-03-30,206.07
2016-03-31,205.54500000000002
2016-04-01,206.885
2016-04-04,206.265
2016-04-05,204.195
2016-04-06,206.425
2016-04-07,203.945
2016-04-08,204.525
2016-04-11,203.975
2016-04-12,205.945
2016-04-13,208.015
2016-04-14,208.015
2016-04-15,207.815
2016-04-18,209.26999999999998
2016-04-19,209.875
2016-04-20,210.065
2016-04-21,208.95499999999998
2016-04-22,208.995
2016-04-25,208.615
2016-04-26,208.975
2016-04-27,209.35000000000002
2016-04-28,207.485
2016-04-29,206.325
2016-05-02,207.985
2016-05-03,206.155
2016-05-04,204.995
2016-05-05,204.985
2016-05-06,205.70499999999998
2016-05-09,205.89499999999998
2016-05-10,208.425
2016-05-11,206.565
2016-05-12,206.565
2016-05-13,204.765
2016-05-16,206.785
2016-05-17,204.885
2016-05-18,204.95499999999998
2016-05-19,204.22
2016-05-20,205.465
2016-05-23,205.155
2016-05-24,207.85500000000002
2016-05-25,209.225
2016-05-26,209.315
2016-05-27,210.20499999999998
2016-05-31,209.905
2016-06-01,210.265
2016-06-02,210.905
2016-06-03,210.29500000000002
2016-06-06,211.35500000000002
2016-06-07,211.665
2016-06-08,212.345
2016-06-09,212.015
2016-06-10,210.065
2016-06-13,208.445
2016-06-14,208.08
2016-06-15,207.745
2016-06-16,208.425
2016-06-17,206.575
2016-06-20,207.865
2016-06-21,208.385
2016-06-22,208.04500000000002
2016-06-23,210.835
2016-06-24,203.225
2016-06-27,199.585
2016-06-28,203.165
2016-06-29,206.675
2016-06-30,209.505
2016-07-01,209.825
2016-07-05,208.435
2016-07-06,209.745
2016-07-07,209.525
2016-07-08,212.64499999999998
2016-07-11,213.405
2016-07-12,214.935
2016-07-13,214.92000000000002
2016-07-14,216.065
2016-07-15,215.815
2016-07-18,216.405
2016-07-19,216.14499999999998
2016-07-20,217.095
2016-07-21,216.255
2016-07-22,217.235
2016-07-25,216.665
2016-07-26,216.725
2016-07-27,216.535
2016-07-28,216.775
2016-07-29,217.135
2016-08-01,216.89499999999998
2016-08-02,215.555
2016-08-03,216.215
2016-08-04,216.405
2016-08-05,218.175
2016-08-08,218.035
2016-08-09,218.165
2016-08-10,217.64499999999998
2016-08-11,218.655
2016-08-12,218.445
2016-08-15,219.125
2016-08-16,217.975
2016-08-17,218.365
2016-08-18,218.875
2016-08-19,218.575
2016-08-22,218.495
2016-08-23,218.945
2016-08-24,217.88
2016-08-25,217.625
2016-08-26,217.245
2016-08-29,218.35500000000002
2016-08-30,217.965
2016-08-31,217.385
2016-09-01,217.415
2016-09-02,218.375
2016-09-06,219.075
2016-09-07,219.065
2016-09-08,218.535
2016-09-09,213.285
2016-09-12,216.335
2016-09-13,213.225
2016-09-14,213.135
2016-09-15,215.29500000000002
2016-09-16,213.335
2016-09-19,213.385
2016-09-20,213.425
2016-09-21,215.79500000000002
2016-09-22,217.155
2016-09-23,215.985
2016-09-26,214.215
2016-09-27,215.555
2016-09-28,216.685
2016-09-29,214.685
2016-09-30,216.35500000000002
2016-10-03,215.685
2016-10-04,214.715
2016-10-05,215.655
2016-10-06,215.835
2016-10-07,215.055
2016-10-10,216.10500000000002
2016-10-11,213.45499999999998
2016-10-12,213.725
2016-10-13,213.035
2016-10-14,213.085
2016-10-17,212.405
2016-10-18,213.685
2016-10-19,214.245
2016-10-20,213.89499999999998
2016-10-21,213.935
2016-10-24,214.865
2016-10-25,214.185
2016-10-26,213.745
2016-10-27,213.175
2016-10-28,212.515
2016-10-31,212.505
2016-11-01,211.015
2016-11-02,209.695
2016-11-03,208.845
2016-11-04,208.515
2016-11-07,213.10500000000002
2016-11-08,214.075
2016-11-09,216.405
2016-11-10,216.85500000000002
2016-11-11,216.465
2016-11-14,216.54
2016-11-15,218.245
2016-11-16,217.935
2016-11-17,218.95499999999998
2016-11-18,218.515
2016-11-21,220.10500000000002
2016-11-22,220.525
2016-11-23,220.725
2016-11-25,221.535
2016-11-28,220.535
2016-11-29,220.885
2016-11-30,220.335
2016-12-01,219.515
2016-12-02,219.665
2016-12-05,220.935
2016-12-06,221.685
2016-12-07,224.575
2016-12-08,225.135
2016-12-09,226.495
2016-12-12,226.215
2016-12-13,227.715
2016-12-14,225.925
2016-12-15,226.765
2016-12-16,225.075
2016-12-19,225.495
2016-12-20,226.375
2016-12-21,225.805
2016-12-22,225.435
2016-12-23,225.685
2016-12-27,226.235
2016-12-28,224.425
2016-12-29,224.365
2016-12-30,223.55
2017-01-03,225.195
2017-01-04,226.525
2017-01-05,226.365
2017-01-06,227.235
2017-01-09,226.495
2017-01-10,226.425
2017-01-11,227.065
2017-01-12,226.57
2017-01-13,227.035
2017-01-17,226.29500000000002
2017-01-18,226.735
2017-01-19,225.95499999999998
2017-01-20,226.695
2017-01-23,226.185
2017-01-24,227.585
2017-01-25,229.485
2017-01-26,229.29500000000002
2017-01-27,228.995
2017-01-30,227.625
2017-01-31,227.565
2017-02-01,227.64
2017-02-02,227.765
2017-02-03,229.365
2017-02-06,228.965
2017-02-07,228.965
2017-02-08,229.265
2017-02-09,230.575
2017-02-10,231.475
2017-02-13,232.735
2017-02-14,233.70499999999998
2017-02-15,234.865
2017-02-16,234.735
2017-02-17,235.055
2017-02-21,236.45499999999998
2017-02-22,236.305
2017-02-23,236.445
2017-02-24,236.785
2017-02-27,237.135
2017-02-28,236.515
2017-03-01,239.745
2017-03-02,238.325
2017-03-03,238.485
2017-03-06,237.755
2017-03-07,237.055
2017-03-08,236.595
2017-03-09,236.825
2017-03-10,237.64499999999998
2017-03-13,237.755
2017-03-14,236.935
2017-03-15,238.885
2017-03-16,238.525
2017-03-17,237.075
2017-03-20,236.745
2017-03-21,233.785
2017-03-22,234.265
2017-03-23,234.005
2017-03-24,233.905
2017-03-27,233.575
2017-03-28,235.265
2017-03-29,235.595
2017-03-30,236.265
2017-03-31,235.715
2017-04-03,235.365
2017-04-04,235.515
2017-04-05,234.755
2017-04-06,235.385
2017-04-07,235.165
2017-04-10,235.325
2017-04-11,235.035
2017-04-12,234.10500000000002
2017-04-13,232.54500000000002
2017-04-17,234.565
2017-04-18,233.865
2017-04-19,233.475
2017-04-20,235.29500000000002
2017-04-21,234.585
2017-04-24,237.115
2017-04-25,238.525
2017-04-26,238.445
2017-04-27,238.615
2017-04-28,238.10500000000002
2017-05-01,238.64499999999998
2017-05-02,238.785
2017-05-03,238.525
2017-05-04,238.745
2017-05-05,239.715
2017-05-08,239.675
2017-05-09,239.465
2017-05-10,239.85500000000002
2017-05-11,239.415
2017-05-12,239.025
2017-05-15,240.245
2017-05-16,240.1
2017-05-17,235.85500000000002
2017-05-18,236.745
2017-05-19,238.305
2017-05-22,239.53
2017-05-23,240.015
2017-05-24,240.585
2017-05-25,241.70499999999998
2017-05-26,241.745
2017-05-30,241.525
2017-05-31,241.425
2017-06-01,243.325
2017-06-02,244.135
2017-06-05,243.965
2017-06-06,243.255
2017-06-07,243.655
2017-06-08,243.765
2017-06-09,243.45
2017-06-12,243.335
2017-06-13,244.51999999999998
2017-06-14,244.255
2017-06-15,243.79500000000002
2017-06-16,242.625
2017-06-19,244.635
2017-06-20,243.04
2017-06-21,242.945
2017-06-22,242.825
2017-06-23,243.15
2017-06-26,243.265
2017-06-27,241.365
2017-06-28,243.465
2017-06-29,241.39499999999998
2017-06-30,241.765
2017-07-03,242.315
2017-07-05,242.765
2017-07-06,240.575
2017-07-07,242.095
2017-07-10,242.35500000000002
2017-07-11,242.165
2017-07-12,243.975
2017-07-13,244.405
2017-07-14,245.54500000000002
2017-07-17,245.51
2017-07-18,245.685
2017-07-19,246.985
2017-07-20,247.065
2017-07-21,246.885
2017-07-24,246.805
2017-07-25,247.385
2017-07-26,247.45499999999998
2017-07-27,247.225
2017-07-28,246.89499999999998
2017-07-31,246.735
2017-08-01,247.305
2017-08-02,247.435
2017-08-03,246.975
2017-08-04,247.405
2017-08-07,247.845
2017-08-08,247.29500000000002
2017-08-09,247.225
2017-08-10,243.785
2017-08-11,244.10500000000002
2017-08-14,246.515
2017-08-15,246.515
2017-08-16,246.925
2017-08-17,243.125
2017-08-18,242.695
2017-08-21,242.935
2017-08-22,245.39499999999998
2017-08-23,244.535
2017-08-24,244.025
2017-08-25,244.535
2017-08-28,244.595
2017-08-29,244.845
2017-08-30,246.035
2017-08-31,247.415
2017-09-01,247.875
2017-09-05,246.095
2017-09-06,246.915
2017-09-07,246.89499999999998
2017-09-08,246.555
2017-09-11,249.175
2017-09-12,250.065
2017-09-13,250.175
2017-09-14,250.095
2017-09-15,249.245
2017-09-18,249.695
2017-09-19,249.965
2017-09-20,250.095
2017-09-21,249.39499999999998
2017-09-22,249.425
2017-09-25,248.945
2017-09-26,249.055
2017-09-27,250.025
2017-09-28,250.345
2017-09-29,251.20499999999998
2017-10-02,252.285
2017-10-03,252.845
2017-10-04,253.165
2017-10-05,254.64499999999998
2017-10-06,254.405
2017-10-09,253.95499999999998
2017-10-10,254.595
2017-10-11,255.005
2017-10-12,254.60500000000002
2017-10-13,254.915
2017-10-16,255.29500000000002
2017-10-17,255.465
2017-10-18,255.695
2017-10-19,255.815
2017-10-20,257.085
2017-10-23,256.145
2017-10-24,256.545
2017-10-25,255.305
2017-10-26,255.595
2017-10-27,257.685
2017-10-30,256.805
2017-10-31,257.105
2017-11-01,257.525
2017-11-02,257.615
2017-11-03,258.445
2017-11-06,258.825
2017-11-07,258.695
2017-11-08,259.125
2017-11-09,258.195
2017-11-10,258.085
2017-11-13,258.345
2017-11-14,257.745
2017-11-15,256.435
2017-11-16,258.605
2017-11-17,257.885
2017-11-20,258.28499999999997
2017-11-21,259.955
2017-11-22,259.775
2017-11-24,260.34000000000003
2017-11-27,260.26
2017-11-28,262.845
2017-11-29,262.735
2017-11-30,264.885
2017-12-01,264.435
2017-12-04,264.135
2017-12-05,263.205
2017-12-06,263.21500000000003
2017-12-07,264.045
2017-12-08,265.485
2017-12-11,266.335
2017-12-12,266.78499999999997
2017-12-13,266.735
2017-12-14,265.675
2017-12-15,266.525
2017-12-18,268.175
2017-12-19,267.195
2017-12-20,267.03499999999997
2017-12-21,267.565
2017-12-22,267.485
2017-12-26,267.165
2017-12-27,267.335
2017-12-28,267.865
2017-12-29,266.885
2018-01-02,268.795
2018-01-03,270.46500000000003
2018-01-04,271.635
2018-01-05,273.395
2018-01-08,273.935
2018-01-09,274.525
2018-01-10,274.105
2018-01-11,276.085
2018-01-12,277.915
2018-01-16,276.96500000000003
2018-01-17,279.605
2018-01-18,279.175
2018-01-19,280.385
2018-01-22,282.665
2018-01-23,283.255
2018-01-24,283.175
2018-01-25,283.295
2018-01-26,286.565
2018-01-29,284.675
2018-01-30,281.655
2018-01-31,281.90999999999997
2018-02-01,281.6
2018-02-02,275.515
2018-02-05,264.205
2018-02-06,269.19
2018-02-07,267.65
2018-02-08,257.725
2018-02-09,261.695
2018-02-12,265.255
2018-02-13,266.015
2018-02-14,269.705
2018-02-15,273.005
2018-02-16,273.095
2018-02-20,271.435
2018-02-21,269.995
2018-02-22,270.315
2018-02-23,274.685
2018-02-26,277.885
2018-02-27,274.375
2018-02-28,271.335
2018-03-01,267.735
2018-03-02,269.135
2018-03-05,272.205
2018-03-06,272.895
2018-03-07,272.8
2018-03-08,274.075
2018-03-09,278.815
2018-03-12,278.495
2018-03-13,276.685
2018-03-14,275.265
2018-03-15,275.005
2018-03-16,274.195
2018-03-19,270.495
2018-03-20,270.945
2018-03-21,270.425
2018-03-22,263.68
2018-03-23,258.005
2018-03-26,265.15999999999997
2018-03-27,260.525
2018-03-28,259.845
2018-03-29,263.495
2018-04-02,257.53499999999997
2018-04-03,260.795
2018-04-04,263.835
2018-04-05,265.635
2018-04-06,259.805
2018-04-09,260.855
2018-04-10,265.135
2018-04-11,263.745
2018-04-12,265.905
2018-04-13,265.155
2018-04-16,267.325
2018-04-17,270.145
2018-04-18,270.365
2018-04-19,268.865
2018-04-20,266.625
2018-04-23,266.585
2018-04-24,263.03499999999997
2018-04-25,263.565
2018-04-26,266.315
2018-04-27,266.585
2018-04-30,264.445
2018-05-01,264.995
2018-05-02,263.195
2018-05-03,262.605
2018-05-04,266.005
2018-05-07,266.895
2018-05-08,266.895
2018-05-09,269.475
2018-05-10,272.005
2018-05-11,272.635
2018-05-14,272.905
2018-05-15,271.03499999999997
2018-05-16,272.21500000000003
2018-05-17,272.025
2018-05-18,271.345
2018-05-21,273.355
2018-05-22,272.565
2018-05-23,273.375
2018-05-24,272.845
2018-05-25,272.185
2018-05-29,269.105
2018-05-30,272.585
2018-05-31,270.74
2018-06-01,273.645
2018-06-04,274.905
2018-06-05,275.205
2018-06-06,277.515
2018-06-07,277.33
2018-06-08,278.2
2018-06-11,278.565
2018-06-12,278.985
2018-06-13,277.945
2018-06-14,278.71500000000003
2018-06-15,277.205
2018-06-18,276.575
2018-06-19,275.515
2018-06-20,275.985
2018-06-21,274.245
2018-06-22,274.71500000000003
2018-06-25,271.015
2018-06-26,271.555
2018-06-27,269.265
2018-06-28,270.945
2018-06-29,271.195
2018-07-02,271.935
2018-07-03,270.825
2018-07-05,273.085
2018-07-06,275.365
2018-07-09,277.885
2018-07-10,278.815
2018-07-11,276.905
2018-07-12,279.305
2018-07-13,279.565
2018-07-16,279.355
2018-07-17,280.505
2018-07-18,281.055
2018-07-19,280.015
2018-07-20,279.745
2018-07-23,280.245
2018-07-24,281.565
2018-07-25,284.135
2018-07-26,283.28499999999997
2018-07-27,281.46500000000003
2018-07-30,279.895
2018-07-31,281.23
2018-08-01,280.925
2018-08-02,282.335
2018-08-03,283.645
2018-08-06,284.685
2018-08-07,285.53499999999997
2018-08-08,285.425
2018-08-09,285.055
2018-08-10,283.115
2018-08-13,282.055
2018-08-14,283.855
2018-08-15,281.765
2018-08-16,284.085
2018-08-17,285.015
2018-08-20,285.71500000000003
2018-08-21,286.255
2018-08-22,286.195
2018-08-23,285.765
2018-08-24,287.495
2018-08-27,289.725
2018-08-28,289.875
2018-08-29,291.47
2018-08-30,290.235
2018-08-31,290.225
2018-09-04,289.865
2018-09-05,289.055
2018-09-06,288.195
2018-09-07,287.555
2018-09-10,288.095
2018-09-11,289.115
2018-09-12,289.16
2018-09-13,290.815
2018-09-14,290.905
2018-09-17,289.335
2018-09-18,290.895
2018-09-19,291.245
2018-09-20,293.545
2018-09-21,292.015
2018-09-24,291.065
2018-09-25,290.695
2018-09-26,289.835
2018-09-27,290.645
2018-09-28,290.61
2018-10-01,291.665
2018-10-02,291.575
2018-10-03,291.78499999999997
2018-10-04,289.475
2018-10-05,287.89
2018-10-08,287.795
2018-10-09,287.425
2018-10-10,278.19
2018-10-11,272.255
2018-10-12,276.02
2018-10-15,274.475
2018-10-16,280.305
2018-10-17,280.405
2018-10-18,276.47
2018-10-19,276.195
2018-10-22,275.065
2018-10-23,273.53499999999997
2018-10-24,265.22
2018-10-25,270.145
2018-10-26,265.28499999999997
2018-10-29,263.79
2018-10-30,267.815
2018-10-31,270.695
2018-11-01,273.5
2018-11-02,271.805
2018-11-05,273.435
2018-11-06,275.105
2018-11-07,280.915
2018-11-08,280.435
2018-11-09,277.835
2018-11-12,272.505
2018-11-13,272.05
2018-11-14,270.145
2018-11-15,273.045
2018-11-16,273.65999999999997
2018-11-19,269.125
2018-11-20,264.195
2018-11-21,265.085
2018-11-23,263.365
2018-11-26,267.455
2018-11-27,268.335
2018-11-28,274.49
2018-11-29,273.955
2018-11-30,275.745
2018-12-03,279.225
2018-12-04,270.495
2018-12-06,269.935
2018-12-07,263.645
2018-12-10,264.08
2018-12-11,264.085
2018-12-12,265.505
2018-12-13,265.365
2018-12-14,260.49
2018-12-17,255.305
2018-12-18,255.14499999999998
2018-12-19,251.185
2018-12-20,247.24
2018-12-21,240.685
2018-12-24,234.41
2018-12-26,245.945
2018-12-27,248.175
2018-12-28,247.815
2018-12-31,250.115
2019-01-02,250.255
2019-01-03,244.12
2019-01-04,252.45499999999998
2019-01-07,254.285
2019-01-08,256.695
2019-01-09,257.875
2019-01-10,258.955
2019-01-11,258.915
2019-01-14,257.455
2019-01-15,260.375
2019-01-16,260.955
2019-01-17,262.985
2019-01-18,266.415
2019-01-22,262.925
2019-01-23,263.315
2019-01-24,263.615
2019-01-25,265.825
2019-01-28,263.78499999999997
2019-01-29,263.425
2019-01-30,267.595
2019-01-31,269.885
2019-02-01,270.085
2019-02-04,272.005
2019-02-05,273.185
2019-02-06,272.755
2019-02-07,270.185
2019-02-08,270.485
2019-02-11,270.655
2019-02-12,274.125
2019-02-13,274.985
2019-02-14,274.375
2019-02-15,277.395
2019-02-19,277.845
2019-02-20,278.435
2019-02-21,277.46500000000003
2019-02-22,279.145
2019-02-25,279.57
2019-02-26,279.345
2019-02-27,279.225
2019-02-28,278.53499999999997
2019-03-01,280.485
2019-03-04,279.415
2019-03-05,279.055
2019-03-06,277.295
2019-03-07,275.085
2019-03-08,274.525
2019-03-11,278.505
2019-03-12,279.435
2019-03-13,281.335
2019-03-14,281.185
2019-03-15,281.355
2019-03-18,282.385
2019-03-19,282.485
2019-03-20,281.525
2019-03-21,284.665
2019-03-22,279.255
2019-03-25,279.025
2019-03-26,281.02
2019-03-27,279.72
2019-03-28,280.78499999999997
2019-03-29,282.615
2019-04-01,285.895
2019-04-02,285.98
2019-04-03,286.515
2019-04-04,287.21500000000003
2019-04-05,288.53499999999997
2019-04-08,288.825
2019-04-09,287.31
2019-04-10,288.295
2019-04-11,288.235
2019-04-12,290.185
2019-04-15,289.995
2019-04-16,290.185
2019-04-17,289.475
2019-04-18,290.015
2019-04-22,290.315
2019-04-23,292.855
2019-04-24,292.235
2019-04-25,292.075
2019-04-26,293.435
2019-04-29,293.815
2019-04-30,293.96500000000003
2019-05-01,291.835
2019-05-02,291.265
2019-05-03,294.025
2019-05-06,292.865
2019-05-07,288.03499999999997
2019-05-08,287.565
2019-05-09,286.74
2019-05-10,288.025
2019-05-13,280.98
2019-05-14,283.325
2019-05-15,285.065
2019-05-16,287.625
2019-05-17,285.895
2019-05-20,283.97
2019-05-21,286.495
2019-05-22,285.635
2019-05-23,282.275
2019-05-24,282.805
2019-05-28,280.195
2019-05-29,278.335
2019-05-30,279.045
2019-05-31,275.37
2019-06-03,274.575
2019-06-04,280.525
2019-06-05,282.905
2019-06-06,284.74
2019-06-07,287.625
2019-06-10,288.935
2019-06-11,288.885
2019-06-12,288.355
2019-06-13,289.655
2019-06-14,289.19
2019-06-17,289.445
2019-06-18,292.295
2019-06-19,293.055
2019-06-20,295.835
2019-06-21,294.085
2019-06-24,293.635
2019-06-25,290.795
2019-06-26,290.475
2019-06-27,291.545
2019-06-28,293.085
2019-07-01,295.605
2019-07-02,296.46500000000003
2019-07-03,298.765
2019-07-05,298.365
2019-07-08,296.855
2019-07-09,297.255
2019-07-10,298.605
2019-07-11,299.295
2019-07-12,300.675
2019-07-15,300.765
2019-07-16,299.74
2019-07-17,297.775
2019-07-18,298.855
2019-07-19,297.115
2019-07-22,297.92
2019-07-23,299.96500000000003
2019-07-24,301.375
2019-07-25,299.955
2019-07-26,301.985
2019-07-29,301.485
2019-07-30,300.815
2019-07-31,297.385
