DATE,TLT.O
2019-07-31,132.89499999999998
2019-07-30,131.825
2019-07-29,131.505
2019-07-26,131.485
2019-07-25,131.17000000000002
2019-07-24,131.78
2019-07-23,131.215
2019-07-22,131.925
2019-07-19,131.70499999999998
2019-07-18,131.985
2019-07-17,131.985
2019-07-16,130.57
2019-07-15,130.975
2019-07-12,130.215
2019-07-11,130.075
2019-07-10,131.825
2019-07-09,132.565
2019-07-08,132.615
2019-07-05,132.425
2019-07-03,134.155
2019-07-02,133.255
2019-07-01,132.26
2019-06-28,132.815
2019-06-27,132.835
2019-06-26,131.965
2019-06-25,132.875
2019-06-24,132.42000000000002
2019-06-21,131.435
2019-06-20,132.865
2019-06-19,132.51
2019-06-18,132.335
2019-06-17,131.655
2019-06-14,131.445
2019-06-13,131.125
2019-06-12,130.685
2019-06-11,130.60500000000002
2019-06-10,130.525
2019-06-07,131.735
2019-06-06,130.595
2019-06-05,130.14499999999998
2019-06-04,130.935
2019-06-03,132.39499999999998
2019-05-31,131.815
2019-05-30,130.185
2019-05-29,129.085
2019-05-28,128.725
2019-05-24,127.765
2019-05-23,127.64500000000001
2019-05-22,126.225
2019-05-21,125.52000000000001
2019-05-20,125.735
2019-05-17,125.995
2019-05-16,125.705
2019-05-15,126.095
2019-05-14,125.35499999999999
2019-05-13,125.735
2019-05-10,124.735
2019-05-09,124.91499999999999
2019-05-08,124.41499999999999
2019-05-07,124.945
2019-05-06,123.995
2019-05-03,123.625
2019-05-02,123.31
2019-05-01,123.89
2019-04-30,123.63499999999999
2019-04-29,123.045
2019-04-26,123.80000000000001
2019-04-25,123.39500000000001
2019-04-24,123.555
2019-04-23,122.545
2019-04-22,122.315
2019-04-18,122.89500000000001
2019-04-17,122.255
2019-04-16,122.225
2019-04-15,122.975
2019-04-12,122.705
2019-04-11,123.555
2019-04-10,124.235
2019-04-09,123.965
2019-04-08,123.595
2019-04-05,124.015
2019-04-04,123.86500000000001
2019-04-03,123.515
2019-04-02,124.595
2019-04-01,124.36500000000001
2019-03-29,126.445
2019-03-28,126.535
2019-03-27,126.08500000000001
2019-03-26,124.965
2019-03-25,125.07499999999999
2019-03-22,124.875
2019-03-21,122.945
2019-03-20,122.66499999999999
2019-03-19,121.445
2019-03-18,121.67500000000001
2019-03-15,121.67500000000001
2019-03-14,120.975
2019-03-13,121.815
2019-03-12,122.035
2019-03-11,121.195
2019-03-08,121.565
2019-03-07,121.07499999999999
2019-03-06,120.295
2019-03-05,119.85499999999999
2019-03-04,119.595
2019-03-01,118.67500000000001
2019-02-28,120.045
2019-02-27,120.445
2019-02-26,121.805
2019-02-25,121.215
2019-02-22,121.555
2019-02-21,120.88499999999999
2019-02-20,121.965
2019-02-19,122.285
2019-02-15,121.975
2019-02-14,121.775
2019-02-13,121.125
2019-02-12,121.555
2019-02-11,121.875
2019-02-08,122.345
2019-02-07,121.82499999999999
2019-02-06,121.015
2019-02-05,120.955
2019-02-04,120.41499999999999
2019-02-01,120.955
2019-01-31,121.89500000000001
2019-01-30,120.92500000000001
2019-01-29,121.015
2019-01-28,120.41499999999999
2019-01-25,120.55000000000001
2019-01-24,121.07499999999999
2019-01-23,120.315
2019-01-22,120.315
2019-01-18,119.57499999999999
2019-01-17,120.17500000000001
2019-01-16,120.155
2019-01-15,120.035
2019-01-14,120.455
2019-01-11,120.91499999999999
2019-01-10,120.455
2019-01-09,121.21000000000001
2019-01-08,121.445
2019-01-07,121.765
2019-01-04,122.13499999999999
2019-01-03,123.545
2019-01-02,122.14500000000001
2018-12-31,121.505
2018-12-28,121.03999999999999
2018-12-27,119.995
2018-12-26,120.015
2018-12-24,121.285
2018-12-21,120.705
2018-12-20,120.695
2018-12-19,121.17500000000001
2018-12-18,119.60499999999999
2018-12-17,119.15
2018-12-14,118.475
2018-12-13,118.08500000000001
2018-12-12,118.35499999999999
2018-12-11,118.89500000000001
2018-12-10,118.89
2018-12-07,118.41499999999999
2018-12-06,118.17500000000001
2018-12-04,117.815
2018-12-03,115.86500000000001
2018-11-30,115.305
2018-11-29,114.88499999999999
2018-11-28,114.405
2018-11-27,115.02000000000001
2018-11-26,114.875
2018-11-23,115.125
2018-11-21,115.025
2018-11-20,115.045
2018-11-19,115.005
2018-11-16,114.64500000000001
2018-11-15,114.045
2018-11-14,114.095
2018-11-13,113.985
2018-11-12,114.095
2018-11-09,113.35
2018-11-08,112.495
2018-11-07,112.525
2018-11-06,112.36500000000001
2018-11-05,112.435
2018-11-02,112.005
2018-11-01,113.405
2018-10-31,113.58500000000001
2018-10-30,114.19999999999999
2018-10-29,114.725
2018-10-26,114.975
2018-10-25,114.305
2018-10-24,114.765
2018-10-23,113.91
2018-10-22,113.57
2018-10-19,113.725
2018-10-18,113.965
2018-10-17,113.995
2018-10-16,114.67
2018-10-15,114.47
2018-10-12,114.475
2018-10-11,114.86500000000001
2018-10-10,113.495
2018-10-09,113.805
2018-10-08,112.67500000000001
2018-10-05,113.055
2018-10-04,114.025
2018-10-03,114.83500000000001
2018-10-02,116.91499999999999
2018-10-01,116.155
2018-09-28,117.275
2018-09-27,117.60499999999999
2018-09-26,117.505
2018-09-25,116.685
2018-09-24,116.805
2018-09-21,117.11500000000001
2018-09-20,117.14500000000001
2018-09-19,116.61500000000001
2018-09-18,117.315
2018-09-17,118.565
2018-09-14,118.565
2018-09-13,119.10499999999999
2018-09-12,118.945
2018-09-11,118.69999999999999
2018-09-10,119.555
2018-09-07,119.125
2018-09-06,120.125
2018-09-05,119.695
2018-09-04,120.005
2018-08-31,120.995
2018-08-30,121.265
2018-08-29,121.005
2018-08-28,120.86500000000001
2018-08-27,121.545
2018-08-24,122.285
2018-08-23,122.045
2018-08-22,121.85499999999999
2018-08-21,121.39500000000001
2018-08-20,121.785
2018-08-17,120.985
2018-08-16,120.82499999999999
2018-08-15,120.80000000000001
2018-08-14,120.155
2018-08-13,120.465
2018-08-10,120.655
2018-08-09,119.775
2018-08-08,118.785
2018-08-07,118.685
2018-08-06,119.285
2018-08-03,119.205
2018-08-02,118.64500000000001
2018-08-01,118.485
2018-07-31,119.695
2018-07-30,119.07499999999999
2018-07-27,119.475
2018-07-26,119.285
2018-07-25,119.475
2018-07-24,119.685
2018-07-23,119.295
2018-07-20,120.775
2018-07-19,122.245
2018-07-18,121.505
2018-07-17,121.975
2018-07-16,122.205
2018-07-13,122.735
2018-07-12,122.405
2018-07-11,122.42500000000001
2018-07-10,121.955
2018-07-09,121.955
2018-07-06,122.715
2018-07-05,122.32499999999999
2018-07-03,121.975
2018-07-02,121.36500000000001
2018-06-29,121.715
2018-06-28,122.125
2018-06-27,122.10499999999999
2018-06-26,120.965
2018-06-25,120.815
2018-06-22,120.57499999999999
2018-06-21,120.515
2018-06-20,119.905
2018-06-19,120.945
2018-06-18,120.255
2018-06-15,120.305
2018-06-14,120.225
2018-06-13,119.245
2018-06-12,119.32499999999999
2018-06-11,119.305
2018-06-08,119.545
2018-06-07,119.88
2018-06-06,118.745
2018-06-05,119.745
2018-06-04,119.38499999999999
2018-06-01,120.28
2018-05-31,121.195
2018-05-30,121.41499999999999
2018-05-29,122.225
2018-05-25,119.60499999999999
2018-05-24,118.875
2018-05-23,117.935
2018-05-22,117.095
2018-05-21,117.265
2018-05-18,117.205
2018-05-17,116.225
2018-05-16,116.795
2018-05-15,117.245
2018-05-14,118.60499999999999
2018-05-11,119.225
2018-05-10,118.92500000000001
2018-05-09,117.985
2018-05-08,118.695
2018-05-07,118.795
2018-05-04,118.985
2018-05-03,118.765
2018-05-02,118.275
2018-05-01,118.42500000000001
2018-04-30,119.10499999999999
2018-04-27,118.86500000000001
2018-04-26,117.965
2018-04-25,117.17500000000001
2018-04-24,117.945
2018-04-23,118.515
2018-04-20,118.465
2018-04-19,119.35499999999999
2018-04-18,120.285
2018-04-17,121.275
2018-04-16,120.935
2018-04-13,120.905
2018-04-12,120.64500000000001
2018-04-11,121.505
2018-04-10,121.08500000000001
2018-04-09,121.285
2018-04-06,121.08500000000001
2018-04-05,119.795
2018-04-04,120.685
2018-04-03,120.905
2018-04-02,121.85499999999999
2018-03-29,121.965
2018-03-28,121.275
2018-03-27,120.955
2018-03-26,119.715
2018-03-23,120.13499999999999
2018-03-22,120.235
2018-03-21,119.065
2018-03-20,118.975
2018-03-19,119.435
2018-03-16,119.815
2018-03-15,120.255
2018-03-14,120.225
2018-03-13,119.225
2018-03-12,118.595
2018-03-09,117.905
2018-03-08,118.655
2018-03-07,118.015
2018-03-06,118.13499999999999
2018-03-05,118.065
2018-03-02,118.345
2018-03-01,119.32499999999999
2018-02-28,118.775
2018-02-27,118.015
2018-02-26,118.14500000000001
2018-02-23,118.10499999999999
2018-02-22,117.10499999999999
2018-02-21,116.755
2018-02-20,118.185
2018-02-16,118.725
2018-02-15,118.07499999999999
2018-02-14,117.715
2018-02-13,118.985
2018-02-12,118.465
2018-02-09,117.89500000000001
2018-02-08,118.755
2018-02-07,118.83500000000001
2018-02-06,119.985
2018-02-05,120.735
2018-02-02,119.595
2018-02-01,120.715
2018-01-31,122.755
2018-01-30,122.035
2018-01-29,122.75999999999999
2018-01-26,123.475
2018-01-25,124.035
2018-01-24,123.045
2018-01-23,123.705
2018-01-22,123.17500000000001
2018-01-19,123.08500000000001
2018-01-18,123.735
2018-01-17,124.88499999999999
2018-01-16,125.025
2018-01-12,124.535
2018-01-11,124.285
2018-01-10,123.795
2018-01-09,123.92500000000001
2018-01-08,125.60499999999999
2018-01-05,125.705
2018-01-04,126.025
2018-01-03,126.055
2018-01-02,125.495
2017-12-29,126.875
2017-12-28,126.655
2017-12-27,126.725
2017-12-26,125.155
2017-12-22,124.745
2017-12-21,124.565
2017-12-20,124.14
2017-12-19,125.555
2017-12-18,127.125
2017-12-15,128.305
2017-12-14,127.88499999999999
2017-12-13,127.32499999999999
2017-12-12,126.375
2017-12-11,126.42500000000001
2017-12-08,126.655
2017-12-07,126.735
2017-12-06,127.695
2017-12-05,127.245
2017-12-04,126.64500000000001
2017-12-01,126.555
2017-11-30,125.125
2017-11-29,125.555
2017-11-28,126.765
2017-11-27,126.61500000000001
2017-11-24,126.805
2017-11-22,127.13499999999999
2017-11-21,126.735
2017-11-20,126.345
2017-11-17,126.375
2017-11-16,125.455
2017-11-15,126.57499999999999
2017-11-14,125.17500000000001
2017-11-13,124.375
2017-11-10,124.125
2017-11-09,125.995
2017-11-08,126.345
2017-11-07,126.60499999999999
2017-11-06,126.125
2017-11-03,125.64500000000001
2017-11-02,125.275
2017-11-01,124.735
2017-10-31,124.465
2017-10-30,124.435
2017-10-27,123.215
2017-10-26,122.455
2017-10-25,122.845
2017-10-24,123.445
2017-10-23,124.195
2017-10-20,124.015
2017-10-19,125.295
2017-10-18,125.10499999999999
2017-10-17,125.91499999999999
2017-10-16,125.755
2017-10-13,125.845
2017-10-12,124.965
2017-10-11,124.41499999999999
2017-10-10,124.16499999999999
2017-10-09,123.975
2017-10-06,123.60499999999999
2017-10-05,123.965
2017-10-04,124.42500000000001
2017-10-03,124.405
2017-10-02,124.28999999999999
2017-09-29,124.775
2017-09-28,124.505
2017-09-27,124.89500000000001
2017-09-26,126.805
2017-09-25,126.995
2017-09-22,126.215
2017-09-21,125.845
2017-09-20,125.92500000000001
2017-09-19,125.845
2017-09-18,126.14500000000001
2017-09-15,126.83500000000001
2017-09-14,126.795
2017-09-13,126.305
2017-09-12,126.785
2017-09-11,127.455
2017-09-08,128.995
2017-09-07,129.275
2017-09-06,127.955
2017-09-05,128.755
2017-09-01,126.735
2017-08-31,127.985
2017-08-30,127.58500000000001
2017-08-29,127.64500000000001
2017-08-28,127.205
2017-08-25,127.295
2017-08-24,126.815
2017-08-23,127.295
2017-08-22,126.41499999999999
2017-08-21,126.935
2017-08-18,126.61500000000001
2017-08-17,126.60499999999999
2017-08-16,125.695
2017-08-15,125.245
2017-08-14,125.83500000000001
2017-08-11,126.41499999999999
2017-08-10,126.38499999999999
2017-08-09,125.295
2017-08-08,124.63499999999999
2017-08-07,125.065
2017-08-04,124.89500000000001
2017-08-03,125.995
2017-08-02,124.705
2017-08-01,124.63499999999999
2017-07-31,124.005
2017-07-28,123.91499999999999
2017-07-27,123.155
2017-07-26,123.785
2017-07-25,123.595
2017-07-24,125.205
2017-07-21,125.695
2017-07-20,125.16499999999999
2017-07-19,124.805
2017-07-18,124.755
2017-07-17,123.66499999999999
2017-07-14,123.32499999999999
2017-07-13,123.185
2017-07-12,123.945
2017-07-11,123.125
2017-07-10,122.89500000000001
2017-07-07,122.765
2017-07-06,123.445
2017-07-05,124.475
2017-07-03,124.41499999999999
2017-06-30,125.13499999999999
2017-06-29,125.42500000000001
2017-06-28,126.455
2017-06-27,126.89500000000001
2017-06-26,128.255
2017-06-23,127.735
2017-06-22,127.83500000000001
2017-06-21,127.565
2017-06-20,127.295
2017-06-19,126.16499999999999
2017-06-16,126.345
2017-06-15,126.11500000000001
2017-06-14,126.295
2017-06-13,124.38499999999999
2017-06-12,124.35499999999999
2017-06-09,124.375
2017-06-08,124.58500000000001
2017-06-07,124.935
2017-06-06,125.42500000000001
2017-06-05,124.82499999999999
2017-06-02,125.60499999999999
2017-06-01,124.14500000000001
2017-05-31,124.38
2017-05-30,124.07499999999999
2017-05-26,123.485
2017-05-25,123.265
2017-05-24,123.225
2017-05-23,122.535
2017-05-22,123.375
2017-05-19,123.705
2017-05-18,123.42500000000001
2017-05-17,123.285
2017-05-16,121.505
2017-05-15,121.07499999999999
2017-05-12,121.38499999999999
2017-05-11,120.475
2017-05-10,120.495
2017-05-09,120.61500000000001
2017-05-08,120.625
2017-05-05,121.305
2017-05-04,121.205
2017-05-03,121.805
2017-05-02,121.685
2017-05-01,121.08500000000001
2017-04-28,122.345
2017-04-27,122.10499999999999
2017-04-26,122.11500000000001
2017-04-25,121.475
2017-04-24,122.945
2017-04-21,123.525
2017-04-20,123.545
2017-04-19,124.015
2017-04-18,124.715
2017-04-17,123.10499999999999
2017-04-13,123.475
2017-04-12,123.095
2017-04-11,122.435
2017-04-10,121.255
2017-04-07,120.695
2017-04-06,121.195
2017-04-05,121.375
2017-04-04,121.015
2017-04-03,121.66499999999999
2017-03-31,120.725
2017-03-30,120.375
2017-03-29,121.32499999999999
2017-03-28,120.625
2017-03-27,121.405
2017-03-24,120.86500000000001
2017-03-23,120.435
2017-03-22,120.625
2017-03-21,120.14500000000001
2017-03-20,119.195
2017-03-17,118.625
2017-03-16,117.905
2017-03-15,118.495
2017-03-14,117.07499999999999
2017-03-13,116.495
2017-03-10,117.245
2017-03-09,116.85499999999999
2017-03-08,117.765
2017-03-07,118.41499999999999
2017-03-06,118.795
2017-03-03,119.345
2017-03-02,119.055
2017-03-01,119.455
2017-02-28,121.755
2017-02-27,121.275
2017-02-24,121.995
2017-02-23,120.685
2017-02-22,120.295
2017-02-21,120.095
2017-02-17,120.33500000000001
2017-02-16,119.61500000000001
2017-02-15,118.965
2017-02-14,119.515
2017-02-13,120.39500000000001
2017-02-10,120.775
2017-02-09,120.82499999999999
2017-02-08,122.225
2017-02-07,120.58500000000001
2017-02-06,119.715
2017-02-03,119.025
2017-02-02,119.055
2017-02-01,119.11500000000001
2017-01-31,120.12
2017-01-30,119.285
2017-01-27,119.60499999999999
2017-01-26,119.205
2017-01-25,118.83500000000001
2017-01-24,120.315
2017-01-23,121.13499999999999
2017-01-20,119.965
2017-01-19,120.185
2017-01-18,121.0
2017-01-17,122.595
2017-01-13,121.295
2017-01-12,121.875
2017-01-11,122.155
2017-01-10,121.735
2017-01-09,121.85
2017-01-06,120.82499999999999
2017-01-05,121.965
2017-01-04,120.10499999999999
2017-01-03,119.64500000000001
2016-12-30,119.13499999999999
2016-12-29,118.94
2016-12-28,118.505
2016-12-27,117.655
2016-12-23,118.035
2016-12-22,117.805
2016-12-21,118.32499999999999
2016-12-20,117.805
2016-12-19,118.38
2016-12-16,117.155
2016-12-15,117.405
2016-12-14,116.85
2016-12-13,118.14500000000001
2016-12-12,117.705
2016-12-09,117.525
2016-12-08,119.025
2016-12-07,120.39
2016-12-06,119.405
2016-12-05,119.485
2016-12-02,119.595
2016-12-01,118.82
2016-11-30,120.22
2016-11-29,122.14500000000001
2016-11-28,121.705
2016-11-25,120.81
2016-11-23,120.64500000000001
2016-11-22,121.095
2016-11-21,121.16499999999999
2016-11-18,120.86500000000001
2016-11-17,121.215
2016-11-16,122.985
2016-11-15,121.905
2016-11-14,121.36500000000001
2016-11-11,122.065
2016-11-10,122.735
2016-11-09,124.60499999999999
2016-11-08,130.055
2016-11-07,130.60500000000002
2016-11-04,131.735
2016-11-03,130.575
2016-11-02,131.635
2016-11-01,131.015
2016-10-31,131.235
2016-10-28,130.45499999999998
2016-10-27,130.755
2016-10-26,132.195
2016-10-25,133.025
2016-10-24,132.785
2016-10-21,133.325
2016-10-20,133.10500000000002
2016-10-19,133.005
2016-10-18,132.85500000000002
2016-10-17,132.445
2016-10-14,131.60500000000002
2016-10-13,133.425
2016-10-12,132.965
2016-10-11,132.8
2016-10-10,133.155
2016-10-07,133.945
2016-10-06,133.85500000000002
2016-10-05,134.64499999999998
2016-10-04,135.225
2016-10-03,136.81
2016-09-30,137.585
2016-09-29,138.735
2016-09-28,138.45499999999998
2016-09-27,138.7
2016-09-26,137.64499999999998
2016-09-23,136.775
2016-09-22,136.89499999999998
2016-09-21,135.85500000000002
2016-09-20,134.805
2016-09-19,134.29500000000002
2016-09-16,134.775
2016-09-15,133.66500000000002
2016-09-14,134.265
2016-09-13,134.06
2016-09-12,135.595
2016-09-09,135.525
2016-09-08,137.805
2016-09-07,139.555
2016-09-06,139.64
2016-09-02,138.60500000000002
2016-09-01,139.785
2016-08-31,139.88
2016-08-30,139.70499999999998
2016-08-29,140.245
2016-08-26,138.375
2016-08-25,139.14499999999998
2016-08-24,139.68
2016-08-23,140.005
2016-08-22,139.885
2016-08-19,138.685
2016-08-18,139.42000000000002
2016-08-17,139.245
2016-08-16,138.39499999999998
2016-08-15,138.755
2016-08-12,140.075
2016-08-11,138.915
2016-08-10,140.125
2016-08-09,139.565
2016-08-08,138.235
2016-08-05,137.975
2016-08-04,139.45499999999998
2016-08-03,138.415
2016-08-02,138.305
2016-08-01,139.805
2016-07-29,141.585
2016-07-28,140.41
2016-07-27,140.64
2016-07-26,138.93
2016-07-25,138.7
2016-07-22,138.81
2016-07-21,138.555
2016-07-20,138.285
2016-07-19,139.095
2016-07-18,138.235
2016-07-15,138.435
2016-07-14,139.60500000000002
2016-07-13,141.635
2016-07-12,140.115
2016-07-11,142.335
2016-07-08,143.585
2016-07-07,142.525
2016-07-06,142.54500000000002
2016-07-05,142.315
2016-07-01,140.595
2016-06-30,138.85
2016-06-29,138.405
2016-06-28,139.445
2016-06-27,139.185
2016-06-24,135.74
2016-06-23,132.39499999999998
2016-06-22,133.725
2016-06-21,133.565
2016-06-20,134.175
2016-06-17,135.64
2016-06-16,136.475
2016-06-15,135.785
2016-06-14,135.29500000000002
2016-06-13,135.375
2016-06-10,134.63
2016-06-09,134.155
2016-06-08,133.26
2016-06-07,132.575
2016-06-06,132.235
2016-06-03,133.215
2016-06-02,131.345
2016-06-01,130.39499999999998
2016-05-31,130.155
2016-05-27,129.835
2016-05-26,130.025
2016-05-25,129.385
2016-05-24,129.885
2016-05-23,130.435
2016-05-20,130.115
2016-05-19,130.04000000000002
2016-05-18,129.485
2016-05-17,131.265
2016-05-16,131.155
2016-05-13,132.265
2016-05-12,131.005
2016-05-11,131.60500000000002
2016-05-10,130.885
2016-05-09,130.85500000000002
2016-05-06,130.465
2016-05-05,131.04500000000002
2016-05-04,130.165
2016-05-03,129.45499999999998
2016-05-02,127.83500000000001
2016-04-29,129.41
2016-04-28,129.04500000000002
2016-04-27,128.485
2016-04-26,127.265
2016-04-25,127.845
2016-04-22,128.36
2016-04-21,128.70999999999998
2016-04-20,129.465
2016-04-19,130.935
2016-04-18,131.325
2016-04-15,131.825
2016-04-14,130.775
2016-04-13,131.39499999999998
2016-04-12,130.935
2016-04-11,131.825
2016-04-08,132.015
2016-04-07,132.845
2016-04-06,131.245
2016-04-05,132.165
2016-04-04,130.755
2016-04-01,130.675
2016-03-31,130.525
2016-03-30,129.715
2016-03-29,131.065
2016-03-28,129.695
2016-03-24,129.495
2016-03-23,129.515
2016-03-22,128.055
2016-03-21,128.065
2016-03-18,129.065
2016-03-17,128.745
2016-03-16,128.245
2016-03-15,127.845
2016-03-14,127.775
2016-03-11,127.375
2016-03-10,128.675
2016-03-09,129.175
2016-03-08,130.005
2016-03-07,128.555
2016-03-04,128.62
2016-03-03,129.445
2016-03-02,128.95499999999998
2016-03-01,128.45499999999998
2016-02-29,130.85500000000002
2016-02-26,130.42000000000002
2016-02-25,131.665
2016-02-24,131.22
2016-02-23,131.45499999999998
2016-02-22,130.89499999999998
2016-02-19,131.005
2016-02-18,130.885
2016-02-17,129.325
2016-02-16,130.16
2016-02-12,131.51
2016-02-11,133.64
2016-02-10,132.815
2016-02-09,131.655
2016-02-08,131.45499999999998
2016-02-05,128.74
2016-02-04,128.56
2016-02-03,127.935
2016-02-02,128.995
2016-02-01,126.64500000000001
2016-01-29,127.245
2016-01-28,126.245
2016-01-27,126.035
2016-01-26,126.1
2016-01-25,126.005
2016-01-22,125.35499999999999
2016-01-21,125.82499999999999
2016-01-20,126.715
2016-01-19,125.37
2016-01-15,125.75
2016-01-14,123.82
2016-01-13,124.995
2016-01-12,123.75999999999999
2016-01-11,122.00999999999999
2016-01-08,123.34
2016-01-07,122.815
2016-01-06,122.57499999999999
2016-01-05,120.94999999999999
2016-01-04,121.47999999999999
2015-12-31,120.595
2015-12-30,120.03
2015-12-29,120.18
2015-12-28,122.185
2015-12-24,121.795
2015-12-23,121.39500000000001
2015-12-22,122.33500000000001
2015-12-21,123.19
2015-12-18,123.225
2015-12-17,122.555
2015-12-16,121.17500000000001
2015-12-15,121.47
2015-12-14,122.14500000000001
2015-12-11,123.755
2015-12-10,121.82499999999999
2015-12-09,121.695
2015-12-08,121.795
2015-12-07,121.725
2015-12-04,120.60499999999999
2015-12-03,119.545
2015-12-02,122.86500000000001
2015-12-01,122.81
2015-11-30,121.455
2015-11-27,121.005
2015-11-25,121.08500000000001
2015-11-24,120.815
2015-11-23,120.82499999999999
2015-11-20,120.465
2015-11-19,120.80000000000001
2015-11-18,120.005
2015-11-17,119.755
2015-11-16,119.58500000000001
2015-11-13,119.66499999999999
2015-11-12,119.005
2015-11-11,118.435
2015-11-10,118.685
2015-11-09,118.375
2015-11-06,119.015
2015-11-05,120.795
2015-11-04,121.10499999999999
2015-11-03,120.965
2015-11-02,121.96000000000001
2015-10-30,122.75999999999999
2015-10-29,121.88
2015-10-28,123.83500000000001
2015-10-27,124.315
2015-10-26,123.995
2015-10-23,123.245
2015-10-22,124.255
2015-10-21,124.035
2015-10-20,122.805
2015-10-19,123.58500000000001
2015-10-16,123.92500000000001
2015-10-15,123.935
2015-10-14,124.455
2015-10-13,123.38499999999999
2015-10-12,123.215
2015-10-09,122.285
2015-10-08,122.005
2015-10-07,123.025
2015-10-06,123.41
2015-10-05,122.92500000000001
2015-10-02,124.535
2015-10-01,123.805
2015-09-30,123.55000000000001
2015-09-29,123.97999999999999
2015-09-28,123.60499999999999
2015-09-25,121.555
2015-09-24,122.58500000000001
2015-09-23,121.765
2015-09-22,121.75
2015-09-21,120.155
2015-09-18,122.045
2015-09-17,120.295
2015-09-16,118.805
2015-09-15,119.285
2015-09-14,121.555
2015-09-11,121.36500000000001
2015-09-10,120.64500000000001
2015-09-09,121.41
2015-09-08,120.88499999999999
2015-09-04,122.66499999999999
2015-09-03,121.555
2015-09-02,120.965
2015-09-01,121.995
2015-08-31,121.445
2015-08-28,122.28999999999999
2015-08-27,122.02000000000001
2015-08-26,121.91
2015-08-25,124.39
2015-08-24,126.375
2015-08-21,126.38499999999999
2015-08-20,126.015
2015-08-19,124.725
2015-08-18,123.535
2015-08-17,124.495
2015-08-14,123.965
2015-08-13,123.655
2015-08-12,124.07499999999999
2015-08-11,124.715
2015-08-10,122.81
2015-08-07,124.305
2015-08-06,122.685
2015-08-05,121.685
2015-08-04,122.60499999999999
2015-08-03,123.59
2015-07-31,122.56
2015-07-30,121.63499999999999
2015-07-29,120.715
2015-07-28,121.165
2015-07-27,122.055
2015-07-24,121.415
2015-07-23,121.10499999999999
2015-07-22,119.6
2015-07-21,118.87
2015-07-20,118.245
2015-07-17,118.695
2015-07-16,118.13499999999999
2015-07-15,117.275
2015-07-14,116.065
2015-07-13,115.69999999999999
2015-07-10,116.07499999999999
2015-07-09,117.94
2015-07-08,120.305
2015-07-07,119.265
2015-07-06,118.12
2015-07-02,116.07499999999999
2015-07-01,115.64
2015-06-30,117.535
2015-06-29,118.16499999999999
2015-06-26,115.25999999999999
2015-06-25,116.53
2015-06-24,116.92
2015-06-23,115.96000000000001
2015-06-22,116.69999999999999
2015-06-19,119.055
2015-06-18,117.59
2015-06-17,118.16499999999999
2015-06-16,119.055
2015-06-15,118.10499999999999
2015-06-12,117.965
2015-06-11,117.88499999999999
2015-06-10,115.53999999999999
2015-06-09,116.56
2015-06-08,117.47
2015-06-05,117.60499999999999
2015-06-04,119.005
2015-06-03,117.555
2015-06-02,119.445
2015-06-01,121.13499999999999
2015-05-29,122.72
2015-05-28,122.445
2015-05-27,122.745
2015-05-26,122.41499999999999
2015-05-22,120.38
2015-05-21,120.33500000000001
2015-05-20,118.695
2015-05-19,118.535
2015-05-18,119.595
2015-05-15,121.555
2015-05-14,119.18
2015-05-13,118.89
2015-05-12,119.81
2015-05-11,119.525
2015-05-08,122.555
2015-05-07,122.16
2015-05-06,120.58500000000001
2015-05-05,122.695
2015-05-04,122.85499999999999
2015-05-01,124.05000000000001
2015-04-30,126.025
2015-04-29,125.765
2015-04-28,127.275
2015-04-27,129.05
2015-04-24,129.065
2015-04-23,128.28500000000003
2015-04-22,127.715
2015-04-21,129.735
2015-04-20,130.305
2015-04-17,131.425
2015-04-16,129.945
2015-04-15,130.63
2015-04-14,130.695
2015-04-13,129.82
2015-04-10,129.62
2015-04-09,129.445
2015-04-08,131.07999999999998
2015-04-07,131.07
2015-04-06,130.04000000000002
2015-04-02,130.78
2015-04-01,132.14499999999998
2015-03-31,130.695
2015-03-30,130.38
2015-03-27,131.015
2015-03-26,129.495
2015-03-25,131.48000000000002
2015-03-24,132.615
2015-03-23,131.38
2015-03-20,131.53500000000003
2015-03-19,130.865
2015-03-18,131.5
2015-03-17,128.97
2015-03-16,127.92500000000001
2015-03-13,126.715
2015-03-12,127.13
2015-03-11,127.22999999999999
2015-03-10,126.275
2015-03-09,124.655
2015-03-06,123.49000000000001
2015-03-05,126.33500000000001
2015-03-04,126.57499999999999
2015-03-03,126.42500000000001
2015-03-02,126.88
2015-02-27,129.505
2015-02-26,128.465
2015-02-25,130.215
2015-02-24,129.64
2015-02-23,127.88499999999999
2015-02-20,126.59
2015-02-19,126.215
2015-02-18,126.94
2015-02-17,126.305
2015-02-13,128.155
2015-02-12,129.505
2015-02-11,129.93
2015-02-10,129.74
2015-02-09,130.79500000000002
2015-02-06,131.01
2015-02-05,133.375
2015-02-04,134.76
2015-02-03,134.57999999999998
2015-02-02,137.5
2015-01-30,138.245
2015-01-29,135.91
2015-01-28,136.735
2015-01-27,134.54500000000002
2015-01-26,134.35500000000002
2015-01-23,134.69
2015-01-22,132.925
2015-01-21,133.425
2015-01-20,134.935
2015-01-16,133.175
2015-01-15,134.90499999999997
2015-01-14,132.79000000000002
2015-01-13,131.835
2015-01-12,131.815
2015-01-09,131.095
2015-01-08,129.655
2015-01-07,131.365
2015-01-06,131.63
2015-01-05,129.305
2015-01-02,127.28
2014-12-31,125.94999999999999
2014-12-30,125.67
2014-12-29,125.39
2014-12-26,124.4
2014-12-24,123.525
2014-12-23,123.525
2014-12-22,126.12
2014-12-19,125.88
2014-12-18,124.525
2014-12-17,126.475
2014-12-16,127.57
2014-12-15,126.08500000000001
2014-12-12,126.255
2014-12-11,124.46000000000001
2014-12-10,124.12
2014-12-09,123.19
2014-12-08,122.525
2014-12-05,121.14
2014-12-04,121.765
2014-12-03,120.785
2014-12-02,120.32
2014-12-01,121.525
2014-11-28,121.67500000000001
2014-11-26,121.495
2014-11-25,121.16499999999999
2014-11-24,120.195
2014-11-21,120.11
2014-11-20,119.35499999999999
2014-11-19,118.82499999999999
2014-11-18,119.485
2014-11-17,119.245
2014-11-14,119.46000000000001
2014-11-13,118.89500000000001
2014-11-12,118.60499999999999
2014-11-11,118.755
2014-11-10,118.63
2014-11-07,119.735
2014-11-06,118.41
2014-11-05,119.205
2014-11-04,119.31
2014-11-03,118.995
2014-10-31,119.245
2014-10-30,119.555
2014-10-29,119.445
2014-10-28,119.215
2014-10-27,119.92
2014-10-24,119.71000000000001
2014-10-23,119.61
2014-10-22,120.65
2014-10-21,120.565
2014-10-20,121.505
2014-10-17,121.14500000000001
2014-10-16,121.785
2014-10-15,122.50999999999999
2014-10-14,121.525
2014-10-13,120.805
2014-10-10,120.065
2014-10-09,118.88499999999999
2014-10-08,119.38499999999999
2014-10-07,119.375
2014-10-06,117.735
2014-10-03,117.695
2014-10-02,117.215
2014-10-01,118.205
2014-09-30,116.27000000000001
2014-09-29,116.92500000000001
2014-09-26,116.015
2014-09-25,116.16499999999999
2014-09-24,114.82499999999999
2014-09-23,115.445
2014-09-22,114.69999999999999
2014-09-19,114.57
2014-09-18,113.17500000000001
2014-09-17,112.785
2014-09-16,113.11
2014-09-15,113.545
2014-09-12,113.39500000000001
2014-09-11,114.6
2014-09-10,114.975
2014-09-09,115.685
2014-09-08,115.72
2014-09-05,115.74000000000001
2014-09-04,115.985
2014-09-03,117.36
2014-09-02,116.735
2014-08-29,119.055
2014-08-28,118.965
2014-08-27,118.33
2014-08-26,117.33500000000001
2014-08-25,117.725
2014-08-22,117.31
2014-08-21,116.63499999999999
2014-08-20,115.945
2014-08-19,116.19999999999999
2014-08-18,116.525
2014-08-15,117.695
2014-08-14,116.42500000000001
2014-08-13,115.5
2014-08-12,114.765
2014-08-11,115.53
2014-08-08,115.53999999999999
2014-08-07,115.72
2014-08-06,114.685
2014-08-05,114.61
2014-08-04,114.275
2014-08-01,114.57
2014-07-31,114.015
2014-07-30,114.30000000000001
2014-07-29,115.9
2014-07-28,115.495
2014-07-25,115.655
2014-07-24,114.34
2014-07-23,115.185
2014-07-22,115.36
2014-07-21,115.095
2014-07-18,114.555
2014-07-17,114.92
2014-07-16,113.47999999999999
2014-07-15,112.87
2014-07-14,113.09
2014-07-11,113.575
2014-07-10,112.85
2014-07-09,112.85
2014-07-08,112.75
2014-07-07,111.525
2014-07-03,110.69999999999999
2014-07-02,111.08500000000001
2014-07-01,112.295
2014-06-30,113.535
2014-06-27,113.22999999999999
2014-06-26,113.39
2014-06-25,112.855
2014-06-24,112.61500000000001
2014-06-23,111.445
2014-06-20,111.77000000000001
2014-06-19,110.975
2014-06-18,112.405
2014-06-17,111.525
2014-06-16,112.425
2014-06-13,112.155
2014-06-12,112.18
2014-06-11,111.19999999999999
2014-06-10,111.03
2014-06-09,111.44
2014-06-06,111.595
2014-06-05,111.615
2014-06-04,111.53
2014-06-03,111.57499999999999
2014-06-02,112.975
2014-05-30,114.1
2014-05-29,114.14500000000001
2014-05-28,114.745
2014-05-27,113.385
2014-05-23,112.69999999999999
2014-05-22,112.105
2014-05-21,112.275
2014-05-20,112.935
2014-05-19,112.725
2014-05-16,113.53
2014-05-15,113.85
2014-05-14,112.94
2014-05-13,111.735
2014-05-12,110.815
2014-05-09,111.245
2014-05-08,111.63
2014-05-07,112.07
2014-05-06,112.485
2014-05-05,112.015
2014-05-02,112.69
2014-05-01,111.905
2014-04-30,111.075
2014-04-29,110.675
2014-04-28,110.79
2014-04-25,111.32499999999999
2014-04-24,111.14500000000001
2014-04-23,110.955
2014-04-22,110.32
2014-04-21,109.96000000000001
2014-04-17,110.06
2014-04-16,111.25
2014-04-15,111.125
2014-04-14,110.44999999999999
2014-04-11,110.715
2014-04-10,109.835
2014-04-09,108.83500000000001
2014-04-08,109.36500000000001
2014-04-07,109.12
2014-04-04,108.455
2014-04-03,107.72
2014-04-02,107.295
2014-04-01,107.875
2014-03-31,109.125
2014-03-28,109.36
2014-03-27,109.98
2014-03-26,109.415
2014-03-25,108.605
2014-03-24,109.0
2014-03-21,108.215
2014-03-20,107.08500000000001
2014-03-19,107.25999999999999
2014-03-18,108.095
2014-03-17,107.695
2014-03-14,108.515
2014-03-13,108.505
2014-03-12,107.035
2014-03-11,106.295
2014-03-10,106.03
2014-03-07,105.89500000000001
2014-03-06,106.555
2014-03-05,107.60499999999999
2014-03-04,107.42
2014-03-03,109.00999999999999
2014-02-28,108.59
2014-02-27,108.47999999999999
2014-02-26,107.905
2014-02-25,107.345
2014-02-24,106.375
2014-02-21,106.65
2014-02-20,106.15
2014-02-19,106.38
2014-02-18,106.80000000000001
2014-02-14,106.53999999999999
2014-02-13,106.53
2014-02-12,105.93
2014-02-11,106.47
2014-02-10,107.07
2014-02-07,106.785
2014-02-06,106.735
2014-02-05,107.18
2014-02-04,108.19999999999999
2014-02-03,109.31
2014-01-31,108.25
2014-01-30,107.58
2014-01-29,107.86
2014-01-28,106.995
2014-01-27,106.71
2014-01-24,107.47
2014-01-23,106.78
2014-01-22,105.315
2014-01-21,105.53999999999999
2014-01-17,105.455
2014-01-16,105.015
2014-01-15,104.35499999999999
2014-01-14,104.42
2014-01-13,104.91499999999999
2014-01-10,104.395
2014-01-09,103.18
2014-01-08,102.61
2014-01-07,102.84
2014-01-06,102.595
2014-01-03,102.18
2014-01-02,102.19999999999999
2013-12-31,101.835
2013-12-30,102.495
2013-12-27,101.80000000000001
2013-12-26,102.10499999999999
2013-12-24,102.83
2013-12-23,103.69
2013-12-20,104.22
2013-12-19,102.69
2013-12-18,102.78
2013-12-17,103.275
2013-12-16,102.86
2013-12-13,103.185
2013-12-12,102.735
2013-12-11,103.105
2013-12-10,103.875
2013-12-09,103.14
2013-12-06,102.86500000000001
2013-12-05,102.455
2013-12-04,102.735
2013-12-03,103.67500000000001
2013-12-02,103.34
2013-11-29,104.515
2013-11-27,104.42
2013-11-26,104.59
2013-11-25,104.205
2013-11-22,103.89500000000001
2013-11-21,102.935
2013-11-20,102.805
2013-11-19,104.555
2013-11-18,105.34
2013-11-15,104.715
2013-11-14,104.52000000000001
2013-11-13,103.86
2013-11-12,103.485
2013-11-11,102.995
2013-11-08,103.445
2013-11-07,105.94999999999999
2013-11-06,105.07499999999999
2013-11-05,105.00999999999999
2013-11-04,106.275
2013-11-01,106.19999999999999
2013-10-31,107.625
2013-10-30,107.41499999999999
2013-10-29,108.055
2013-10-28,107.92
2013-10-25,108.28999999999999
2013-10-24,107.89500000000001
2013-10-23,108.285
2013-10-22,107.89
2013-10-21,106.7
2013-10-18,107.03
2013-10-17,106.795
2013-10-16,105.83500000000001
2013-10-15,104.545
2013-10-14,104.63499999999999
2013-10-11,105.455
2013-10-10,105.505
2013-10-09,105.33500000000001
2013-10-08,106.16499999999999
2013-10-07,106.13
2013-10-04,105.725
2013-10-03,105.78
2013-10-02,105.955
2013-10-01,105.82499999999999
2013-09-30,106.4
2013-09-27,106.545
2013-09-26,106.315
2013-09-25,107.055
2013-09-24,106.81
2013-09-23,105.685
2013-09-20,104.95
2013-09-19,104.375
2013-09-18,104.975
2013-09-17,103.705
2013-09-16,102.86
2013-09-13,103.545
2013-09-12,103.155
2013-09-11,103.275
2013-09-10,102.405
2013-09-09,103.1
2013-09-06,103.03999999999999
2013-09-05,102.545
2013-09-04,104.03
2013-09-03,104.24000000000001
2013-08-30,105.985
2013-08-29,106.095
2013-08-28,105.275
2013-08-27,106.14
2013-08-26,104.83
2013-08-23,104.275
2013-08-22,103.16499999999999
2013-08-21,102.13499999999999
2013-08-20,103.24000000000001
2013-08-19,102.485
2013-08-16,103.405
2013-08-15,103.75
2013-08-14,105.12
2013-08-13,105.035
2013-08-12,106.515
2013-08-09,107.24
2013-08-08,107.06
2013-08-07,106.765
2013-08-06,105.975
2013-08-05,105.745
2013-08-02,106.485
2013-08-01,105.345
2013-07-31,107.685
2013-07-30,107.28999999999999
2013-07-29,107.37
2013-07-26,108.075
2013-07-25,107.515
2013-07-24,107.595
2013-07-23,108.88
2013-07-22,109.345
2013-07-19,109.13
2013-07-18,107.56
2013-07-17,108.845
2013-07-16,108.60499999999999
2013-07-15,108.245
2013-07-12,107.7
2013-07-11,107.765
2013-07-10,106.53999999999999
2013-07-09,107.4
2013-07-08,107.3
2013-07-05,106.28999999999999
2013-07-03,110.095
2013-07-02,110.38
2013-07-01,110.475
2013-06-28,110.39
2013-06-27,109.66999999999999
2013-06-26,108.525
2013-06-25,107.89
2013-06-24,108.755
2013-06-21,108.485
2013-06-20,110.255
2013-06-19,112.17
2013-06-18,113.3
2013-06-17,113.21000000000001
2013-06-14,113.835
2013-06-13,113.9
2013-06-12,112.36500000000001
2013-06-11,113.9
2013-06-10,112.67500000000001
2013-06-07,113.225
2013-06-06,115.19
2013-06-05,115.25999999999999
2013-06-04,113.765
2013-06-03,114.755
2013-05-31,114.515
2013-05-30,114.83
2013-05-29,115.11
2013-05-28,113.96000000000001
2013-05-24,116.78
2013-05-23,116.64
2013-05-22,116.12
2013-05-21,117.815
2013-05-20,116.91499999999999
2013-05-17,117.07499999999999
2013-05-16,118.555
2013-05-15,117.34
2013-05-14,116.61
2013-05-13,117.845
2013-05-10,118.71000000000001
2013-05-09,120.03
2013-05-08,120.345
2013-05-07,120.18
2013-05-06,120.61
2013-05-03,120.905
2013-05-02,123.92
2013-05-01,123.975
2013-04-30,122.985
2013-04-29,122.96000000000001
2013-04-26,123.38499999999999
2013-04-25,122.31
2013-04-24,122.75999999999999
2013-04-23,122.53999999999999
2013-04-22,122.905
2013-04-19,122.835
2013-04-18,123.075
2013-04-17,122.80000000000001
2013-04-16,121.995
2013-04-15,122.93
2013-04-12,121.91
2013-04-11,120.125
2013-04-10,119.92
2013-04-09,121.565
2013-04-08,121.87
2013-04-05,122.805
2013-04-04,120.35
2013-04-03,118.98
2013-04-02,117.945
2013-04-01,118.39
2013-03-28,117.785
2013-03-27,118.36
2013-03-26,117.355
2013-03-25,117.19
2013-03-22,117.33
2013-03-21,117.195
2013-03-20,116.08
2013-03-19,117.41
2013-03-18,116.6
2013-03-15,115.74000000000001
2013-03-14,115.21000000000001
2013-03-13,115.59
2013-03-12,115.66
2013-03-11,114.86500000000001
2013-03-08,114.755
2013-03-07,115.985
2013-03-06,116.89
2013-03-05,117.935
2013-03-04,118.305
2013-03-01,118.89500000000001
2013-02-28,118.58000000000001
2013-02-27,118.295
2013-02-26,118.63
2013-02-25,119.28999999999999
2013-02-22,117.03
2013-02-21,116.91
2013-02-20,116.25999999999999
2013-02-19,115.91499999999999
2013-02-15,116.47
2013-02-14,116.85
2013-02-13,115.81
2013-02-12,116.715
2013-02-11,117.055
2013-02-08,117.12
2013-02-07,116.675
2013-02-06,116.94
2013-02-05,116.025
2013-02-04,117.035
2013-02-01,115.59
2013-01-31,117.27000000000001
2013-01-30,116.77000000000001
2013-01-29,116.99
2013-01-28,117.62
2013-01-25,118.035
2013-01-24,119.68
2013-01-23,120.09
2013-01-22,120.265
2013-01-18,120.045
2013-01-17,119.14500000000001
2013-01-16,120.38
2013-01-15,120.05
2013-01-14,119.58500000000001
2013-01-11,119.83
2013-01-10,118.785
2013-01-09,119.105
2013-01-08,119.185
2013-01-07,118.42500000000001
2013-01-04,118.42
2013-01-03,117.975
2013-01-02,119.525
2012-12-31,121.08500000000001
2012-12-28,123.32499999999999
2012-12-27,122.6
2012-12-26,122.195
2012-12-24,122.015
2012-12-21,122.21000000000001
2012-12-20,120.965
2012-12-19,120.935
2012-12-18,120.53999999999999
2012-12-17,121.79499999999999
2012-12-14,123.55
2012-12-13,122.63499999999999
2012-12-12,122.59
2012-12-11,124.03999999999999
2012-12-10,124.99000000000001
2012-12-07,124.45
2012-12-06,125.54499999999999
2012-12-05,125.32
2012-12-04,125.365
2012-12-03,124.705
2012-11-30,124.805
2012-11-29,125.10499999999999
2012-11-28,125.12
2012-11-27,125.245
2012-11-26,124.765
2012-11-23,124.195
2012-11-21,124.31
2012-11-20,124.41499999999999
2012-11-19,125.66999999999999
2012-11-16,126.41
2012-11-15,126.42500000000001
2012-11-14,126.67500000000001
2012-11-13,126.605
2012-11-12,126.22999999999999
2012-11-09,125.965
2012-11-08,125.82
2012-11-07,124.005
2012-11-06,121.88
2012-11-05,122.935
2012-11-02,122.25
2012-11-01,122.345
2012-10-31,123.395
2012-10-26,122.585
2012-10-25,120.885
2012-10-24,121.52000000000001
2012-10-23,122.685
2012-10-22,121.015
2012-10-19,121.70500000000001
2012-10-18,120.1
2012-10-17,120.82
2012-10-16,122.025
2012-10-15,123.70500000000001
2012-10-12,124.0
2012-10-11,123.635
2012-10-10,122.78999999999999
2012-10-09,121.975
2012-10-08,121.975
2012-10-05,121.41
2012-10-04,122.695
2012-10-03,124.19999999999999
2012-10-02,124.02
2012-10-01,124.38
2012-09-28,124.215
2012-09-27,124.04499999999999
2012-09-26,125.125
2012-09-25,123.6
2012-09-24,122.555
2012-09-21,120.215
2012-09-20,121.555
2012-09-19,121.25
2012-09-18,120.17500000000001
2012-09-17,119.66
2012-09-14,118.445
2012-09-13,121.78999999999999
2012-09-12,121.995
2012-09-11,123.505
2012-09-10,124.475
2012-09-07,124.095
2012-09-06,124.655
2012-09-05,126.605
2012-09-04,127.005
2012-08-31,127.78999999999999
2012-08-30,125.85
2012-08-29,125.41
2012-08-28,125.82499999999999
2012-08-27,125.455
2012-08-24,124.66499999999999
2012-08-23,124.88499999999999
2012-08-22,124.39500000000001
2012-08-21,122.375
2012-08-20,121.835
2012-08-17,121.45500000000001
2012-08-16,121.065
2012-08-15,121.92
2012-08-14,123.73
2012-08-13,125.52
2012-08-10,125.65
2012-08-09,124.985
2012-08-08,125.10499999999999
2012-08-07,125.785
2012-08-06,127.31
2012-08-03,127.495
2012-08-02,129.635
2012-08-01,128.58
2012-07-31,129.88
2012-07-30,129.405
2012-07-27,128.23
2012-07-26,130.95499999999998
2012-07-25,132.15
2012-07-24,132.095
2012-07-23,130.79000000000002
2012-07-20,130.025
2012-07-19,128.495
2012-07-18,128.82999999999998
2012-07-17,128.66
2012-07-16,129.71499999999997
2012-07-13,129.245
2012-07-12,129.45
2012-07-11,128.37
2012-07-10,128.45
2012-07-09,128.055
2012-07-06,127.055
2012-07-05,125.86500000000001
2012-07-03,125.185
2012-07-02,126.31
2012-06-29,125.215
2012-06-28,126.785
2012-06-27,126.515
2012-06-26,126.375
2012-06-25,126.92500000000001
2012-06-22,125.105
2012-06-21,126.655
2012-06-20,125.70500000000001
2012-06-19,125.46000000000001
2012-06-18,127.155
2012-06-15,126.39500000000001
2012-06-14,125.25999999999999
2012-06-13,125.885
2012-06-12,124.59
2012-06-11,126.015
2012-06-08,125.105
2012-06-07,125.055
2012-06-06,125.35
2012-06-05,127.6
2012-06-04,129.225
2012-06-01,130.23000000000002
2012-05-31,127.82499999999999
2012-05-30,126.21000000000001
2012-05-29,123.03999999999999
2012-05-25,123.965
2012-05-24,122.55000000000001
2012-05-23,123.84
2012-05-22,122.53
2012-05-21,123.89
2012-05-18,124.13
2012-05-17,124.34
2012-05-16,121.975
2012-05-15,121.55
2012-05-14,121.34
2012-05-11,119.61000000000001
2012-05-10,118.58
2012-05-09,118.965
2012-05-08,118.8
2012-05-07,118.27000000000001
2012-05-04,118.1
2012-05-03,117.00999999999999
2012-05-02,117.115
2012-05-01,116.44
2012-04-30,117.31
2012-04-27,117.28
2012-04-26,117.17500000000001
2012-04-25,116.525
2012-04-24,116.97
2012-04-23,117.83
2012-04-20,117.13499999999999
2012-04-19,117.015
2012-04-18,116.99000000000001
2012-04-17,116.645
2012-04-16,116.78
2012-04-13,116.89
2012-04-12,115.1
2012-04-11,115.535
2012-04-10,116.82
2012-04-09,115.43
2012-04-05,112.825
2012-04-04,112.13
2012-04-03,110.74000000000001
2012-04-02,112.665
2012-03-30,112.60499999999999
2012-03-29,114.16999999999999
2012-03-28,113.14500000000001
2012-03-27,113.485
2012-03-26,112.48
2012-03-23,113.23
2012-03-22,112.08
2012-03-21,111.80000000000001
2012-03-20,110.655
2012-03-19,110.035
2012-03-16,111.345
2012-03-15,111.225
2012-03-14,111.285
2012-03-13,113.965
2012-03-12,115.86500000000001
2012-03-09,115.805
2012-03-08,115.74000000000001
2012-03-07,116.87
2012-03-06,117.72
2012-03-05,116.3
2012-03-02,117.155
2012-03-01,116.165
2012-02-29,117.735
2012-02-28,118.08500000000001
2012-02-27,118.60499999999999
2012-02-24,117.495
2012-02-23,116.935
2012-02-22,116.63
2012-02-21,115.245
2012-02-17,116.58500000000001
2012-02-16,116.625
2012-02-15,117.635
2012-02-14,117.79499999999999
2012-02-13,116.96000000000001
2012-02-10,116.74
2012-02-09,115.63
2012-02-08,116.285
2012-02-07,116.25
2012-02-06,117.33
2012-02-03,116.75999999999999
2012-02-02,119.13499999999999
2012-02-01,119.375
2012-01-31,120.83500000000001
2012-01-30,119.42
2012-01-27,118.31
2012-01-26,117.565
2012-01-25,116.09
2012-01-24,116.205
2012-01-23,116.435
2012-01-20,117.085
2012-01-19,118.275
2012-01-18,120.03999999999999
2012-01-17,121.245
2012-01-13,120.975
2012-01-12,119.66499999999999
2012-01-11,119.78
2012-01-10,118.58500000000001
2012-01-09,118.48
2012-01-06,118.69
2012-01-05,117.655
2012-01-04,118.29499999999999
2012-01-03,119.28
2011-12-30,121.32
2011-12-29,121.005
2011-12-28,120.695
2011-12-27,118.36
2011-12-23,118.25999999999999
2011-12-22,119.72
2011-12-21,119.25
2011-12-20,120.83500000000001
2011-12-19,123.81
2011-12-16,122.4
2011-12-15,120.975
2011-12-14,121.16499999999999
2011-12-13,119.14
2011-12-12,117.985
2011-12-09,116.83
2011-12-08,119.13499999999999
2011-12-07,117.795
2011-12-06,117.25999999999999
2011-12-05,118.5
2011-12-02,118.315
2011-12-01,117.17
2011-11-30,117.955
2011-11-29,120.14
2011-11-28,120.65
2011-11-25,120.955
2011-11-23,122.58
2011-11-22,121.62
2011-11-21,120.18
2011-11-18,119.285
2011-11-17,119.46000000000001
2011-11-16,118.28
2011-11-15,117.345
2011-11-14,117.435
2011-11-11,115.71000000000001
2011-11-10,116.32
2011-11-09,118.03
2011-11-08,115.78
2011-11-07,117.055
2011-11-04,116.405
2011-11-03,116.065
2011-11-02,118.305
2011-11-01,118.485
2011-10-31,116.005
2011-10-28,111.225
2011-10-27,110.16499999999999
2011-10-26,114.3
2011-10-25,116.1
2011-10-24,113.315
2011-10-21,113.42
2011-10-20,115.185
2011-10-19,115.125
2011-10-18,115.245
2011-10-17,116.00999999999999
2011-10-14,113.725
2011-10-13,115.47
2011-10-12,114.505
2011-10-11,116.58500000000001
2011-10-10,116.76
2011-10-07,118.015
2011-10-06,119.295
2011-10-05,121.42
2011-10-04,122.565
2011-10-03,124.39
2011-09-30,120.445
2011-09-29,117.59
2011-09-28,117.09
2011-09-27,117.11
2011-09-26,118.88
2011-09-23,120.91
2011-09-22,123.075
2011-09-21,118.74000000000001
2011-09-20,114.735
2011-09-19,114.235
2011-09-16,112.47
2011-09-15,111.625
2011-09-14,113.14500000000001
2011-09-13,112.24000000000001
2011-09-12,113.655
2011-09-09,113.71000000000001
2011-09-08,112.74
2011-09-07,111.54
2011-09-06,113.265
2011-09-02,112.59
2011-09-01,108.965
2011-08-31,107.185
2011-08-30,108.79499999999999
2011-08-29,107.31
2011-08-26,108.405
2011-08-25,107.225
2011-08-24,106.36
2011-08-23,109.275
2011-08-22,110.535
2011-08-19,111.395
2011-08-18,110.535
2011-08-17,108.09
2011-08-16,106.14
2011-08-15,104.36500000000001
2011-08-12,105.285
2011-08-11,104.02000000000001
2011-08-10,108.725
2011-08-09,105.975
2011-08-08,105.765
2011-08-05,102.4
2011-08-04,105.485
2011-08-03,101.555
2011-08-02,101.4
2011-08-01,98.505
2011-07-29,98.23500000000001
2011-07-28,96.03
2011-07-27,95.63
2011-07-26,95.73
2011-07-25,95.13499999999999
2011-07-22,96.0
2011-07-21,95.21000000000001
2011-07-20,96.045
2011-07-19,97.17
2011-07-18,95.265
2011-07-15,96.12
2011-07-14,95.97999999999999
2011-07-13,97.215
2011-07-12,97.235
2011-07-11,96.63
2011-07-08,95.475
2011-07-07,94.12
2011-07-06,94.225
2011-07-05,93.97999999999999
2011-07-01,93.675
2011-06-30,94.185
2011-06-29,94.125
2011-06-28,94.92500000000001
2011-06-27,95.585
2011-06-24,97.13
2011-06-23,97.465
2011-06-22,96.5
2011-06-21,96.66499999999999
2011-06-20,96.985
2011-06-17,96.74000000000001
2011-06-16,97.375
2011-06-15,96.75999999999999
2011-06-14,95.12
2011-06-13,96.85
2011-06-10,97.06
2011-06-09,96.715
2011-06-08,96.72
2011-06-07,95.85499999999999
2011-06-06,95.695
2011-06-03,96.505
2011-06-02,95.88499999999999
2011-06-01,97.545
2011-05-31,96.665
2011-05-27,96.485
2011-05-26,96.19
2011-05-25,95.74
2011-05-24,96.115
2011-05-23,95.815
2011-05-20,95.32
2011-05-19,95.245
2011-05-18,95.22999999999999
2011-05-17,96.455
2011-05-16,95.625
2011-05-13,95.09
2011-05-12,94.25
2011-05-11,94.95
2011-05-10,94.24
2011-05-09,94.84
2011-05-06,95.19
2011-05-05,95.445
2011-05-04,94.58
2011-05-03,94.125
2011-05-02,93.67500000000001
2011-04-29,93.72999999999999
2011-04-28,93.565
2011-04-27,92.885
2011-04-26,93.845
2011-04-25,92.915
2011-04-21,92.58000000000001
2011-04-20,92.62
2011-04-19,93.17
2011-04-18,92.815
2011-04-15,92.64
2011-04-14,91.62
2011-04-13,91.425
2011-04-12,90.95
2011-04-11,89.905
2011-04-08,89.95500000000001
2011-04-07,90.325
2011-04-06,90.63499999999999
2011-04-05,91.86
2011-04-04,92.30000000000001
2011-04-01,92.17
2011-03-31,92.195
2011-03-30,92.245
2011-03-29,91.62
2011-03-28,92.32
2011-03-25,92.305
2011-03-24,92.50999999999999
2011-03-23,93.1
2011-03-22,93.19
2011-03-21,92.945
2011-03-18,93.38
2011-03-17,93.125
2011-03-16,94.16
2011-03-15,92.97
2011-03-14,91.53999999999999
2011-03-11,91.45
2011-03-10,92.125
2011-03-09,90.57499999999999
2011-03-08,89.77
2011-03-07,90.28999999999999
2011-03-04,90.595
2011-03-03,90.22
2011-03-02,91.065
2011-03-01,92.23
2011-02-28,92.35
2011-02-25,92.275
2011-02-24,91.65
2011-02-23,91.09
2011-02-22,90.765
2011-02-18,89.5
2011-02-17,89.66
2011-02-16,89.57
2011-02-15,89.815
2011-02-14,89.64500000000001
2011-02-11,89.36
2011-02-10,88.445
2011-02-09,89.2
2011-02-08,88.44
2011-02-07,89.275
2011-02-04,88.905
2011-02-03,89.76
2011-02-02,90.43
2011-02-01,90.6
2011-01-31,91.39
2011-01-28,92.0
2011-01-27,91.43
2011-01-26,91.12
2011-01-25,92.53999999999999
2011-01-24,91.565
2011-01-21,91.41999999999999
2011-01-20,90.715
2011-01-19,91.98
2011-01-18,91.36
2011-01-14,91.80000000000001
2011-01-13,92.29499999999999
2011-01-12,91.745
2011-01-11,92.37
2011-01-10,92.79499999999999
2011-01-07,92.39500000000001
2011-01-06,91.9
2011-01-05,91.55
2011-01-04,93.36500000000001
2011-01-03,93.535
2010-12-31,94.07
2010-12-30,93.18
2010-12-29,93.08
2010-12-28,91.50999999999999
2010-12-27,93.86
2010-12-23,93.015
2010-12-22,93.05
2010-12-21,93.525
2010-12-20,93.155
2010-12-17,93.13
2010-12-16,91.685
2010-12-15,90.84
2010-12-14,92.055
2010-12-13,93.50999999999999
2010-12-10,93.23500000000001
2010-12-09,93.685
2010-12-08,92.955
2010-12-07,94.2
2010-12-06,96.225
2010-12-03,95.05
2010-12-02,95.785
2010-12-01,96.07
2010-11-30,98.53999999999999
2010-11-29,97.94999999999999
2010-11-26,96.625
2010-11-24,95.83
2010-11-23,97.18
2010-11-22,97.045
2010-11-19,96.39
2010-11-18,95.795
2010-11-17,95.735
2010-11-16,95.96000000000001
2010-11-15,93.83500000000001
2010-11-12,95.755
2010-11-11,96.235
2010-11-10,96.435
2010-11-09,96.30000000000001
2010-11-08,98.47
2010-11-05,98.19999999999999
2010-11-04,99.235
2010-11-03,99.215
2010-11-02,100.975
2010-11-01,99.785
2010-10-29,100.485
2010-10-28,99.36500000000001
2010-10-27,99.24
2010-10-26,100.205
2010-10-25,101.685
2010-10-22,101.23500000000001
2010-10-21,100.845
2010-10-20,101.92
2010-10-19,101.61500000000001
2010-10-18,100.87
2010-10-15,100.315
2010-10-14,101.45
2010-10-13,103.08
2010-10-12,103.155
2010-10-11,104.19
2010-10-08,104.535
2010-10-07,104.815
2010-10-06,105.61
2010-10-05,104.265
2010-10-04,104.84
2010-10-01,104.655
2010-09-30,105.565
2010-09-29,105.61
2010-09-28,106.045
2010-09-27,104.955
2010-09-24,103.65
2010-09-23,104.705
2010-09-22,104.525
2010-09-21,103.70500000000001
2010-09-20,102.255
2010-09-17,101.695
2010-09-16,101.345
2010-09-15,102.22
2010-09-14,103.67
2010-09-13,102.6
2010-09-10,102.32499999999999
2010-09-09,102.855
2010-09-08,104.75999999999999
2010-09-07,105.71000000000001
2010-09-03,103.725
2010-09-02,104.86
2010-09-01,106.015
2010-08-31,108.495
2010-08-30,107.49000000000001
2010-08-27,105.515
2010-08-26,108.47
2010-08-25,107.56
2010-08-24,107.77000000000001
2010-08-23,105.99
2010-08-20,106.02000000000001
2010-08-19,106.205
2010-08-18,104.6
2010-08-17,104.18
2010-08-16,104.91499999999999
2010-08-13,102.42500000000001
2010-08-12,100.99
2010-08-11,101.235
2010-08-10,99.905
2010-08-09,99.64
2010-08-06,100.05
2010-08-05,99.16999999999999
2010-08-04,98.555
2010-08-03,99.265
2010-08-02,98.715
2010-07-30,100.44
2010-07-29,98.95
2010-07-28,98.875
2010-07-27,98.69
2010-07-26,99.715
2010-07-23,99.775
2010-07-22,100.88499999999999
2010-07-21,101.785
2010-07-20,100.28999999999999
2010-07-19,100.31
2010-07-16,100.82499999999999
2010-07-15,100.215
2010-07-14,99.32499999999999
2010-07-13,98.13
2010-07-12,98.975
2010-07-09,99.345
2010-07-08,99.605
2010-07-07,100.44999999999999
2010-07-06,101.57
2010-07-02,100.72999999999999
2010-07-01,101.475
2010-06-30,101.78
2010-06-29,101.05
2010-06-28,99.965
2010-06-25,99.28
2010-06-24,98.57499999999999
2010-06-23,99.05000000000001
2010-06-22,98.53
2010-06-21,97.43
2010-06-18,97.71000000000001
2010-06-17,97.96000000000001
2010-06-16,97.05000000000001
2010-06-15,96.455
2010-06-14,96.965
2010-06-11,97.535
2010-06-10,96.15
2010-06-09,98.125
2010-06-08,98.05
2010-06-07,98.62
2010-06-04,97.77
2010-06-03,95.32499999999999
2010-06-02,95.91
2010-06-01,96.855
2010-05-28,96.53
2010-05-27,96.07
2010-05-26,98.36500000000001
2010-05-25,98.85499999999999
2010-05-24,98.38
2010-05-21,98.38499999999999
2010-05-20,98.41
2010-05-19,96.17
2010-05-18,96.22
2010-05-17,94.47999999999999
2010-05-14,94.67
2010-05-13,93.39
2010-05-12,92.61500000000001
2010-05-11,93.47
2010-05-10,93.545
2010-05-07,95.655
2010-05-06,96.625
2010-05-05,93.785
2010-05-04,93.215
2010-05-03,91.785
2010-04-30,92.13
2010-04-29,91.13
2010-04-28,90.64
2010-04-27,91.345
2010-04-26,90.1
2010-04-23,90.14
2010-04-22,90.475
2010-04-21,90.69999999999999
2010-04-20,89.92
2010-04-19,89.675
2010-04-16,89.91
2010-04-15,89.36
2010-04-14,89.08
2010-04-13,89.67
2010-04-12,89.51
2010-04-09,88.96000000000001
2010-04-08,88.775
2010-04-07,88.755
2010-04-06,87.57
2010-04-05,87.485
2010-04-01,88.83
2010-03-31,89.405
2010-03-30,88.945
2010-03-29,88.675
2010-03-26,89.015
2010-03-25,88.745
2010-03-24,89.225
2010-03-23,90.91999999999999
2010-03-22,91.38
2010-03-19,91.27
2010-03-18,91.13499999999999
2010-03-17,91.355
2010-03-16,91.00999999999999
2010-03-15,90.495
2010-03-12,90.5
2010-03-11,89.925
2010-03-10,89.6
2010-03-09,89.815
2010-03-08,89.68
2010-03-05,90.235
2010-03-04,91.405
2010-03-03,91.07
2010-03-02,91.24000000000001
2010-03-01,91.41
2010-02-26,91.715
2010-02-25,91.215
2010-02-24,90.53999999999999
2010-02-23,90.435
2010-02-22,89.08000000000001
2010-02-19,89.41999999999999
2010-02-18,88.965
2010-02-17,89.39
2010-02-16,90.365
2010-02-12,90.21000000000001
2010-02-11,89.93
2010-02-10,90.38499999999999
2010-02-09,91.275
2010-02-08,92.18
2010-02-05,91.86
2010-02-04,91.53999999999999
2010-02-03,90.405
2010-02-02,91.455
2010-02-01,91.16
2010-01-29,92.4
2010-01-28,91.64
2010-01-27,91.42500000000001
2010-01-26,91.63
2010-01-25,91.555
2010-01-22,91.97
2010-01-21,92.155
2010-01-20,91.64
2010-01-19,90.845
2010-01-15,91.08000000000001
2010-01-14,90.275
2010-01-13,89.325
2010-01-12,90.38499999999999
2010-01-11,88.995
2010-01-08,89.13
2010-01-07,89.33500000000001
2010-01-06,89.195
2010-01-05,90.375
2010-01-04,89.865
2009-12-31,89.995
2009-12-30,90.355
2009-12-29,89.825
2009-12-28,89.41499999999999
2009-12-24,89.83
2009-12-23,90.61500000000001
2009-12-22,90.64500000000001
2009-12-21,91.27
2009-12-18,92.74000000000001
2009-12-17,93.145
2009-12-16,91.63
2009-12-15,91.685
2009-12-14,92.125
2009-12-11,91.91
2009-12-10,92.225
2009-12-09,93.155
2009-12-08,93.635
2009-12-07,93.445
2009-12-04,93.25
2009-12-03,94.33500000000001
2009-12-02,95.41499999999999
2009-12-01,95.18
2009-11-30,96.465
2009-11-27,96.565
2009-11-25,96.1
2009-11-24,95.64500000000001
2009-11-23,95.13
2009-11-20,94.97999999999999
2009-11-19,95.37
2009-11-18,94.93
2009-11-17,95.46000000000001
2009-11-16,94.97999999999999
2009-11-13,94.05000000000001
2009-11-12,93.48
2009-11-11,93.56
2009-11-10,93.185
2009-11-09,93.38499999999999
2009-11-06,93.38
2009-11-05,93.16999999999999
2009-11-04,93.37
2009-11-03,94.11
2009-11-02,94.975
2009-10-30,95.825
2009-10-29,94.245
2009-10-28,95.455
2009-10-27,95.1
2009-10-26,93.82
2009-10-23,94.96
2009-10-22,95.43
2009-10-21,96.09
2009-10-20,96.745
2009-10-19,96.035
2009-10-16,95.335
2009-10-15,94.68
2009-10-14,95.11000000000001
2009-10-13,96.36500000000001
2009-10-12,95.84
2009-10-09,95.83500000000001
2009-10-08,97.975
2009-10-07,99.235
2009-10-06,98.21000000000001
2009-10-05,98.94999999999999
2009-10-02,99.025
2009-10-01,99.61
2009-09-30,98.595
2009-09-29,98.945
2009-09-28,98.87
2009-09-25,97.91499999999999
2009-09-24,96.77
2009-09-23,96.46000000000001
2009-09-22,96.35
2009-09-21,95.815
2009-09-18,95.85499999999999
2009-09-17,96.715
2009-09-16,95.34
2009-09-15,95.32499999999999
2009-09-14,95.825
2009-09-11,96.63499999999999
2009-09-10,96.28999999999999
2009-09-09,94.375
2009-09-08,94.56
2009-09-04,95.625
2009-09-03,96.75999999999999
2009-09-02,97.28999999999999
2009-09-01,96.125
2009-08-31,96.645
2009-08-28,96.065
2009-08-27,95.94
2009-08-26,96.425
2009-08-25,95.84
2009-08-24,95.37
2009-08-21,93.9
2009-08-20,95.56
2009-08-19,94.8
2009-08-18,94.11
2009-08-17,94.58
2009-08-14,93.255
2009-08-13,93.025
2009-08-12,91.60499999999999
2009-08-11,92.77000000000001
2009-08-10,91.725
2009-08-07,90.39
2009-08-06,91.32499999999999
2009-08-05,91.095
2009-08-04,92.325
2009-08-03,92.925
2009-07-31,94.83
2009-07-30,93.08
2009-07-29,91.94
2009-07-28,91.275
2009-07-27,90.27000000000001
2009-07-24,91.345
2009-07-23,91.275
2009-07-22,92.685
2009-07-21,93.455
2009-07-20,91.74000000000001
2009-07-17,91.62
2009-07-16,92.64
2009-07-15,91.875
2009-07-14,93.785
2009-07-13,95.635
2009-07-10,95.83500000000001
2009-07-09,95.015
2009-07-08,96.47
2009-07-07,94.69
2009-07-06,94.58500000000001
2009-07-02,94.32499999999999
2009-07-01,93.975
2009-06-30,94.5
2009-06-29,95.29499999999999
2009-06-26,94.33
2009-06-25,94.45
2009-06-24,92.86500000000001
2009-06-23,93.78999999999999
2009-06-22,92.695
2009-06-19,91.645
2009-06-18,90.375
2009-06-17,91.86500000000001
2009-06-16,92.33
2009-06-15,90.86500000000001
2009-06-12,89.91
2009-06-11,89.1
2009-06-10,88.25
2009-06-09,89.58500000000001
2009-06-08,89.785
2009-06-05,89.77
2009-06-04,90.745
2009-06-03,92.455
2009-06-02,91.72
2009-06-01,91.14500000000001
2009-05-29,94.03999999999999
2009-05-28,91.685
2009-05-27,90.435
2009-05-26,92.205
2009-05-22,93.615
2009-05-21,94.60499999999999
2009-05-20,96.985
2009-05-19,96.02
2009-05-18,96.41
2009-05-15,97.77000000000001
2009-05-14,98.03
2009-05-13,97.84
2009-05-12,96.75
2009-05-11,96.41499999999999
2009-05-08,95.11
2009-05-07,95.575
2009-05-06,97.25999999999999
2009-05-05,97.65
2009-05-04,97.41499999999999
2009-05-01,97.205
2009-04-30,98.1
2009-04-29,98.61
2009-04-28,99.315
2009-04-27,101.205
2009-04-24,100.41
2009-04-23,101.62
2009-04-22,101.555
2009-04-21,102.43
2009-04-20,103.17
2009-04-17,103.065
2009-04-16,102.0
2009-04-15,103.62
2009-04-14,102.93
2009-04-13,103.255
2009-04-09,102.34
2009-04-08,103.80000000000001
2009-04-07,102.97
2009-04-06,102.96000000000001
2009-04-03,103.05000000000001
2009-04-02,106.125
2009-04-01,106.45
2009-03-31,106.145
2009-03-30,106.0
2009-03-27,104.08
2009-03-26,102.905
2009-03-25,103.91499999999999
2009-03-24,104.005
2009-03-23,103.895
2009-03-20,103.965
2009-03-19,107.15
2009-03-18,105.0
2009-03-17,100.96000000000001
2009-03-16,100.91999999999999
2009-03-13,102.57
2009-03-12,103.32
2009-03-11,103.89
2009-03-10,108.185
2009-03-09,108.75999999999999
2009-03-06,109.645
2009-03-05,109.75
2009-03-04,102.07
2009-03-03,102.94999999999999
2009-03-02,103.595
2009-02-27,101.09
2009-02-26,103.93
2009-02-25,103.61
2009-02-24,106.0
2009-02-23,104.71000000000001
2009-02-20,103.99000000000001
2009-02-19,102.55
2009-02-18,104.44
2009-02-17,105.47999999999999
2009-02-13,101.52000000000001
2009-02-12,104.625
2009-02-11,106.27000000000001
2009-02-10,105.1
2009-02-09,102.35
2009-02-06,102.05000000000001
2009-02-05,103.175
2009-02-04,102.66
2009-02-03,102.83
2009-02-02,105.36
2009-01-30,103.505
2009-01-29,103.63499999999999
2009-01-28,106.64500000000001
2009-01-27,109.88
2009-01-26,107.13499999999999
2009-01-23,107.4
2009-01-22,108.1
2009-01-21,110.6
2009-01-20,113.725
2009-01-16,114.38
2009-01-15,116.09
2009-01-14,115.89
2009-01-13,112.875
2009-01-12,113.75
2009-01-09,112.595
2009-01-08,112.425
2009-01-07,111.85
2009-01-06,111.945
2009-01-05,113.10499999999999
2009-01-02,116.625
2008-12-31,119.57
2008-12-30,121.6
2008-12-29,121.0
2008-12-26,121.3
2008-12-24,121.045
2008-12-23,121.2
2008-12-22,121.15
2008-12-19,121.425
2008-12-18,122.225
2008-12-17,119.96000000000001
2008-12-16,116.7
2008-12-15,113.03999999999999
2008-12-12,111.985
2008-12-11,112.06
2008-12-10,111.47999999999999
2008-12-09,112.82499999999999
2008-12-08,110.53
2008-12-05,110.89500000000001
2008-12-04,112.215
2008-12-03,110.81
2008-12-02,110.005
2008-12-01,109.44999999999999
2008-11-28,105.92
2008-11-26,104.565
2008-11-25,104.055
2008-11-24,100.875
2008-11-21,103.435
2008-11-20,105.2
2008-11-19,
2008-11-18,96.88499999999999
2008-11-17,
2008-11-14,95.44
2008-11-13,93.53
2008-11-12,95.785
2008-11-11,93.905
2008-11-10,95.21000000000001
2008-11-07,93.99000000000001
2008-11-06,94.395
2008-11-05,99.815
2008-11-04,94.41499999999999
2008-11-03,92.72
2008-10-31,93.05
2008-10-30,93.86
2008-10-29,94.9
2008-10-28,97.105
2008-10-27,96.925
2008-10-24,96.995
2008-10-23,97.0
2008-10-22,97.25
2008-10-21,
2008-10-20,94.21000000000001
2008-10-17,93.975
2008-10-16,94.235
2008-10-15,94.94999999999999
2008-10-14,94.035
2008-10-13,94.58
2008-10-10,95.35
2008-10-09,97.25
2008-10-08,97.24000000000001
2008-10-07,99.155
2008-10-06,99.02000000000001
2008-10-03,97.245
2008-10-02,96.04
2008-10-01,95.53
2008-09-30,96.225
2008-09-29,
2008-09-26,94.27000000000001
2008-09-25,94.565
2008-09-24,94.225
2008-09-23,93.215
2008-09-22,93.765
2008-09-19,93.91
2008-09-18,97.805
2008-09-17,98.345
2008-09-16,97.455
2008-09-15,98.53999999999999
2008-09-12,94.68
2008-09-11,96.345
2008-09-10,95.945
2008-09-09,96.69999999999999
2008-09-08,95.685
2008-09-05,94.51
2008-09-04,96.235
2008-09-03,94.755
2008-09-02,95.525
2008-08-29,93.81
2008-08-28,93.945
2008-08-27,94.0
2008-08-26,94.215
2008-08-25,94.225
2008-08-22,93.75999999999999
2008-08-21,92.85
2008-08-20,93.275
2008-08-19,93.09
2008-08-18,93.325
2008-08-15,93.1
2008-08-14,92.07
2008-08-13,91.59
2008-08-12,92.94
2008-08-11,90.955
2008-08-08,91.94
2008-08-07,91.6
2008-08-06,90.18
2008-08-05,91.795
2008-08-04,92.64
2008-08-01,91.12
2008-07-31,91.63
2008-07-30,91.00999999999999
2008-07-29,90.705
2008-07-28,91.405
2008-07-25,90.12
2008-07-24,91.105
2008-07-23,90.345
2008-07-22,90.61500000000001
2008-07-21,90.96000000000001
2008-07-18,90.215
2008-07-17,90.91499999999999
2008-07-16,91.45
2008-07-15,93.11
2008-07-14,93.11500000000001
2008-07-11,92.27000000000001
2008-07-10,93.53999999999999
2008-07-09,93.565
2008-07-08,92.83500000000001
2008-07-07,92.69
2008-07-03,92.095
2008-07-02,92.67500000000001
2008-07-01,91.765
2008-06-30,92.49000000000001
2008-06-27,91.805
2008-06-26,91.12
2008-06-25,90.47999999999999
2008-06-24,90.75
2008-06-23,89.63
2008-06-20,89.55
2008-06-19,89.795
2008-06-18,89.7
2008-06-17,89.45
2008-06-16,88.30000000000001
2008-06-13,88.89500000000001
2008-06-12,89.66499999999999
2008-06-11,90.04499999999999
2008-06-10,90.58
2008-06-09,90.31
2008-06-06,90.67
2008-06-05,89.62
2008-06-04,90.065
2008-06-03,91.07
2008-06-02,90.37
2008-05-30,90.5
2008-05-29,89.525
2008-05-28,90.35499999999999
2008-05-27,91.19
2008-05-23,91.61
2008-05-22,91.175
2008-05-21,92.39500000000001
2008-05-20,92.36
2008-05-19,92.05000000000001
2008-05-16,91.98
2008-05-15,92.12
2008-05-14,91.41
2008-05-13,91.655
2008-05-12,92.465
2008-05-09,92.425
2008-05-08,92.185
2008-05-07,91.35499999999999
2008-05-06,90.61
2008-05-05,91.855
2008-05-02,91.71000000000001
2008-05-01,93.16
2008-04-30,93.025
2008-04-29,92.25
2008-04-28,92.16499999999999
2008-04-25,91.815
2008-04-24,92.63
2008-04-23,93.065
2008-04-22,93.475
2008-04-21,93.075
2008-04-18,92.675
2008-04-17,92.77
2008-04-16,93.12
2008-04-15,93.84
2008-04-14,94.725
2008-04-11,95.595
2008-04-10,95.055
2008-04-09,95.275
2008-04-08,94.32
2008-04-07,94.69999999999999
2008-04-04,95.35
2008-04-03,94.25
2008-04-02,93.97
2008-04-01,93.93
2008-03-31,95.925
2008-03-28,95.555
2008-03-27,94.54499999999999
2008-03-26,95.61
2008-03-25,95.675
2008-03-24,95.495
2008-03-20,97.15
2008-03-19,96.94999999999999
2008-03-18,95.26499999999999
2008-03-17,95.66
2008-03-14,94.92
2008-03-13,93.86
2008-03-12,94.295
2008-03-11,92.735
2008-03-10,93.53999999999999
2008-03-07,92.255
2008-03-06,92.10499999999999
2008-03-05,91.725
2008-03-04,92.86500000000001
2008-03-03,93.79499999999999
2008-02-29,93.945
2008-02-28,92.86500000000001
2008-02-27,91.18
2008-02-26,91.095
2008-02-25,91.13499999999999
2008-02-22,92.435
2008-02-21,92.19999999999999
2008-02-20,91.19
2008-02-19,90.87
2008-02-15,91.92500000000001
2008-02-14,90.995
2008-02-13,92.61
2008-02-12,93.495
2008-02-11,94.05
2008-02-08,93.735
2008-02-07,92.47
2008-02-06,94.625
2008-02-05,94.965
2008-02-04,94.21000000000001
2008-02-01,95.14
2008-01-31,95.02
2008-01-30,94.225
2008-01-29,94.75
2008-01-28,95.58500000000001
2008-01-25,95.83500000000001
2008-01-24,94.09
2008-01-23,97.0
2008-01-22,96.59
2008-01-18,95.645
2008-01-17,96.45
2008-01-16,94.765
2008-01-15,95.705
2008-01-14,94.56
2008-01-11,94.58500000000001
2008-01-10,93.75
2008-01-09,94.735
2008-01-08,94.80000000000001
2008-01-07,94.00999999999999
2008-01-04,94.435
2008-01-03,94.25
2008-01-02,94.36
2007-12-31,93.015
2007-12-28,92.71000000000001
2007-12-27,91.15
2007-12-26,90.49000000000001
2007-12-24,91.4
2007-12-21,91.58500000000001
2007-12-20,93.07
2007-12-19,93.09
2007-12-18,91.91
2007-12-17,91.13499999999999
2007-12-14,90.525
2007-12-13,90.87
2007-12-12,91.7
2007-12-11,92.885
2007-12-10,92.75999999999999
2007-12-07,91.735
2007-12-06,93.96000000000001
2007-12-05,93.565
2007-12-04,94.71000000000001
2007-12-03,94.63499999999999
2007-11-30,94.33
2007-11-29,94.965
2007-11-28,94.27000000000001
2007-11-27,94.675
2007-11-26,95.99000000000001
2007-11-23,93.34
2007-11-21,93.175
2007-11-20,93.13499999999999
2007-11-19,92.97999999999999
2007-11-16,92.41
2007-11-15,92.455
2007-11-14,91.505
2007-11-13,91.265
2007-11-12,91.66999999999999
2007-11-09,91.02
2007-11-08,90.63
2007-11-07,90.63499999999999
2007-11-06,90.51
2007-11-05,90.92
2007-11-02,91.265
2007-11-01,89.99000000000001
2007-10-31,89.97999999999999
2007-10-30,90.55
2007-10-29,90.75
2007-10-26,90.39
2007-10-25,90.45
2007-10-24,91.115
2007-10-23,90.32
2007-10-22,90.425
2007-10-19,90.25
2007-10-18,89.10499999999999
2007-10-17,88.65
2007-10-16,87.88499999999999
2007-10-15,87.42500000000001
2007-10-12,87.635
2007-10-11,88.025
2007-10-10,88.455
2007-10-09,88.1
2007-10-08,88.225
2007-10-05,88.05
2007-10-04,89.305
2007-10-03,88.775
2007-10-02,89.1
2007-10-01,88.71000000000001
2007-09-28,88.735
2007-09-27,88.49000000000001
2007-09-26,87.74
2007-09-25,87.94
2007-09-24,88.045
2007-09-21,88.0
2007-09-20,87.08500000000001
2007-09-19,88.92
2007-09-18,89.645
2007-09-17,90.16
2007-09-14,89.91
2007-09-13,89.86
2007-09-12,90.61
2007-09-11,90.7
2007-09-10,91.03
2007-09-07,90.195
2007-09-06,88.83
2007-09-05,89.25
2007-09-04,88.565
2007-08-31,88.735
2007-08-30,88.57499999999999
2007-08-29,88.215
2007-08-28,88.505
2007-08-27,88.14
2007-08-24,87.88
2007-08-23,87.41999999999999
2007-08-22,87.06
2007-08-21,87.08
2007-08-20,86.905
2007-08-17,86.61
2007-08-16,87.105
2007-08-15,86.545
2007-08-14,86.59
2007-08-13,86.36
2007-08-10,86.005
2007-08-09,86.19999999999999
2007-08-08,86.14
2007-08-07,86.84
2007-08-06,87.3
2007-08-03,87.315
2007-08-02,87.33500000000001
2007-08-01,87.19
2007-07-31,87.655
2007-07-30,87.025
2007-07-27,87.235
2007-07-26,87.09
2007-07-25,86.34
2007-07-24,86.13
2007-07-23,85.875
2007-07-20,85.925
2007-07-19,85.275
2007-07-18,85.185
2007-07-17,84.86
2007-07-16,85.045
2007-07-13,84.36
2007-07-12,84.045
2007-07-11,84.25
2007-07-10,85.14
2007-07-09,83.8
2007-07-06,83.465
2007-07-05,83.785
2007-07-03,83.785
2007-07-02,85.28
2007-06-29,85.215
2007-06-28,84.34
2007-06-27,84.34
2007-06-26,84.22999999999999
2007-06-25,84.225
2007-06-22,83.57499999999999
2007-06-21,83.25
2007-06-20,83.655
2007-06-19,84.285
2007-06-18,83.32499999999999
2007-06-15,83.715
2007-06-14,83.3
2007-06-13,83.315
2007-06-12,82.35
2007-06-11,83.53999999999999
2007-06-08,83.94999999999999
2007-06-07,83.85499999999999
2007-06-06,85.4
2007-06-05,85.68
2007-06-04,85.975
2007-06-01,85.595
2007-05-31,86.43
2007-05-30,86.53
2007-05-29,86.315
2007-05-25,86.31
2007-05-24,86.585
2007-05-23,86.465
2007-05-22,86.725
2007-05-21,87.205
2007-05-18,86.955
2007-05-17,87.485
2007-05-16,87.905
2007-05-15,87.905
2007-05-14,87.96000000000001
2007-05-11,88.19
2007-05-10,88.465
2007-05-09,88.345
2007-05-08,88.68
2007-05-07,88.83500000000001
2007-05-04,88.57
2007-05-03,88.21000000000001
2007-05-02,88.435
2007-05-01,88.445
2007-04-30,88.735
2007-04-27,87.845
2007-04-26,87.93
2007-04-25,88.47
2007-04-24,88.87
2007-04-23,88.44
2007-04-20,88.21000000000001
2007-04-19,88.36500000000001
2007-04-18,88.505
2007-04-17,88.095
2007-04-16,87.61
2007-04-13,87.13
2007-04-12,87.375
2007-04-11,87.33500000000001
2007-04-10,87.93
2007-04-09,87.185
2007-04-05,87.43
2007-04-04,88.315
2007-04-03,87.935
2007-04-02,88.065
2007-03-30,88.33500000000001
2007-03-29,88.41499999999999
2007-03-28,88.50999999999999
2007-03-27,88.695
2007-03-26,88.88
2007-03-23,88.93
2007-03-22,89.01
2007-03-21,89.81
2007-03-20,89.70500000000001
2007-03-19,89.83500000000001
2007-03-16,89.87
2007-03-15,89.86
2007-03-14,89.535
2007-03-13,90.39500000000001
2007-03-12,89.0
2007-03-09,89.42
2007-03-08,90.22
2007-03-07,90.46000000000001
2007-03-06,90.08500000000001
2007-03-05,90.33
2007-03-02,90.225
2007-03-01,89.765
2007-02-28,90.15
2007-02-27,90.61
2007-02-26,89.39
2007-02-23,88.82
2007-02-22,88.21
2007-02-21,88.65
2007-02-20,88.83
2007-02-16,88.41
2007-02-15,88.37
2007-02-14,87.925
2007-02-13,87.245
2007-02-12,87.43
2007-02-09,87.595
2007-02-08,88.12
2007-02-07,88.07
2007-02-06,87.78
2007-02-05,87.25
2007-02-02,87.13
2007-02-01,87.07
2007-01-31,87.57
2007-01-30,86.81
2007-01-29,86.72
2007-01-26,86.88
2007-01-25,86.95500000000001
2007-01-24,87.6
2007-01-23,87.62
2007-01-22,88.21
2007-01-19,88.015
2007-01-18,88.215
2007-01-17,87.905
2007-01-16,87.95
2007-01-12,88.02
2007-01-11,88.47
2007-01-10,88.975
2007-01-09,89.37
2007-01-08,89.32
2007-01-05,88.93
2007-01-04,89.60499999999999
2007-01-03,89.05
