DATE,VEA
2007-07-26,
2007-07-27,
2007-07-30,
2007-07-31,
2007-08-01,
2007-08-02,
2007-08-03,
2007-08-06,
2007-08-07,
2007-08-08,
2007-08-09,
2007-08-10,
2007-08-13,
2007-08-14,
2007-08-15,
2007-08-16,
2007-08-17,
2007-08-20,
2007-08-21,
2007-08-22,
2007-08-23,
2007-08-24,
2007-08-27,
2007-08-28,
2007-08-29,
2007-08-30,
2007-08-31,
2007-09-04,
2007-09-05,
2007-09-06,
2007-09-07,
2007-09-10,
2007-09-11,
2007-09-12,
2007-09-13,
2007-09-14,
2007-09-17,
2007-09-18,
2007-09-19,
2007-09-20,
2007-09-21,
2007-09-24,
2007-09-25,
2007-09-26,
2007-09-27,
2007-09-28,
2007-10-01,
2007-10-02,
2007-10-03,
2007-10-04,
2007-10-05,
2007-10-08,
2007-10-09,
2007-10-10,
2007-10-11,52.255
2007-10-12,
2007-10-15,
2007-10-16,
2007-10-17,
2007-10-18,
2007-10-19,
2007-10-22,
2007-10-23,
2007-10-24,
2007-10-25,
2007-10-26,
2007-10-29,52.255
2007-10-30,52.255
2007-10-31,
2007-11-01,
2007-11-02,
2007-11-05,
2007-11-06,
2007-11-07,
2007-11-08,
2007-11-09,
2007-11-12,
2007-11-13,
2007-11-14,
2007-11-15,
2007-11-16,
2007-11-19,
2007-11-20,
2007-11-21,
2007-11-26,
2007-11-27,
2007-11-28,
2007-11-29,50.14
2007-11-30,
2007-12-03,
2007-12-04,
2007-12-05,
2007-12-06,50.965
2007-12-07,50.79
2007-12-10,
2007-12-11,
2007-12-12,50.995000000000005
2007-12-13,
2007-12-14,48.655
2007-12-17,47.37
2007-12-18,
2007-12-19,
2007-12-20,48.05
2007-12-21,48.025000000000006
2007-12-24,47.5
2007-12-26,
2007-12-27,
2007-12-28,48.480000000000004
2007-12-31,
2008-01-02,46.565
2008-01-03,
2008-01-04,
2008-01-07,
2008-01-08,
2008-01-09,
2008-01-10,
2008-01-11,
2008-01-14,46.625
2008-01-15,
2008-01-16,46.894999999999996
2008-01-17,43.485
2008-01-18,43.665000000000006
2008-01-22,42.629999999999995
2008-01-23,42.055
2008-01-24,42.555
2008-01-25,41.335
2008-01-28,
2008-01-29,45.254999999999995
2008-01-30,44.17
2008-01-31,
2008-02-01,45.17
2008-02-04,44.845
2008-02-05,
2008-02-06,44.68
2008-02-07,43.01
2008-02-08,42.775
2008-02-11,42.915
2008-02-12,42.705
2008-02-13,43.135
2008-02-14,43.595
2008-02-15,43.959999999999994
2008-02-19,43.555
2008-02-20,
2008-02-21,44.269999999999996
2008-02-22,
2008-02-25,
2008-02-26,45.575
2008-02-27,45.585
2008-02-28,45.055
2008-02-29,44.31
2008-03-03,44.705
2008-03-04,43.71
2008-03-05,44.165
2008-03-06,43.465
2008-03-07,44.364999999999995
2008-03-10,
2008-03-11,43.614999999999995
2008-03-12,43.64
2008-03-13,
2008-03-14,
2008-03-17,42.13
2008-03-18,
2008-03-19,41.2
2008-03-20,
2008-03-24,42.370000000000005
2008-03-25,44.075
2008-03-26,
2008-03-27,44.480000000000004
2008-03-28,44.91
2008-03-31,43.64
2008-04-01,44.975
2008-04-02,46.015
2008-04-03,45.555
2008-04-04,46.230000000000004
2008-04-07,46.285
2008-04-08,
2008-04-09,45.275
2008-04-10,46.72
2008-04-11,
2008-04-14,46.135
2008-04-15,
2008-04-16,
2008-04-17,50.815
2008-04-18,48.32
2008-04-21,
2008-04-22,45.995000000000005
2008-04-23,46.405
2008-04-24,46.105000000000004
2008-04-25,46.46
2008-04-28,46.44
2008-04-29,52.665
2008-04-30,48.34
2008-05-01,50.845
2008-05-02,53.085
2008-05-05,
2008-05-06,
2008-05-07,47.355000000000004
2008-05-08,46.99
2008-05-09,46.915000000000006
2008-05-12,47.035
2008-05-13,56.015
2008-05-14,47.135000000000005
2008-05-15,
2008-05-16,
2008-05-19,48.335
2008-05-20,47.53
2008-05-21,48.92
2008-05-22,47.585
2008-05-23,47.135000000000005
2008-05-27,47.17
2008-05-28,47.17
2008-05-29,47.92
2008-05-30,47.92
2008-06-02,47.92
2008-06-03,46.89
2008-06-04,47.64
2008-06-05,46.82
2008-06-06,45.84
2008-06-09,45.715
2008-06-10,45.05
2008-06-11,44.51
2008-06-12,44.105000000000004
2008-06-13,44.675
2008-06-16,44.36
2008-06-17,45.695
2008-06-18,45.5
2008-06-19,44.305
2008-06-20,43.355000000000004
2008-06-23,43.695
2008-06-24,42.95
2008-06-25,43.96
2008-06-26,42.535
2008-06-27,42.655
2008-06-30,42.975
2008-07-01,42.385000000000005
2008-07-02,42.040000000000006
2008-07-07,41.724999999999994
2008-07-08,41.32
2008-07-09,42.285
2008-07-10,42.71
2008-07-11,
2008-07-14,41.32
2008-07-15,
2008-07-16,40.5
2008-07-17,30.745
2008-07-18,30.835
2008-07-21,
2008-07-22,
2008-07-23,42.635000000000005
2008-07-24,
2008-07-25,41.635000000000005
2008-07-28,41.505
2008-07-29,40.915
2008-07-30,
2008-07-31,41.815
2008-08-01,40.894999999999996
2008-08-04,40.725
2008-08-05,30.635
2008-08-06,
2008-08-07,40.45
2008-08-08,40.965
2008-08-11,41.24
2008-08-12,40.86
2008-08-13,39.965
2008-08-14,39.815
2008-08-15,
2008-08-18,39.625
2008-08-19,38.635
2008-08-20,39.05
2008-08-21,39.17
2008-08-22,
2008-08-25,39.31
2008-08-26,38.94
2008-08-27,39.285
2008-08-28,39.88
2008-08-29,39.715
2008-09-02,39.15
2008-09-03,39.0
2008-09-04,37.379999999999995
2008-09-05,37.230000000000004
2008-09-08,
2008-09-09,
2008-09-10,34.47
2008-09-11,
2008-09-12,37.599999999999994
2008-09-15,35.955
2008-09-16,35.74
2008-09-17,35.8
2008-09-18,36.355000000000004
2008-09-19,41.135000000000005
2008-09-22,37.78
2008-09-23,37.08
2008-09-24,38.114999999999995
2008-09-25,37.75
2008-09-26,37.129999999999995
2008-09-29,33.5
2008-09-30,35.125
2008-10-01,35.1
2008-10-02,33.61
2008-10-03,33.315
2008-10-06,31.33
2008-10-07,30.14
2008-10-08,28.735
2008-10-09,28.29
2008-10-10,27.17
2008-10-13,30.295
2008-10-14,31.07
2008-10-15,25.065
2008-10-16,
2008-10-17,
2008-10-20,29.0
2008-10-21,28.29
2008-10-22,25.525
2008-10-23,
2008-10-24,
2008-10-27,
2008-10-28,26.745
2008-10-29,26.415
2008-10-30,28.545
2008-10-31,28.175
2008-11-03,27.73
2008-11-04,
2008-11-05,28.740000000000002
2008-11-06,26.759999999999998
2008-11-07,27.810000000000002
2008-11-10,27.77
2008-11-11,
2008-11-12,25.22
2008-11-13,27.105
2008-11-14,25.805
2008-11-17,25.93
2008-11-18,25.695
2008-11-19,24.455
2008-11-20,22.6
2008-11-21,23.689999999999998
2008-11-24,
2008-11-25,26.665
2008-11-26,26.61
2008-11-28,
2008-12-01,24.060000000000002
2008-12-02,
2008-12-03,25.415
2008-12-04,25.205
2008-12-05,24.8
2008-12-08,25.945
2008-12-09,26.055
2008-12-10,38.045
2008-12-11,26.575000000000003
2008-12-12,27.384999999999998
2008-12-15,26.9
2008-12-16,28.439999999999998
2008-12-17,28.38
2008-12-18,27.345
2008-12-19,
2008-12-22,27.585
2008-12-23,26.845
2008-12-24,
2008-12-26,
2008-12-29,26.6
2008-12-30,27.04
2008-12-31,27.83
2009-01-02,
2009-01-05,27.245
2009-01-06,
2009-01-07,
2009-01-08,27.435000000000002
2009-01-09,
2009-01-12,26.119999999999997
2009-01-13,
2009-01-14,24.58
2009-01-15,24.835
2009-01-16,24.92
2009-01-20,23.27
2009-01-21,24.845
2009-01-22,23.564999999999998
2009-01-23,23.505000000000003
2009-01-26,23.845
2009-01-27,24.21
2009-01-28,24.955
2009-01-29,23.975
2009-01-30,23.615000000000002
2009-02-02,23.385
2009-02-03,24.104999999999997
2009-02-04,23.990000000000002
2009-02-05,24.355
2009-02-06,24.905
2009-02-09,24.98
2009-02-10,23.655
2009-02-11,23.875
2009-02-12,23.825
2009-02-13,23.66
2009-02-17,22.335
2009-02-18,20.92
2009-02-19,22.295
2009-02-20,23.725
2009-02-23,23.32
2009-02-24,22.22
2009-02-25,22.5
2009-02-26,21.375
2009-02-27,21.525
2009-03-02,20.240000000000002
2009-03-03,20.095
2009-03-04,20.72
2009-03-05,20.325
2009-03-06,22.72
2009-03-09,19.225
2009-03-10,
2009-03-11,20.985
2009-03-12,21.31
2009-03-13,21.365000000000002
2009-03-16,21.615000000000002
2009-03-17,22.11
2009-03-18,22.82
2009-03-19,22.810000000000002
2009-03-20,22.479999999999997
2009-03-23,24.060000000000002
2009-03-24,23.450000000000003
2009-03-25,23.47
2009-03-26,24.065
2009-03-27,23.285
2009-03-30,22.67
2009-03-31,23.165
2009-04-01,23.65
2009-04-02,25.03
2009-04-03,25.195
2009-04-06,24.435000000000002
2009-04-07,23.855
2009-04-08,24.015
2009-04-09,24.91
2009-04-13,25.07
2009-04-14,24.86
2009-04-15,25.14
2009-04-16,25.17
2009-04-17,25.105
2009-04-20,24.630000000000003
2009-04-21,24.615000000000002
2009-04-22,24.42
2009-04-23,25.07
2009-04-24,25.52
2009-04-27,25.11
2009-04-28,24.995
2009-04-29,25.64
2009-04-30,25.810000000000002
2009-05-01,25.965
2009-05-04,27.034999999999997
2009-05-05,26.89
2009-05-06,
2009-05-07,27.240000000000002
2009-05-08,28.395
2009-05-11,28.02
2009-05-12,
2009-05-13,
2009-05-14,
2009-05-15,
2009-05-18,
2009-05-19,29.095
2009-05-20,28.345
2009-05-21,
2009-05-22,28.0
2009-05-26,28.84
2009-05-27,28.61
2009-05-28,28.525
2009-05-29,29.585
2009-06-01,29.85
2009-06-02,30.27
2009-06-03,29.064999999999998
2009-06-04,29.4
2009-06-05,
2009-06-08,29.05
2009-06-09,
2009-06-10,
2009-06-11,30.33
2009-06-12,
2009-06-15,28.799999999999997
2009-06-16,28.175
2009-06-17,28.52
2009-06-18,28.545
2009-06-19,28.655
2009-06-22,27.605
2009-06-23,27.945
2009-06-24,28.445
2009-06-25,28.66
2009-06-26,28.66
2009-06-29,29.205
2009-06-30,29.07
2009-07-01,29.299999999999997
2009-07-02,28.645
2009-07-06,28.195
2009-07-07,27.915
2009-07-08,27.675
2009-07-09,28.64
2009-07-10,28.52
2009-07-13,28.22
2009-07-14,28.814999999999998
2009-07-15,29.275
2009-07-16,29.31
2009-07-17,29.41
2009-07-20,30.11
2009-07-21,
2009-07-22,30.4
2009-07-23,30.96
2009-07-24,30.89
2009-07-27,30.770000000000003
2009-07-28,30.95
2009-07-29,30.68
2009-07-30,31.509999999999998
2009-07-31,31.29
2009-08-03,33.215
2009-08-04,32.47
2009-08-05,32.32
2009-08-06,31.92
2009-08-07,32.325
2009-08-10,32.565
2009-08-11,31.994999999999997
2009-08-12,32.23
2009-08-13,32.620000000000005
2009-08-14,32.504999999999995
2009-08-17,31.22
2009-08-18,32.480000000000004
2009-08-19,32.71
2009-08-20,32.415
2009-08-21,32.815
2009-08-24,32.93
2009-08-25,33.144999999999996
2009-08-26,33.58
2009-08-27,34.015
2009-08-28,34.045
2009-08-31,33.015
2009-09-01,33.06
2009-09-02,33.08
2009-09-03,32.39
2009-09-04,33.730000000000004
2009-09-08,33.620000000000005
2009-09-09,34.095
2009-09-10,34.3
2009-09-11,34.015
2009-09-14,34.18
2009-09-15,34.295
2009-09-16,34.955
2009-09-17,34.83
2009-09-18,35.004999999999995
2009-09-21,34.51
2009-09-22,35.129999999999995
2009-09-23,34.615
2009-09-24,34.975
2009-09-25,34.835
2009-09-28,34.519999999999996
2009-09-29,34.474999999999994
2009-09-30,34.575
2009-10-01,33.3
2009-10-02,33.745000000000005
2009-10-05,33.54
2009-10-06,35.019999999999996
2009-10-07,34.185
2009-10-08,36.144999999999996
2009-10-09,34.625
2009-10-12,34.785
2009-10-13,34.565
2009-10-14,35.625
2009-10-15,36.615
2009-10-16,
2009-10-19,35.81
2009-10-20,35.65
2009-10-21,35.365
2009-10-22,35.86
2009-10-23,35.269999999999996
2009-10-26,34.705
2009-10-27,34.53
2009-10-28,33.565
2009-10-29,35.365
2009-10-30,33.39
2009-11-02,34.38
2009-11-03,34.07
2009-11-04,35.715
2009-11-05,34.445
2009-11-06,34.685
2009-11-09,35.474999999999994
2009-11-10,35.335
2009-11-11,37.035
2009-11-12,36.455
2009-11-13,
2009-11-16,35.935
2009-11-17,35.66
2009-11-18,35.635
2009-11-19,34.86
2009-11-20,34.72
2009-11-23,35.255
2009-11-24,35.31
2009-11-25,35.58
2009-11-27,32.94
2009-11-30,34.905
2009-12-01,35.605000000000004
2009-12-02,36.115
2009-12-03,35.540000000000006
2009-12-04,36.235
2009-12-07,35.345
2009-12-08,34.775
2009-12-09,35.785
2009-12-10,35.84
2009-12-11,34.87
2009-12-14,35.99
2009-12-15,34.765
2009-12-16,35.125
2009-12-17,34.615
2009-12-18,35.625
2009-12-21,35.71
2009-12-22,34.765
2009-12-23,35.62
2009-12-24,34.83
2009-12-28,34.760000000000005
2009-12-29,35.235
2009-12-30,34.735
2009-12-31,35.18
2010-01-04,35.185
2010-01-05,35.205
2010-01-06,34.879999999999995
2010-01-07,35.085
2010-01-08,34.905
2010-01-11,35.605
2010-01-12,35.400000000000006
2010-01-13,35.644999999999996
2010-01-14,35.83
2010-01-15,35.315
2010-01-19,36.144999999999996
2010-01-20,34.755
2010-01-21,33.81
2010-01-22,33.379999999999995
2010-01-25,33.835
2010-01-26,33.76
2010-01-27,33.785
2010-01-28,33.010000000000005
2010-01-29,32.335
2010-02-01,33.09
2010-02-02,33.59
2010-02-03,33.305
2010-02-04,31.965
2010-02-05,31.605
2010-02-08,31.315
2010-02-09,32.28
2010-02-10,32.065
2010-02-11,32.33
2010-02-12,32.0
2010-02-16,32.644999999999996
2010-02-17,32.775
2010-02-18,32.855000000000004
2010-02-19,32.754999999999995
2010-02-22,32.835
2010-02-23,32.415000000000006
2010-02-24,32.565
2010-02-25,32.39
2010-02-26,33.085
2010-03-01,32.7
2010-03-02,33.075
2010-03-03,33.505
2010-03-04,33.459999999999994
2010-03-05,34.105
2010-03-08,33.93
2010-03-09,34.120000000000005
2010-03-10,34.15
2010-03-11,34.18
2010-03-12,34.75
2010-03-15,34.215
2010-03-16,34.64
2010-03-17,34.785
2010-03-18,34.655
2010-03-19,34.14
2010-03-22,34.34
2010-03-23,34.61
2010-03-24,34.035
2010-03-25,34.015
2010-03-26,34.235
2010-03-29,34.629999999999995
2010-03-30,34.53
2010-03-31,34.644999999999996
2010-04-01,35.19
2010-04-05,35.165
2010-04-06,35.135
2010-04-07,34.86
2010-04-08,35.1
2010-04-09,35.365
2010-04-12,35.455
2010-04-13,35.425
2010-04-14,35.864999999999995
2010-04-15,35.75
2010-04-16,35.165
2010-04-19,35.785
2010-04-20,35.49
2010-04-21,34.955
2010-04-22,34.65
2010-04-23,34.925
2010-04-26,35.055
2010-04-27,33.625
2010-04-28,33.885000000000005
2010-04-29,34.230000000000004
2010-04-30,33.82
2010-05-03,33.925
2010-05-04,32.625
2010-05-05,31.994999999999997
2010-05-06,31.24
2010-05-07,30.465
2010-05-10,32.349999999999994
2010-05-11,31.84
2010-05-12,32.35
2010-05-13,31.875
2010-05-14,30.94
2010-05-17,30.924999999999997
2010-05-18,30.310000000000002
2010-05-19,30.48
2010-05-20,29.4
2010-05-21,29.924999999999997
2010-05-24,29.275
2010-05-25,29.23
2010-05-26,28.689999999999998
2010-05-27,30.405
2010-05-28,29.755000000000003
2010-06-01,35.135000000000005
2010-06-02,30.28
2010-06-03,30.32
2010-06-04,28.97
2010-06-07,28.57
2010-06-08,28.89
2010-06-09,28.945
2010-06-10,30.09
2010-06-11,30.08
2010-06-14,30.42
2010-06-15,31.240000000000002
2010-06-16,31.095
2010-06-17,31.765
2010-06-18,31.779999999999998
2010-06-21,31.665
2010-06-22,30.905
2010-06-23,31.115000000000002
2010-06-24,30.905
2010-06-25,30.814999999999998
2010-06-28,30.555
2010-06-29,29.450000000000003
2010-06-30,29.16
2010-07-01,29.585
2010-07-02,29.195
2010-07-06,30.29
2010-07-07,31.275
2010-07-08,31.465
2010-07-09,32.345
2010-07-12,31.655
2010-07-13,32.28
2010-07-14,32.055
2010-07-15,32.6
2010-07-16,31.305
2010-07-19,31.314999999999998
2010-07-20,31.685000000000002
2010-07-21,31.02
2010-07-22,32.045
2010-07-23,32.459999999999994
2010-07-26,32.665
2010-07-27,32.885
2010-07-28,32.51
2010-07-29,32.745000000000005
2010-07-30,32.635000000000005
2010-08-02,33.730000000000004
2010-08-03,34.595
2010-08-04,33.775000000000006
2010-08-05,33.705
2010-08-06,33.725
2010-08-09,33.730000000000004
2010-08-10,33.625
2010-08-11,31.845
2010-08-12,32.025
2010-08-13,31.905
2010-08-16,32.11
2010-08-17,32.535
2010-08-18,32.355000000000004
2010-08-19,32.004999999999995
2010-08-20,31.7
2010-08-23,31.65
2010-08-24,31.19
2010-08-25,31.22
2010-08-26,31.16
2010-08-27,31.849999999999998
2010-08-30,31.185000000000002
2010-08-31,31.635
2010-09-01,32.585
2010-09-02,32.745000000000005
2010-09-03,33.42
2010-09-07,32.56
2010-09-08,32.855
2010-09-09,33.155
2010-09-10,33.269999999999996
2010-09-13,33.825
2010-09-14,34.065
2010-09-15,34.11
2010-09-16,34.015
2010-09-17,33.695
2010-09-20,34.32
2010-09-21,34.29
2010-09-22,34.285
2010-09-23,33.91
2010-09-24,34.83
2010-09-27,34.66
2010-09-28,34.900000000000006
2010-09-29,34.82
2010-09-30,34.51
2010-10-01,34.885
2010-10-04,34.375
2010-10-05,35.41
2010-10-06,35.595
2010-10-07,35.605000000000004
2010-10-08,35.83
2010-10-11,35.68
2010-10-12,35.685
2010-10-13,36.095
2010-10-14,36.335
2010-10-15,36.33
2010-10-18,35.51
2010-10-19,35.515
2010-10-20,36.175
2010-10-21,36.010000000000005
2010-10-22,36.085
2010-10-25,36.175
2010-10-26,35.93
2010-10-27,35.635000000000005
2010-10-28,35.94
2010-10-29,35.64
2010-11-01,35.75
2010-11-02,36.370000000000005
2010-11-03,36.57
2010-11-04,37.480000000000004
2010-11-05,36.83
2010-11-08,37.105000000000004
2010-11-09,36.695
2010-11-10,36.815
2010-11-11,36.625
2010-11-12,36.235
2010-11-15,36.215
2010-11-16,35.43
2010-11-17,35.585
2010-11-18,36.405
2010-11-19,39.480000000000004
2010-11-22,
2010-11-23,36.644999999999996
2010-11-24,35.415
2010-11-26,35.815
2010-11-29,35.155
2010-11-30,34.695
2010-12-01,35.2
2010-12-02,35.87
2010-12-03,36.245000000000005
2010-12-06,36.09
2010-12-07,36.09
2010-12-08,36.195
2010-12-09,36.254999999999995
2010-12-10,36.260000000000005
2010-12-13,36.879999999999995
2010-12-14,37.195
2010-12-15,36.864999999999995
2010-12-16,36.730000000000004
2010-12-17,36.28
2010-12-20,36.475
2010-12-21,36.685
2010-12-22,35.84
2010-12-23,35.835
2010-12-27,35.725
2010-12-28,35.775
2010-12-29,36.155
2010-12-30,35.965
2010-12-31,36.285
2011-01-03,36.425
2011-01-04,36.6
2011-01-05,36.155
2011-01-06,35.805
2011-01-07,35.665
2011-01-10,35.605000000000004
2011-01-11,35.855000000000004
2011-01-12,36.595
2011-01-13,36.724999999999994
2011-01-14,36.93
2011-01-18,37.3
2011-01-19,36.945
2011-01-20,36.875
2011-01-21,36.865
2011-01-24,37.42
2011-01-25,38.635
2011-01-26,37.355000000000004
2011-01-27,37.44
2011-01-28,36.65
2011-01-31,36.945
2011-02-01,38.165000000000006
2011-02-02,38.1
2011-02-03,38.205
2011-02-04,38.09
2011-02-07,38.285
2011-02-08,38.084999999999994
2011-02-09,38.010000000000005
2011-02-10,37.61
2011-02-11,37.705
2011-02-14,37.5
2011-02-15,37.8
2011-02-16,38.165
2011-02-17,38.345
2011-02-18,38.445
2011-02-22,37.535
2011-02-23,37.405
2011-02-24,37.415
2011-02-25,37.885000000000005
2011-02-28,38.245000000000005
2011-03-01,37.7
2011-03-02,37.885
2011-03-03,38.2
2011-03-04,38.0
2011-03-07,37.644999999999996
2011-03-08,37.805
2011-03-09,37.724999999999994
2011-03-10,36.835
2011-03-11,36.894999999999996
2011-03-14,36.2
2011-03-15,35.43
2011-03-16,34.36
2011-03-17,35.44499999999999
2011-03-18,36.01
2011-03-21,36.894999999999996
2011-03-22,36.775
2011-03-23,36.85
2011-03-24,37.30500000000001
2011-03-25,36.925
2011-03-28,36.84
2011-03-29,36.915
2011-03-30,37.485
2011-03-31,37.355000000000004
2011-04-01,37.665
2011-04-04,37.665
2011-04-05,37.665
2011-04-06,37.87
2011-04-07,37.755
2011-04-08,38.144999999999996
2011-04-11,38.400000000000006
2011-04-12,37.95
2011-04-13,38.135
2011-04-14,37.655
2011-04-15,37.855000000000004
2011-04-18,37.345
2011-04-19,37.405
2011-04-20,38.61
2011-04-21,38.835
2011-04-25,38.790000000000006
2011-04-26,39.105000000000004
2011-04-27,39.485
2011-04-28,39.785
2011-04-29,41.3
2011-05-02,39.86
2011-05-03,39.540000000000006
2011-05-04,38.905
2011-05-05,38.605000000000004
2011-05-06,38.230000000000004
2011-05-09,38.515
2011-05-10,38.725
2011-05-11,38.28
2011-05-12,38.45
2011-05-13,37.615
2011-05-16,37.85
2011-05-17,37.905
2011-05-18,38.01
2011-05-19,38.425
2011-05-20,37.685
2011-05-23,37.025000000000006
2011-05-24,37.26
2011-05-25,37.225
2011-05-26,37.745000000000005
2011-05-27,37.849999999999994
2011-05-31,38.79
2011-06-01,38.285
2011-06-02,37.815
2011-06-03,38.205
2011-06-06,37.795
2011-06-07,37.825
2011-06-08,37.625
2011-06-09,37.92
2011-06-10,37.7
2011-06-13,37.07
2011-06-14,37.765
2011-06-15,36.44
2011-06-16,36.375
2011-06-17,36.72
2011-06-20,36.735
2011-06-21,36.965
2011-06-22,36.935
2011-06-23,36.325
2011-06-24,36.175
2011-06-27,36.675
2011-06-28,37.115
2011-06-29,37.629999999999995
2011-06-30,38.41
2011-07-01,38.655
2011-07-05,38.53
2011-07-06,38.235
2011-07-07,38.59
2011-07-08,37.760000000000005
2011-07-11,36.989999999999995
2011-07-12,36.7
2011-07-13,37.36
2011-07-14,37.015
2011-07-15,37.085
2011-07-18,35.865
2011-07-19,36.84
2011-07-20,37.29
2011-07-21,38.11
2011-07-22,38.455
2011-07-25,38.385000000000005
2011-07-26,38.39
2011-07-27,37.54
2011-07-28,37.584999999999994
2011-07-29,37.42
2011-08-01,37.07
2011-08-02,36.379999999999995
2011-08-03,36.379999999999995
2011-08-04,33.275
2011-08-05,33.67
2011-08-08,32.120000000000005
2011-08-09,33.54
2011-08-10,32.81
2011-08-11,32.97
2011-08-12,35.0
2011-08-15,34.19
2011-08-16,33.894999999999996
2011-08-17,34.285
2011-08-18,32.565
2011-08-19,32.195
2011-08-22,33.31
2011-08-23,33.900000000000006
2011-08-24,33.44
2011-08-25,32.769999999999996
2011-08-26,33.165000000000006
2011-08-29,33.76
2011-08-30,32.89
2011-08-31,34.315
2011-09-01,33.745000000000005
2011-09-02,32.925
2011-09-06,32.095
2011-09-07,32.835
2011-09-08,32.095
2011-09-09,31.519999999999996
2011-09-12,31.2
2011-09-13,30.985
2011-09-14,31.785
2011-09-15,32.51
2011-09-16,32.35
2011-09-19,31.845
2011-09-20,31.325
2011-09-21,30.465
2011-09-22,29.135
2011-09-23,29.755
2011-09-26,30.12
2011-09-27,31.255000000000003
2011-09-28,31.225
2011-09-29,30.97
2011-09-30,30.105
2011-10-03,28.86
2011-10-04,29.46
2011-10-05,30.450000000000003
2011-10-06,31.2
2011-10-07,30.985
2011-10-10,32.285
2011-10-11,32.035000000000004
2011-10-12,32.685
2011-10-13,32.18
2011-10-14,33.045
2011-10-17,31.995
2011-10-18,32.685
2011-10-19,32.295
2011-10-20,32.095
2011-10-21,32.46
2011-10-24,32.955
2011-10-25,32.71
2011-10-26,33.135
2011-10-27,35.33
2011-10-28,35.07
2011-10-31,33.305
2011-11-01,31.875
2011-11-02,32.105000000000004
2011-11-03,32.965
2011-11-04,33.004999999999995
2011-11-07,32.894999999999996
2011-11-08,33.54
2011-11-09,31.585
2011-11-10,32.34
2011-11-11,32.805
2011-11-14,32.39
2011-11-15,32.185
2011-11-16,31.85
2011-11-17,31.130000000000003
2011-11-18,31.2
2011-11-21,30.775
2011-11-22,30.685000000000002
2011-11-23,29.645000000000003
2011-11-25,
2011-11-28,30.765
2011-11-29,30.71
2011-11-30,31.79
2011-12-01,32.095
2011-12-02,32.05
2011-12-05,32.445
2011-12-06,32.644999999999996
2011-12-07,32.72
2011-12-08,31.405
2011-12-09,33.17
2011-12-12,32.205
2011-12-13,31.134999999999998
2011-12-14,30.91
2011-12-15,30.665
2011-12-16,30.575
2011-12-19,30.035
2011-12-20,32.04
2011-12-21,29.884999999999998
2011-12-22,30.91
2011-12-23,30.38
2011-12-27,30.47
2011-12-28,29.755000000000003
2011-12-29,31.055
2011-12-30,31.245
2012-01-03,31.535
2012-01-04,31.265
2012-01-05,30.855
2012-01-06,30.815
2012-01-09,30.785
2012-01-10,31.225
2012-01-11,30.915
2012-01-12,31.005000000000003
2012-01-13,31.354999999999997
2012-01-17,31.0
2012-01-18,31.37
2012-01-19,31.769999999999996
2012-01-20,32.51
2012-01-23,32.575
2012-01-24,32.325
2012-01-25,32.695
2012-01-26,32.974999999999994
2012-01-27,32.92
2012-01-30,32.535
2012-01-31,32.285
2012-02-01,32.775
2012-02-02,32.94
2012-02-03,33.379999999999995
2012-02-06,33.305
2012-02-07,33.76
2012-02-08,33.879999999999995
2012-02-09,33.58
2012-02-10,33.254999999999995
2012-02-13,33.43
2012-02-14,33.04
2012-02-15,33.35
2012-02-16,33.545
2012-02-17,33.730000000000004
2012-02-21,33.815
2012-02-22,33.900000000000006
2012-02-23,33.84
2012-02-24,34.65
2012-02-27,34.035
2012-02-28,34.239999999999995
2012-02-29,33.849999999999994
2012-03-01,34.254999999999995
2012-03-02,33.955
2012-03-05,33.815
2012-03-06,32.54
2012-03-07,33.06
2012-03-08,33.64
2012-03-09,34.14
2012-03-12,33.650000000000006
2012-03-13,33.96
2012-03-14,33.815
2012-03-15,34.129999999999995
2012-03-16,34.405
2012-03-19,34.595
2012-03-20,34.345
2012-03-21,33.975
2012-03-22,33.69
2012-03-23,33.91
2012-03-26,34.445
2012-03-27,34.185
2012-03-28,33.980000000000004
2012-03-29,33.765
2012-03-30,33.879999999999995
2012-04-02,34.42
2012-04-03,33.785
2012-04-04,33.03
2012-04-05,32.87
2012-04-09,32.599999999999994
2012-04-10,31.79
2012-04-11,32.425
2012-04-12,33.0
2012-04-13,32.83
2012-04-16,32.625
2012-04-17,33.145
2012-04-18,32.82
2012-04-19,32.785
2012-04-20,32.974999999999994
2012-04-23,32.45
2012-04-24,32.879999999999995
2012-04-25,33.11
2012-04-26,33.34
2012-04-27,33.754999999999995
2012-04-30,33.28
2012-05-01,33.335
2012-05-02,33.099999999999994
2012-05-03,32.8
2012-05-04,32.25
2012-05-07,32.5
2012-05-08,32.045
2012-05-09,31.655
2012-05-10,31.490000000000002
2012-05-11,31.585
2012-05-14,30.975
2012-05-15,30.604999999999997
2012-05-16,30.305
2012-05-17,29.895
2012-05-18,29.66
2012-05-21,30.240000000000002
2012-05-22,30.27
2012-05-23,30.035
2012-05-24,29.93
2012-05-25,29.72
2012-05-29,30.08
2012-05-30,29.665
2012-05-31,29.685000000000002
2012-06-01,29.055
2012-06-04,29.15
2012-06-05,28.805
2012-06-06,30.02
2012-06-07,30.02
2012-06-08,29.95
2012-06-11,29.645
2012-06-12,30.134999999999998
2012-06-13,29.924999999999997
2012-06-14,30.22
2012-06-15,30.555
2012-06-18,30.125
2012-06-19,30.96
2012-06-20,31.189999999999998
2012-06-21,30.4
2012-06-22,30.965
2012-06-25,29.97
2012-06-26,29.884999999999998
2012-06-27,30.455
2012-06-28,30.22
2012-06-29,31.475
2012-07-02,31.925
2012-07-03,32.19
2012-07-05,31.605
2012-07-06,31.295
2012-07-09,31.235
2012-07-10,30.95
2012-07-11,31.415
2012-07-12,30.765
2012-07-13,31.23
2012-07-16,31.505
2012-07-17,31.335
2012-07-18,31.729999999999997
2012-07-19,31.995
2012-07-20,31.09
2012-07-23,30.740000000000002
2012-07-24,30.445
2012-07-25,30.555
2012-07-26,30.810000000000002
2012-07-27,32.035
2012-07-30,31.810000000000002
2012-07-31,31.39
2012-08-01,32.14
2012-08-02,31.119999999999997
2012-08-03,32.105000000000004
2012-08-06,32.495000000000005
2012-08-07,32.64
2012-08-08,32.6
2012-08-09,32.575
2012-08-10,32.82
2012-08-13,32.67
2012-08-14,32.769999999999996
2012-08-15,32.644999999999996
2012-08-16,33.010000000000005
2012-08-17,33.07
2012-08-20,33.019999999999996
2012-08-21,33.215
2012-08-22,33.18
2012-08-23,32.955
2012-08-24,32.97
2012-08-27,33.19
2012-08-28,32.915
2012-08-29,32.805
2012-08-30,32.345
2012-08-31,32.64
2012-09-04,32.575
2012-09-05,32.45
2012-09-06,33.230000000000004
2012-09-07,33.665
2012-09-10,33.66
2012-09-11,33.754999999999995
2012-09-12,34.025
2012-09-13,34.849999999999994
2012-09-14,35.34
2012-09-17,35.185
2012-09-18,34.57
2012-09-19,34.65
2012-09-20,34.46
2012-09-21,34.69
2012-09-24,33.29
2012-09-25,33.5
2012-09-26,33.16
2012-09-27,33.515
2012-09-28,32.845
2012-10-01,33.605000000000004
2012-10-02,33.625
2012-10-03,33.095
2012-10-04,33.475
2012-10-05,33.725
2012-10-08,33.3
2012-10-09,32.86
2012-10-10,32.745000000000005
2012-10-11,32.99
2012-10-12,32.945
2012-10-15,33.285
2012-10-16,33.85
2012-10-17,34.150000000000006
2012-10-18,34.015
2012-10-19,33.525
2012-10-22,33.805
2012-10-23,33.055
2012-10-24,33.11
2012-10-25,33.345
2012-10-26,33.265
2012-10-31,33.28
2012-11-01,33.599999999999994
2012-11-02,33.269999999999996
2012-11-05,33.215
2012-11-06,33.540000000000006
2012-11-07,33.015
2012-11-08,32.69
2012-11-09,32.68
2012-11-12,32.665
2012-11-13,32.505
2012-11-14,32.185
2012-11-15,32.255
2012-11-16,32.26
2012-11-19,32.935
2012-11-20,32.995
2012-11-21,33.08
2012-11-23,33.76
2012-11-26,33.69
2012-11-27,33.535
2012-11-28,33.76
2012-11-29,34.09
2012-11-30,34.084999999999994
2012-12-03,34.16
2012-12-04,34.25
2012-12-05,34.31
2012-12-06,34.39
2012-12-07,34.394999999999996
2012-12-10,34.42
2012-12-11,34.61
2012-12-12,34.715
2012-12-13,34.65
2012-12-14,34.785
2012-12-17,34.935
2012-12-18,35.265
2012-12-19,35.38
2012-12-20,35.269999999999996
2012-12-21,35.065
2012-12-24,34.945
2012-12-26,34.945
2012-12-27,35.07
2012-12-28,34.620000000000005
2012-12-31,35.335
2013-01-02,35.875
2013-01-03,35.474999999999994
2013-01-04,35.644999999999996
2013-01-07,35.5
2013-01-08,35.31
2013-01-09,35.485
2013-01-10,35.935
2013-01-11,35.985
2013-01-14,36.025
2013-01-15,35.99
2013-01-16,35.795
2013-01-17,36.09
2013-01-18,36.05
2013-01-22,36.08
2013-01-23,36.025
2013-01-24,36.215
2013-01-25,36.61
2013-01-28,36.445
2013-01-29,36.665
2013-01-30,36.7
2013-01-31,36.58
2013-02-01,36.875
2013-02-04,36.224999999999994
2013-02-05,36.335
2013-02-06,36.370000000000005
2013-02-07,36.08
2013-02-08,36.32
2013-02-11,36.290000000000006
2013-02-12,36.455
2013-02-13,36.575
2013-02-14,36.349999999999994
2013-02-15,36.255
2013-02-19,36.69
2013-02-20,36.315
2013-02-21,35.805
2013-02-22,36.33
2013-02-25,35.465
2013-02-26,35.730000000000004
2013-02-27,36.21
2013-02-28,36.115
2013-03-01,36.09
2013-03-04,36.239999999999995
2013-03-05,36.599999999999994
2013-03-06,36.675
2013-03-07,36.790000000000006
2013-03-08,36.845
2013-03-11,36.989999999999995
2013-03-12,36.795
2013-03-13,36.735
2013-03-14,37.115
2013-03-15,37.17
2013-03-18,36.754999999999995
2013-03-19,36.64
2013-03-20,36.845
2013-03-21,36.59
2013-03-22,36.75
2013-03-25,36.305
2013-03-26,36.480000000000004
2013-03-27,36.315
2013-03-28,36.459999999999994
2013-04-01,36.004999999999995
2013-04-02,36.394999999999996
2013-04-03,36.22
2013-04-04,36.53
2013-04-05,36.349999999999994
2013-04-08,36.519999999999996
2013-04-09,36.650000000000006
2013-04-10,37.17
2013-04-11,37.455
2013-04-12,37.36
2013-04-15,36.629999999999995
2013-04-16,37.150000000000006
2013-04-17,36.370000000000005
2013-04-18,36.28
2013-04-19,36.575
2013-04-22,36.709999999999994
2013-04-23,37.254999999999995
2013-04-24,37.599999999999994
2013-04-25,37.769999999999996
2013-04-26,37.78
2013-04-29,38.230000000000004
2013-04-30,38.31
2013-05-01,38.025000000000006
2013-05-02,38.16
2013-05-03,38.635
2013-05-06,38.605000000000004
2013-05-07,38.685
2013-05-08,39.095
2013-05-09,38.725
2013-05-10,38.765
2013-05-13,38.75
2013-05-14,38.875
2013-05-15,38.965
2013-05-16,38.730000000000004
2013-05-17,38.97
2013-05-20,39.225
2013-05-21,39.295
2013-05-22,38.915
2013-05-23,38.35
2013-05-24,38.010000000000005
2013-05-28,38.095
2013-05-29,37.785
2013-05-30,37.935
2013-05-31,37.22
2013-06-03,37.44
2013-06-04,37.510000000000005
2013-06-05,36.69
2013-06-06,36.935
2013-06-07,37.305
2013-06-10,37.36
2013-06-11,36.915
2013-06-12,36.86
2013-06-13,37.45
2013-06-14,36.95
2013-06-17,37.510000000000005
2013-06-18,37.745
2013-06-19,37.03
2013-06-20,35.644999999999996
2013-06-21,35.805
2013-06-24,34.66
2013-06-25,35.115
2013-06-26,35.315
2013-06-27,35.67
2013-06-28,35.629999999999995
2013-07-01,35.93
2013-07-02,35.765
2013-07-03,35.74
2013-07-05,35.93
2013-07-08,36.129999999999995
2013-07-09,36.325
2013-07-10,36.435
2013-07-11,37.41
2013-07-12,37.165
2013-07-15,37.385
2013-07-16,37.370000000000005
2013-07-17,37.489999999999995
2013-07-18,37.695
2013-07-19,37.695
2013-07-22,37.879999999999995
2013-07-23,37.95
2013-07-24,37.9
2013-07-25,37.94
2013-07-26,37.730000000000004
2013-07-29,37.379999999999995
2013-07-30,37.39
2013-07-31,37.465
2013-08-01,37.985
2013-08-02,38.25
2013-08-05,38.2
2013-08-06,38.14
2013-08-07,37.915
2013-08-08,38.254999999999995
2013-08-09,38.31
2013-08-12,38.235
2013-08-13,38.5
2013-08-14,38.51
2013-08-15,38.19
2013-08-16,38.265
2013-08-19,38.0
2013-08-20,37.935
2013-08-21,37.489999999999995
2013-08-22,37.875
2013-08-23,38.185
2013-08-26,37.945
2013-08-27,37.315
2013-08-28,37.275
2013-08-29,37.269999999999996
2013-08-30,36.864999999999995
2013-09-03,37.545
2013-09-04,37.89
2013-09-05,37.885000000000005
2013-09-06,38.08
2013-09-09,38.64
2013-09-10,39.045
2013-09-11,39.18
2013-09-12,38.955
2013-09-13,39.114999999999995
2013-09-16,39.45
2013-09-17,39.474999999999994
2013-09-18,40.54
2013-09-19,40.325
2013-09-20,40.04
2013-09-23,39.86
2013-09-24,39.775000000000006
2013-09-25,39.795
2013-09-26,39.97
2013-09-27,39.864999999999995
2013-09-30,39.585
2013-10-01,39.815
2013-10-02,39.769999999999996
2013-10-03,39.55
2013-10-04,39.625
2013-10-07,39.215
2013-10-08,38.955
2013-10-09,39.09
2013-10-10,39.83
2013-10-11,40.03
2013-10-14,40.16
2013-10-15,39.955
2013-10-16,40.28
2013-10-17,40.785
2013-10-18,41.015
2013-10-21,41.075
2013-10-22,41.474999999999994
2013-10-23,41.025000000000006
2013-10-24,41.285
2013-10-25,41.185
2013-10-28,41.135000000000005
2013-10-29,41.22
2013-10-30,41.095
2013-10-31,40.855000000000004
2013-11-01,40.644999999999996
2013-11-04,40.835
2013-11-05,40.474999999999994
2013-11-06,40.865
2013-11-07,40.175
2013-11-08,40.43
2013-11-11,40.45
2013-11-12,40.375
2013-11-13,40.485
2013-11-14,40.67
2013-11-15,41.045
2013-11-18,41.055
2013-11-19,40.97
2013-11-20,40.685
2013-11-21,40.91
2013-11-22,41.035
2013-11-25,40.9
2013-11-26,40.894999999999996
2013-11-27,41.04
2013-11-29,41.120000000000005
2013-12-02,40.825
2013-12-03,40.515
2013-12-04,40.275000000000006
2013-12-05,40.065
2013-12-06,40.565
2013-12-09,40.545
2013-12-10,40.445
2013-12-11,40.1
2013-12-12,39.78
2013-12-13,39.75
2013-12-16,40.055
2013-12-17,39.875
2013-12-18,40.504999999999995
2013-12-19,40.46
2013-12-20,40.465
2013-12-23,40.875
2013-12-24,40.95
2013-12-26,41.165
2013-12-27,41.394999999999996
2013-12-30,41.59
2013-12-31,41.705
2014-01-02,40.965
2014-01-03,40.985
2014-01-06,40.935
2014-01-07,41.16
2014-01-08,41.144999999999996
2014-01-09,41.105000000000004
2014-01-10,41.45
2014-01-13,41.114999999999995
2014-01-14,41.425
2014-01-15,41.605000000000004
2014-01-16,41.56
2014-01-17,41.435
2014-01-21,41.635
2014-01-22,41.67
2014-01-23,41.335
2014-01-24,40.215
2014-01-27,40.015
2014-01-28,40.405
2014-01-29,39.955
2014-01-30,40.155
2014-01-31,39.545
2014-02-03,38.745000000000005
2014-02-04,39.129999999999995
2014-02-05,39.205
2014-02-06,39.885000000000005
2014-02-07,40.385
2014-02-10,40.224999999999994
2014-02-11,40.875
2014-02-12,40.97
2014-02-13,41.065
2014-02-14,41.224999999999994
2014-02-18,41.56
2014-02-19,41.265
2014-02-20,41.405
2014-02-21,41.510000000000005
2014-02-24,41.86
2014-02-25,41.765
2014-02-26,41.629999999999995
2014-02-27,41.775000000000006
2014-02-28,41.875
2014-03-03,41.019999999999996
2014-03-04,41.815
2014-03-05,41.724999999999994
2014-03-06,42.205
2014-03-07,41.97
2014-03-10,41.715
2014-03-11,41.415
2014-03-12,41.22
2014-03-13,40.489999999999995
2014-03-14,40.379999999999995
2014-03-17,40.894999999999996
2014-03-18,41.15
2014-03-19,40.629999999999995
2014-03-20,40.47
2014-03-21,40.394999999999996
2014-03-24,40.495000000000005
2014-03-25,40.510000000000005
2014-03-26,40.525000000000006
2014-03-27,40.745000000000005
2014-03-28,41.055
2014-03-31,41.28
2014-04-01,41.56
2014-04-02,41.635000000000005
2014-04-03,41.519999999999996
2014-04-04,41.385000000000005
2014-04-07,41.19
2014-04-08,41.17
2014-04-09,41.730000000000004
2014-04-10,40.980000000000004
2014-04-11,40.754999999999995
2014-04-14,40.985
2014-04-15,40.795
2014-04-16,41.315
2014-04-17,41.485
2014-04-21,41.535
2014-04-22,41.715
2014-04-23,41.6
2014-04-24,41.595
2014-04-25,41.394999999999996
2014-04-28,41.525
2014-04-29,41.775000000000006
2014-04-30,41.925
2014-05-01,42.045
2014-05-02,41.974999999999994
2014-05-05,41.945
2014-05-06,41.879999999999995
2014-05-07,41.925
2014-05-08,41.91
2014-05-09,41.864999999999995
2014-05-12,42.17
2014-05-13,42.235
2014-05-14,42.175
2014-05-15,41.985
2014-05-16,42.065
2014-05-19,42.0
2014-05-20,41.705
2014-05-21,42.05
2014-05-22,42.144999999999996
2014-05-23,42.239999999999995
2014-05-27,42.505
2014-05-28,42.39
2014-05-29,42.644999999999996
2014-05-30,42.625
2014-06-02,42.739999999999995
2014-06-03,42.644999999999996
2014-06-04,42.65
2014-06-05,42.935
2014-06-06,43.16
2014-06-09,43.135000000000005
2014-06-10,43.05
2014-06-11,42.845
2014-06-12,42.845
2014-06-13,42.845
2014-06-16,42.86
2014-06-17,42.815
2014-06-18,43.17
2014-06-19,43.394999999999996
2014-06-20,43.305
2014-06-23,43.205
2014-06-24,42.445
2014-06-25,42.47
2014-06-26,42.475
2014-06-27,42.525000000000006
2014-06-30,42.565
2014-07-01,42.955
2014-07-02,43.025000000000006
2014-07-03,43.095
2014-07-07,42.769999999999996
2014-07-08,42.335
2014-07-09,42.485
2014-07-10,41.989999999999995
2014-07-11,42.03
2014-07-14,42.33
2014-07-15,42.224999999999994
2014-07-16,42.515
2014-07-17,41.955
2014-07-18,42.305
2014-07-21,42.129999999999995
2014-07-22,42.370000000000005
2014-07-23,42.44
2014-07-24,42.510000000000005
2014-07-25,42.355000000000004
2014-07-28,42.405
2014-07-29,42.33
2014-07-30,42.305
2014-07-31,41.575
2014-08-01,41.345
2014-08-04,41.504999999999995
2014-08-05,40.974999999999994
2014-08-06,40.885000000000005
2014-08-07,40.545
2014-08-08,40.805
2014-08-11,40.925
2014-08-12,40.925
2014-08-13,41.175
2014-08-14,41.385000000000005
2014-08-15,41.345
2014-08-18,41.595
2014-08-19,41.695
2014-08-20,41.545
2014-08-21,41.705
2014-08-22,41.515
2014-08-25,41.8
2014-08-26,41.815
2014-08-27,41.915
2014-08-28,41.705
2014-08-29,41.685
2014-09-02,41.724999999999994
2014-09-03,41.995000000000005
2014-09-04,41.805
2014-09-05,41.805
2014-09-08,41.394999999999996
2014-09-09,41.224999999999994
2014-09-10,41.465
2014-09-11,41.235
2014-09-12,41.165
2014-09-15,41.105000000000004
2014-09-16,41.265
2014-09-17,40.965
2014-09-18,41.245000000000005
2014-09-19,41.105000000000004
2014-09-22,40.95
2014-09-23,40.585
2014-09-24,40.605000000000004
2014-09-25,40.025000000000006
2014-09-26,40.195
2014-09-29,39.835
2014-09-30,39.745000000000005
2014-10-01,39.265
2014-10-02,38.835
2014-10-03,38.875
2014-10-06,39.095
2014-10-07,38.474999999999994
2014-10-08,39.055
2014-10-09,38.025000000000006
2014-10-10,37.455
2014-10-13,37.415
2014-10-14,37.485
2014-10-15,37.265
2014-10-16,36.955
2014-10-17,37.585
2014-10-20,37.885000000000005
2014-10-21,38.285
2014-10-22,38.025000000000006
2014-10-23,38.43
2014-10-24,38.585
2014-10-27,38.465
2014-10-28,38.935
2014-10-29,38.705
2014-10-30,38.985
2014-10-31,39.635000000000005
2014-11-03,39.325
2014-11-04,39.075
2014-11-05,39.095
2014-11-06,38.925
2014-11-07,38.935
2014-11-10,39.125
2014-11-11,39.355000000000004
2014-11-12,39.025000000000006
2014-11-13,39.185
2014-11-14,39.224999999999994
2014-11-17,39.075
2014-11-18,39.495000000000005
2014-11-19,39.355000000000004
2014-11-20,39.155
2014-11-21,39.485
2014-11-24,39.685
2014-11-25,39.765
2014-11-26,39.925
2014-11-28,39.925
2014-12-01,39.545
2014-12-02,39.655
2014-12-03,39.614999999999995
2014-12-04,39.535
2014-12-05,39.614999999999995
2014-12-08,39.254999999999995
2014-12-09,39.045
2014-12-10,38.57
2014-12-11,38.495000000000005
2014-12-12,37.785
2014-12-15,37.205
2014-12-16,37.485
2014-12-17,37.875
2014-12-18,38.555
2014-12-19,38.625
2014-12-22,38.595
2014-12-23,38.405
2014-12-24,38.405
2014-12-26,38.705
2014-12-29,38.445
2014-12-30,38.105000000000004
2014-12-31,37.864999999999995
2015-01-02,37.695
2015-01-05,36.835
2015-01-06,36.435
2015-01-07,36.835
2015-01-08,37.385000000000005
2015-01-09,37.205
2015-01-12,37.165
2015-01-13,37.355000000000004
2015-01-14,37.245000000000005
2015-01-15,37.455
2015-01-16,37.875
2015-01-20,38.045
2015-01-21,38.315
2015-01-22,38.455
2015-01-23,38.235
2015-01-26,38.745000000000005
2015-01-27,38.775000000000006
2015-01-28,38.265
2015-01-29,38.785
2015-01-30,38.165
2015-02-02,38.629999999999995
2015-02-03,39.205
2015-02-04,38.925
2015-02-05,39.335
2015-02-06,38.864999999999995
2015-02-09,38.675
2015-02-10,39.015
2015-02-11,38.805
2015-02-12,39.405
2015-02-13,39.685
2015-02-17,39.775000000000006
2015-02-18,40.035
2015-02-19,40.055
2015-02-20,40.47
2015-02-23,40.295
2015-02-24,40.535
2015-02-25,40.565
2015-02-26,40.474999999999994
2015-02-27,40.485
2015-03-02,40.565
2015-03-03,40.325
2015-03-04,40.155
2015-03-05,40.275000000000006
2015-03-06,39.745000000000005
2015-03-09,39.765
2015-03-10,38.925
2015-03-11,39.025000000000006
2015-03-12,39.515
2015-03-13,39.275000000000006
2015-03-16,39.705
2015-03-17,39.665
2015-03-18,40.504999999999995
2015-03-19,40.004999999999995
2015-03-20,40.864999999999995
2015-03-23,41.055
2015-03-24,41.015
2015-03-25,40.605000000000004
2015-03-26,40.285
2015-03-27,40.364999999999995
2015-03-30,40.405
2015-03-31,39.8
2015-04-01,40.105000000000004
2015-04-02,40.415
2015-04-06,40.815
2015-04-07,40.795
2015-04-08,40.995000000000005
2015-04-09,41.045
2015-04-10,41.135000000000005
2015-04-13,40.905
2015-04-14,41.224999999999994
2015-04-15,41.415
2015-04-16,41.504999999999995
2015-04-17,41.015
2015-04-20,41.075
2015-04-21,41.425
2015-04-22,41.525000000000006
2015-04-23,41.705
2015-04-24,41.925
2015-04-27,42.105000000000004
2015-04-28,42.165
2015-04-29,41.785
2015-04-30,41.355000000000004
2015-05-01,41.715
2015-05-04,41.754999999999995
2015-05-05,41.135000000000005
2015-05-06,41.215
2015-05-07,41.07
2015-05-08,41.965
2015-05-11,41.61
2015-05-12,41.605000000000004
2015-05-13,41.894999999999996
2015-05-14,42.405
2015-05-15,42.455
2015-05-18,42.305
2015-05-19,42.165
2015-05-20,42.235
2015-05-21,42.455
2015-05-22,42.195
2015-05-26,41.485
2015-05-27,41.835
2015-05-28,41.745000000000005
2015-05-29,41.345
2015-06-01,41.245000000000005
2015-06-02,41.394999999999996
2015-06-03,41.625
2015-06-04,41.155
2015-06-05,40.705
2015-06-08,40.655
2015-06-09,40.435
2015-06-10,41.265
2015-06-11,41.385000000000005
2015-06-12,41.055
2015-06-15,40.795
2015-06-16,40.775000000000006
2015-06-17,40.695
2015-06-18,41.045
2015-06-19,40.965
2015-06-22,41.695
2015-06-23,41.835
2015-06-24,41.495000000000005
2015-06-25,41.474999999999994
2015-06-26,40.935
2015-06-29,39.715
2015-06-30,39.635000000000005
2015-07-01,39.905
2015-07-02,39.995000000000005
2015-07-06,39.185
2015-07-07,39.185
2015-07-08,38.224999999999994
2015-07-09,38.845
2015-07-10,40.025000000000006
2015-07-13,40.195
2015-07-14,40.485
2015-07-15,40.325
2015-07-16,40.665
2015-07-17,40.59
2015-07-20,40.685
2015-07-21,40.585
2015-07-22,40.245000000000005
2015-07-23,40.114999999999995
2015-07-24,39.695
2015-07-27,39.435
2015-07-28,39.925
2015-07-29,40.055
2015-07-30,40.025000000000006
2015-07-31,40.235
2015-08-03,40.129999999999995
2015-08-04,40.155
2015-08-05,40.364999999999995
2015-08-06,40.185
2015-08-07,40.144999999999996
2015-08-10,40.635000000000005
2015-08-11,39.974999999999994
2015-08-12,39.745000000000005
2015-08-13,39.724999999999994
2015-08-14,39.785
2015-08-17,39.705
2015-08-18,39.405
2015-08-19,39.075
2015-08-20,38.125
2015-08-21,37.175
2015-08-24,35.9
2015-08-25,36.305
2015-08-26,37.215
2015-08-27,37.695
2015-08-28,37.605000000000004
2015-08-31,37.305
2015-09-01,36.085
2015-09-02,36.655
2015-09-03,36.724999999999994
2015-09-04,35.885000000000005
2015-09-08,36.915
2015-09-09,36.785
2015-09-10,37.025000000000006
2015-09-11,37.015
2015-09-14,36.754999999999995
2015-09-15,37.015
2015-09-16,37.555
2015-09-17,37.575
2015-09-18,36.665
2015-09-21,36.675
2015-09-22,35.81
2015-09-23,35.635000000000005
2015-09-24,35.525000000000006
2015-09-25,35.675
2015-09-28,34.995000000000005
2015-09-29,34.925
2015-09-30,35.625
2015-10-01,35.745000000000005
2015-10-02,36.335
2015-10-05,37.055
2015-10-06,37.095
2015-10-07,37.545
2015-10-08,37.845
2015-10-09,37.925
2015-10-12,37.855000000000004
2015-10-13,37.415
2015-10-14,37.474999999999994
2015-10-15,38.144999999999996
2015-10-16,38.125
2015-10-19,37.965
2015-10-20,37.855000000000004
2015-10-21,37.815
2015-10-22,38.265
2015-10-23,38.614999999999995
2015-10-26,38.474999999999994
2015-10-27,38.135000000000005
2015-10-28,38.355000000000004
2015-10-29,38.075
2015-10-30,38.025000000000006
2015-11-02,38.405
2015-11-03,38.405
2015-11-04,38.165
2015-11-05,38.125
2015-11-06,37.925
2015-11-09,37.535
2015-11-10,37.515
2015-11-11,37.695
2015-11-12,37.245000000000005
2015-11-13,36.945
2015-11-16,37.394999999999996
2015-11-17,37.445
2015-11-18,37.805
2015-11-19,38.004999999999995
2015-11-20,37.925
2015-11-23,37.695
2015-11-24,37.745000000000005
2015-11-25,37.805
2015-11-27,37.795
2015-11-30,37.745000000000005
2015-12-01,38.165
2015-12-02,37.765
2015-12-03,37.565
2015-12-04,37.864999999999995
2015-12-07,37.535
2015-12-08,36.974999999999994
2015-12-09,36.885000000000005
2015-12-10,36.875
2015-12-11,36.215
2015-12-14,36.305
2015-12-15,36.455
2015-12-16,37.195
2015-12-17,36.735
2015-12-18,36.375
2015-12-21,36.355000000000004
2015-12-22,36.625
2015-12-23,37.224999999999994
2015-12-24,37.135000000000005
2015-12-28,37.025000000000006
2015-12-29,37.425
2015-12-30,37.185
2015-12-31,36.715
2016-01-04,36.155
2016-01-05,36.114999999999995
2016-01-06,35.485
2016-01-07,34.815
2016-01-08,34.375
2016-01-11,34.525000000000006
2016-01-12,34.655
2016-01-13,34.135000000000005
2016-01-14,34.555
2016-01-15,33.345
2016-01-19,33.644999999999996
2016-01-20,32.864999999999995
2016-01-21,33.095
2016-01-22,34.075
2016-01-25,33.565
2016-01-26,34.205
2016-01-27,33.965
2016-01-28,34.105000000000004
2016-01-29,34.695
2016-02-01,34.625
2016-02-02,33.855000000000004
2016-02-03,34.144999999999996
2016-02-04,34.215
2016-02-05,33.695
2016-02-08,33.105000000000004
2016-02-09,32.715
2016-02-10,32.665
2016-02-11,32.235
2016-02-12,32.735
2016-02-16,33.364999999999995
2016-02-17,33.965
2016-02-18,33.805
2016-02-19,33.754999999999995
2016-02-22,34.155
2016-02-23,33.585
2016-02-24,33.495000000000005
2016-02-25,33.894999999999996
2016-02-26,33.775000000000006
2016-02-29,33.614999999999995
2016-03-01,34.485
2016-03-02,34.724999999999994
2016-03-03,35.095
2016-03-04,35.375
2016-03-07,35.355000000000004
2016-03-08,34.945
2016-03-09,35.105000000000004
2016-03-10,35.065
2016-03-11,35.985
2016-03-14,35.894999999999996
2016-03-15,35.375
2016-03-16,35.754999999999995
2016-03-17,36.075
2016-03-18,36.025000000000006
2016-03-21,35.955
2016-03-22,35.905
2016-03-23,35.515
2016-03-24,35.295
2016-03-28,35.515
2016-03-29,35.925
2016-03-30,36.195
2016-03-31,35.885000000000005
2016-04-01,35.485
2016-04-04,35.405
2016-04-05,34.735
2016-04-06,35.295
2016-04-07,34.795
2016-04-08,35.455
2016-04-11,35.504999999999995
2016-04-12,36.035
2016-04-13,36.585
2016-04-14,36.644999999999996
2016-04-15,36.545
2016-04-18,36.855000000000004
2016-04-19,37.515
2016-04-20,37.525000000000006
2016-04-21,37.295
2016-04-22,37.275000000000006
2016-04-25,37.095
2016-04-26,37.245000000000005
2016-04-27,37.305
2016-04-28,36.835
2016-04-29,36.724999999999994
2016-05-02,37.015
2016-05-03,36.394999999999996
2016-05-04,35.955
2016-05-05,35.915
2016-05-06,36.004999999999995
2016-05-09,35.885000000000005
2016-05-10,36.415
2016-05-11,36.155
2016-05-12,36.135000000000005
2016-05-13,35.735
2016-05-16,36.175
2016-05-17,35.945
2016-05-18,35.915
2016-05-19,35.705
2016-05-20,36.004999999999995
2016-05-23,35.894999999999996
2016-05-24,36.364999999999995
2016-05-25,36.724999999999994
2016-05-26,36.785
2016-05-27,36.724999999999994
2016-05-31,36.605000000000004
2016-06-01,36.575
2016-06-02,36.585
2016-06-03,36.894999999999996
2016-06-06,37.144999999999996
2016-06-07,37.415
2016-06-08,37.525000000000006
2016-06-09,37.055
2016-06-10,36.065
2016-06-13,35.545
2016-06-14,34.565
2016-06-15,34.785
2016-06-16,34.795
2016-06-17,35.125
2016-06-20,35.955
2016-06-21,36.215
2016-06-22,36.165
2016-06-23,37.125
2016-06-24,34.085
2016-06-27,33.425
2016-06-28,34.305
2016-06-29,34.915
2016-06-30,35.364999999999995
2016-07-01,35.445
2016-07-05,34.745000000000005
2016-07-06,34.735
2016-07-07,34.605000000000004
2016-07-08,35.085
2016-07-11,35.565
2016-07-12,36.055
2016-07-13,36.025000000000006
2016-07-14,36.335
2016-07-15,36.144999999999996
2016-07-18,36.235
2016-07-19,35.955
2016-07-20,36.215
2016-07-21,36.114999999999995
2016-07-22,36.165
2016-07-25,36.085
2016-07-26,36.254999999999995
2016-07-27,36.394999999999996
2016-07-28,36.405
2016-07-29,36.845
2016-08-01,36.605000000000004
2016-08-02,36.435
2016-08-03,36.295
2016-08-04,36.525000000000006
2016-08-05,36.635000000000005
2016-08-08,36.775000000000006
2016-08-09,37.065
2016-08-10,37.195
2016-08-11,37.455
2016-08-12,37.364999999999995
2016-08-15,37.525000000000006
2016-08-16,37.445
2016-08-17,37.435
2016-08-18,37.625
2016-08-19,37.355000000000004
2016-08-22,37.375
2016-08-23,37.535
2016-08-24,37.415
2016-08-25,37.305
2016-08-26,37.055
2016-08-29,37.195
2016-08-30,37.114999999999995
2016-08-31,36.995000000000005
2016-09-01,37.285
2016-09-02,37.675
2016-09-06,38.035
2016-09-07,38.035
2016-09-08,37.955
2016-09-09,37.144999999999996
2016-09-12,37.445
2016-09-13,36.474999999999994
2016-09-14,36.465
2016-09-15,36.785
2016-09-16,36.345
2016-09-19,36.565
2016-09-20,36.745000000000005
2016-09-21,37.435
2016-09-22,37.795
2016-09-23,37.445
2016-09-26,37.1
2016-09-27,37.285
2016-09-28,37.614999999999995
2016-09-29,37.165
2016-09-30,37.415
2016-10-03,37.345
2016-10-04,37.224999999999994
2016-10-05,37.435
2016-10-06,37.235
2016-10-07,36.995000000000005
2016-10-10,37.135000000000005
2016-10-11,36.595
2016-10-12,36.555
2016-10-13,36.455
2016-10-14,36.485
2016-10-17,36.415
2016-10-18,36.815
2016-10-19,36.925
2016-10-20,36.925
2016-10-21,36.855000000000004
2016-10-24,36.805
2016-10-25,36.785
2016-10-26,36.595
2016-10-27,36.555
2016-10-28,36.535
2016-10-31,36.515
2016-11-01,36.42
2016-11-02,36.135000000000005
2016-11-03,36.135000000000005
2016-11-04,35.815
2016-11-07,36.305
2016-11-08,36.405
2016-11-09,36.345
2016-11-10,36.224999999999994
2016-11-11,35.935
2016-11-14,35.775000000000006
2016-11-15,35.985
2016-11-16,35.665
2016-11-17,35.905
2016-11-18,35.575
2016-11-21,35.885000000000005
2016-11-22,35.985
2016-11-23,35.855000000000004
2016-11-25,35.945
2016-11-28,35.815
2016-11-29,36.004999999999995
2016-11-30,35.955
2016-12-01,35.875
2016-12-02,35.974999999999994
2016-12-05,36.254999999999995
2016-12-06,36.495000000000005
2016-12-07,36.995000000000005
2016-12-08,37.004999999999995
2016-12-09,37.114999999999995
2016-12-12,36.989999999999995
2016-12-13,37.385000000000005
2016-12-14,36.765
2016-12-15,36.724999999999994
2016-12-16,36.735
2016-12-19,36.695
2016-12-20,36.785
2016-12-21,36.775000000000006
2016-12-22,36.385000000000005
2016-12-23,36.455
2016-12-27,36.435
2016-12-28,36.335
2016-12-29,36.455
2016-12-30,36.535
2017-01-03,36.765
2017-01-04,37.224999999999994
2017-01-05,37.535
2017-01-06,37.394999999999996
2017-01-09,37.325
2017-01-10,37.345
2017-01-11,37.614999999999995
2017-01-12,37.635000000000005
2017-01-13,37.775000000000006
2017-01-17,37.675
2017-01-18,37.504999999999995
2017-01-19,37.435
2017-01-20,37.614999999999995
2017-01-23,37.695
2017-01-24,37.845
2017-01-25,38.235
2017-01-26,38.105000000000004
2017-01-27,38.015
2017-01-30,37.765
2017-01-31,37.885000000000005
2017-02-01,38.025000000000006
2017-02-02,38.065
2017-02-03,38.224999999999994
2017-02-06,37.955
2017-02-07,37.915
2017-02-08,37.985
2017-02-09,38.114999999999995
2017-02-10,38.265
2017-02-13,38.394999999999996
2017-02-14,38.364999999999995
2017-02-15,38.525000000000006
2017-02-16,38.595
2017-02-17,38.465
2017-02-21,38.625
2017-02-22,38.625
2017-02-23,38.675
2017-02-24,38.355000000000004
2017-02-27,38.364999999999995
2017-02-28,38.275000000000006
2017-03-01,38.665
2017-03-02,38.405
2017-03-03,38.585
2017-03-06,38.465
2017-03-07,38.355000000000004
2017-03-08,38.175
2017-03-09,38.315
2017-03-10,38.635000000000005
2017-03-13,38.805
2017-03-14,38.515
2017-03-15,39.114999999999995
2017-03-16,39.285
2017-03-17,39.335
2017-03-20,39.315
2017-03-21,39.095
2017-03-22,39.144999999999996
2017-03-23,39.235
2017-03-24,39.205
2017-03-27,39.285
2017-03-28,39.465
2017-03-29,39.495000000000005
2017-03-30,39.345
2017-03-31,39.295
2017-04-03,39.254999999999995
2017-04-04,39.224999999999994
2017-04-05,39.025000000000006
2017-04-06,39.055
2017-04-07,39.015
2017-04-10,38.995000000000005
2017-04-11,39.155
2017-04-12,39.144999999999996
2017-04-13,38.905
2017-04-17,39.195
2017-04-18,38.974999999999994
2017-04-19,38.825
2017-04-20,39.144999999999996
2017-04-21,39.155
2017-04-24,40.015
2017-04-25,40.285
2017-04-26,40.155
2017-04-27,40.205
2017-04-28,40.165
2017-05-01,40.285
2017-05-02,40.535
2017-05-03,40.405
2017-05-04,40.685
2017-05-05,41.114999999999995
2017-05-08,40.905
2017-05-09,40.835
2017-05-10,40.885000000000005
2017-05-11,40.815
2017-05-12,40.985
2017-05-15,41.215
2017-05-16,41.435
2017-05-17,40.925
2017-05-18,40.995000000000005
2017-05-19,41.495000000000005
2017-05-22,41.585
2017-05-23,41.565
2017-05-24,41.635000000000005
2017-05-25,41.625
2017-05-26,41.525000000000006
2017-05-30,41.474999999999994
2017-05-31,41.525000000000006
2017-06-01,41.815
2017-06-02,42.224999999999994
2017-06-05,42.035
2017-06-06,41.935
2017-06-07,41.915
2017-06-08,41.855000000000004
2017-06-09,41.705
2017-06-12,41.565
2017-06-13,41.925
2017-06-14,41.885000000000005
2017-06-15,41.435
2017-06-16,41.785
2017-06-19,41.945
2017-06-20,41.575
2017-06-21,41.055
2017-06-22,41.125
2017-06-23,41.215
2017-06-26,41.295
2017-06-27,41.285
2017-06-28,41.655
2017-06-29,41.254999999999995
2017-06-30,41.305
2017-07-03,41.254999999999995
2017-07-05,41.245000000000005
2017-07-06,41.015
2017-07-07,41.085
2017-07-10,41.165
2017-07-11,41.275000000000006
2017-07-12,41.635000000000005
2017-07-13,41.775000000000006
2017-07-14,42.075
2017-07-17,41.995000000000005
2017-07-18,42.075
2017-07-19,42.275000000000006
2017-07-20,42.435
2017-07-21,42.305
2017-07-24,42.235
2017-07-25,42.285
2017-07-26,42.525000000000006
2017-07-27,42.394999999999996
2017-07-28,42.415
2017-07-31,42.504999999999995
2017-08-01,42.735
2017-08-02,42.735
2017-08-03,42.685
2017-08-04,42.735
2017-08-07,42.754999999999995
2017-08-08,42.555
2017-08-09,42.435
2017-08-10,41.825
2017-08-11,41.805
2017-08-14,42.114999999999995
2017-08-15,42.045
2017-08-16,42.315
2017-08-17,41.855000000000004
2017-08-18,41.965
2017-08-21,41.985
2017-08-22,42.185
2017-08-23,42.195
2017-08-24,42.144999999999996
2017-08-25,42.385000000000005
2017-08-28,42.394999999999996
2017-08-29,42.224999999999994
2017-08-30,42.165
2017-08-31,42.515
2017-09-01,42.605000000000004
2017-09-05,42.305
2017-09-06,42.585
2017-09-07,42.945
2017-09-08,42.935
2017-09-11,43.265
2017-09-12,43.355000000000004
2017-09-13,43.144999999999996
2017-09-14,43.265
2017-09-15,43.295
2017-09-18,43.364999999999995
2017-09-19,43.565
2017-09-20,43.295
2017-09-21,43.215
2017-09-22,43.305
2017-09-25,43.114999999999995
2017-09-26,42.974999999999994
2017-09-27,43.015
2017-09-28,43.144999999999996
2017-09-29,43.405
2017-10-02,43.364999999999995
2017-10-03,43.525000000000006
2017-10-04,43.455
2017-10-05,43.405
2017-10-06,43.364999999999995
2017-10-09,43.375
2017-10-10,43.785
2017-10-11,43.935
2017-10-12,43.925
2017-10-13,44.144999999999996
2017-10-16,44.114999999999995
2017-10-17,44.004999999999995
2017-10-18,44.095
2017-10-19,44.004999999999995
2017-10-20,43.935
2017-10-23,43.845
2017-10-24,43.925
2017-10-25,43.754999999999995
2017-10-26,43.724999999999994
2017-10-27,43.864999999999995
2017-10-30,43.974999999999994
2017-10-31,44.175
2017-11-01,44.295
2017-11-02,44.385000000000005
2017-11-03,44.345
2017-11-06,44.445
2017-11-07,44.275000000000006
2017-11-08,44.435
2017-11-09,44.144999999999996
2017-11-10,44.035
2017-11-13,43.864999999999995
2017-11-14,43.815
2017-11-15,43.605000000000004
2017-11-16,44.035
2017-11-17,43.864999999999995
2017-11-20,43.955
2017-11-21,44.285
2017-11-22,44.435
2017-11-24,44.735
2017-11-27,44.435
2017-11-28,44.644999999999996
2017-11-29,44.465
2017-11-30,44.525000000000006
2017-12-01,44.435
2017-12-04,44.245000000000005
2017-12-05,44.195
2017-12-06,44.004999999999995
2017-12-07,44.135000000000005
2017-12-08,44.375
2017-12-11,44.455
2017-12-12,44.485
2017-12-13,44.675
2017-12-14,44.474999999999994
2017-12-15,44.445
2017-12-18,44.935
2017-12-19,44.785
2017-12-20,44.765
2017-12-21,44.474999999999994
2017-12-22,44.595
2017-12-26,44.585
2017-12-27,44.705
2017-12-28,44.855000000000004
2017-12-29,44.885000000000005
2018-01-02,45.254999999999995
2018-01-03,45.515
2018-01-04,45.925
2018-01-05,46.165
2018-01-08,46.135000000000005
2018-01-09,46.175
2018-01-10,46.055
2018-01-11,46.364999999999995
2018-01-12,46.805
2018-01-16,46.754999999999995
2018-01-17,47.004999999999995
2018-01-18,46.885000000000005
2018-01-19,47.105000000000004
2018-01-22,47.355000000000004
2018-01-23,47.504999999999995
2018-01-24,47.644999999999996
2018-01-25,47.465
2018-01-26,47.875
2018-01-29,47.435
2018-01-30,47.045
2018-01-31,47.004999999999995
2018-02-01,47.095
2018-02-02,46.065
2018-02-05,44.195
2018-02-06,45.105000000000004
2018-02-07,44.474999999999994
2018-02-08,43.335
2018-02-09,43.625
2018-02-12,44.245000000000005
2018-02-13,44.085
2018-02-14,44.925
2018-02-15,45.235
2018-02-16,45.375
2018-02-20,44.935
2018-02-21,44.754999999999995
2018-02-22,44.945
2018-02-23,45.394999999999996
2018-02-26,45.765
2018-02-27,45.055
2018-02-28,44.585
2018-03-01,43.995000000000005
2018-03-02,44.135000000000005
2018-03-05,44.335
2018-03-06,44.695
2018-03-07,44.635000000000005
2018-03-08,44.765
2018-03-09,45.105000000000004
2018-03-12,45.165
2018-03-13,44.864999999999995
2018-03-14,44.995000000000005
2018-03-15,44.945
2018-03-16,44.885000000000005
2018-03-19,44.515
2018-03-20,44.535
2018-03-21,44.665
2018-03-22,43.835
2018-03-23,43.305
2018-03-26,43.925
2018-03-27,43.545
2018-03-28,43.785
2018-03-29,44.245000000000005
2018-04-02,43.595
2018-04-03,43.945
2018-04-04,44.025000000000006
2018-04-05,44.355000000000004
2018-04-06,43.995000000000005
2018-04-09,44.375
2018-04-10,44.855000000000004
2018-04-11,44.675
2018-04-12,44.835
2018-04-13,44.864999999999995
2018-04-16,44.945
2018-04-17,45.195
2018-04-18,45.435
2018-04-19,45.245000000000005
2018-04-20,45.025000000000006
2018-04-23,44.965
2018-04-24,44.745000000000005
2018-04-25,44.685
2018-04-26,44.974999999999994
2018-04-27,45.035
2018-04-30,44.845
2018-05-01,44.745000000000005
2018-05-02,44.705
2018-05-03,44.835
2018-05-04,44.965
2018-05-07,44.945
2018-05-08,44.965
2018-05-09,45.105000000000004
2018-05-10,45.425
2018-05-11,45.545
2018-05-14,45.595
2018-05-15,45.235
2018-05-16,45.355000000000004
2018-05-17,45.405
2018-05-18,45.245000000000005
2018-05-21,45.535
2018-05-22,45.495000000000005
2018-05-23,45.085
2018-05-24,44.925
2018-05-25,44.675
2018-05-29,43.785
2018-05-30,44.405
2018-05-31,44.175
2018-06-01,44.525000000000006
2018-06-04,44.685
2018-06-05,44.635000000000005
2018-06-06,45.035
2018-06-07,44.765
2018-06-08,44.835
2018-06-11,45.135000000000005
2018-06-12,44.855000000000004
2018-06-13,44.864999999999995
2018-06-14,44.754999999999995
2018-06-15,44.445
2018-06-18,44.155
2018-06-19,43.705
2018-06-20,43.754999999999995
2018-06-21,43.455
2018-06-22,43.375
2018-06-25,42.754999999999995
2018-06-26,42.815
2018-06-27,42.415
2018-06-28,42.565
2018-06-29,42.864999999999995
2018-07-02,42.425
2018-07-03,42.525000000000006
2018-07-05,42.835
2018-07-06,43.105000000000004
2018-07-09,43.495000000000005
2018-07-10,43.515
2018-07-11,42.754999999999995
2018-07-12,43.114999999999995
2018-07-13,43.235
2018-07-16,43.254999999999995
2018-07-17,43.305
2018-07-18,43.315
2018-07-19,43.144999999999996
2018-07-20,43.394999999999996
2018-07-23,43.335
2018-07-24,43.605000000000004
2018-07-25,43.945
2018-07-26,43.735
2018-07-27,43.835
2018-07-30,43.815
2018-07-31,43.864999999999995
2018-08-01,43.724999999999994
2018-08-02,43.394999999999996
2018-08-03,43.455
2018-08-06,43.254999999999995
2018-08-07,43.515
2018-08-08,43.504999999999995
2018-08-09,43.425
2018-08-10,42.605000000000004
2018-08-13,42.385000000000005
2018-08-14,42.455
2018-08-15,41.805
2018-08-16,42.095
2018-08-17,42.364999999999995
2018-08-20,42.575
2018-08-21,42.855000000000004
2018-08-22,43.045
2018-08-23,42.724999999999994
2018-08-24,43.035
2018-08-27,43.635000000000005
2018-08-28,43.545
2018-08-29,43.775000000000006
2018-08-30,43.385000000000005
2018-08-31,43.114999999999995
2018-09-04,42.685
2018-09-05,42.364999999999995
2018-09-06,42.215
2018-09-07,41.885000000000005
2018-09-10,42.114999999999995
2018-09-11,42.175
2018-09-12,42.355000000000004
2018-09-13,42.625
2018-09-14,42.705
2018-09-17,42.724999999999994
2018-09-18,43.205
2018-09-19,43.335
2018-09-20,43.815
2018-09-21,43.815
2018-09-24,43.635000000000005
2018-09-25,43.845
2018-09-26,43.685
2018-09-27,43.575
2018-09-28,43.275000000000006
2018-10-01,43.364999999999995
2018-10-02,43.095
2018-10-03,43.025000000000006
2018-10-04,42.474999999999994
2018-10-05,42.265
2018-10-08,42.035
2018-10-09,41.905
2018-10-10,40.935
2018-10-11,40.385000000000005
2018-10-12,40.575
2018-10-15,40.504999999999995
2018-10-16,41.215
2018-10-17,40.935
2018-10-18,40.285
2018-10-19,40.504999999999995
2018-10-22,40.315
2018-10-23,39.915
2018-10-24,38.795
2018-10-25,39.235
2018-10-26,38.905
2018-10-29,38.754999999999995
2018-10-30,39.224999999999994
2018-10-31,39.545
2018-11-01,40.065
2018-11-02,40.175
2018-11-05,40.165
2018-11-06,40.364999999999995
2018-11-07,40.875
2018-11-08,40.445
2018-11-09,40.165
2018-11-12,39.485
2018-11-13,39.635000000000005
2018-11-14,39.675
2018-11-15,39.815
2018-11-16,39.845
2018-11-19,39.495000000000005
2018-11-20,38.765
2018-11-21,39.345
2018-11-23,39.075
2018-11-26,39.644999999999996
2018-11-27,39.495000000000005
2018-11-28,40.075
2018-11-29,39.905
2018-11-30,39.745000000000005
2018-12-03,40.295
2018-12-04,39.254999999999995
2018-12-06,38.875
2018-12-07,38.485
2018-12-10,38.135000000000005
2018-12-11,38.215
2018-12-12,38.785
2018-12-13,38.715
2018-12-14,38.185
2018-12-17,37.825
2018-12-18,37.885000000000005
2018-12-19,37.504999999999995
2018-12-20,37.335
2018-12-21,36.635000000000005
2018-12-24,35.855000000000004
2018-12-26,36.735
2018-12-27,36.805
2018-12-28,37.035
2018-12-31,37.105000000000004
2019-01-02,37.055
2019-01-03,36.754999999999995
2019-01-04,37.864999999999995
2019-01-07,38.004999999999995
2019-01-08,38.275000000000006
2019-01-09,38.745000000000005
2019-01-10,38.894999999999996
2019-01-11,38.644999999999996
2019-01-14,38.465
2019-01-15,38.685
2019-01-16,38.815
2019-01-17,38.965
2019-01-18,39.355000000000004
2019-01-22,38.765
2019-01-23,38.945
2019-01-24,39.015
2019-01-25,39.504999999999995
2019-01-28,39.305
2019-01-29,39.425
2019-01-30,39.875
2019-01-31,39.864999999999995
2019-02-01,39.835
2019-02-04,40.004999999999995
2019-02-05,40.295
2019-02-06,40.065
2019-02-07,39.555
2019-02-08,39.394999999999996
2019-02-11,39.335
2019-02-12,39.835
2019-02-13,39.86
2019-02-14,39.864999999999995
2019-02-15,40.4
2019-02-19,40.585
2019-02-20,40.745000000000005
2019-02-21,40.644999999999996
2019-02-22,40.815
2019-02-25,40.915
2019-02-26,41.105000000000004
2019-02-27,40.965
2019-02-28,40.825
2019-03-01,41.035
2019-03-04,40.894999999999996
2019-03-05,40.915
2019-03-06,40.805
2019-03-07,40.275000000000006
2019-03-08,40.224999999999994
2019-03-11,40.595
2019-03-12,40.635000000000005
2019-03-13,40.925
2019-03-14,40.875
2019-03-15,41.275000000000006
2019-03-18,41.445
2019-03-19,41.525000000000006
2019-03-20,41.515
2019-03-21,41.53
2019-03-22,40.724999999999994
2019-03-25,40.754999999999995
2019-03-26,40.995000000000005
2019-03-27,40.935
2019-03-28,40.724999999999994
2019-03-29,40.864999999999995
2019-04-01,41.394999999999996
2019-04-02,41.425
2019-04-03,41.735
2019-04-04,41.675
2019-04-05,41.765
2019-04-08,41.785
2019-04-09,41.535
2019-04-10,41.705
2019-04-11,41.635000000000005
2019-04-12,41.935
2019-04-15,41.955
2019-04-16,42.025000000000006
2019-04-17,42.114999999999995
2019-04-18,42.035
2019-04-22,41.985
2019-04-23,42.065
2019-04-24,41.695
2019-04-25,41.665
2019-04-26,41.835
2019-04-29,42.004999999999995
2019-04-30,42.004999999999995
2019-05-01,41.754999999999995
2019-05-02,41.675
2019-05-03,42.105000000000004
2019-05-06,41.675
2019-05-07,40.974999999999994
2019-05-08,41.025000000000006
2019-05-09,40.745000000000005
2019-05-10,41.015
2019-05-13,40.085
2019-05-14,40.485
2019-05-15,40.644999999999996
2019-05-16,40.915
2019-05-17,40.655
2019-05-20,40.474999999999994
2019-05-21,40.765
2019-05-22,40.595
2019-05-23,40.195
2019-05-24,40.605000000000004
2019-05-28,40.254999999999995
2019-05-29,39.995000000000005
2019-05-30,40.135000000000005
2019-05-31,39.825
2019-06-03,40.015
2019-06-04,40.504999999999995
2019-06-05,40.495000000000005
2019-06-06,40.665
2019-06-07,41.144999999999996
2019-06-10,41.245000000000005
2019-06-11,41.455
2019-06-12,41.125
2019-06-13,41.165
2019-06-14,40.875
2019-06-17,40.455
2019-06-18,40.995000000000005
2019-06-19,41.245000000000005
2019-06-20,41.655
2019-06-21,41.485
2019-06-24,41.565
2019-06-25,41.325
2019-06-26,41.364999999999995
2019-06-27,41.485
2019-06-28,41.685
2019-07-01,41.905
2019-07-02,42.025000000000006
2019-07-03,42.265
2019-07-05,41.974999999999994
2019-07-08,41.705
2019-07-09,41.504999999999995
2019-07-10,41.685
2019-07-11,41.695
2019-07-12,41.735
2019-07-15,41.775000000000006
2019-07-16,41.595
2019-07-17,41.525000000000006
2019-07-18,41.644999999999996
2019-07-19,41.575
2019-07-22,41.635000000000005
2019-07-23,41.845
2019-07-24,41.864999999999995
2019-07-25,41.465
2019-07-26,41.555
2019-07-29,41.555
2019-07-30,41.125
2019-07-31,40.875
