DATE,VPL
2007-01-03,
2007-01-04,
2007-01-05,
2007-01-08,65.605
2007-01-09,
2007-01-10,
2007-01-11,
2007-01-12,66.205
2007-01-16,
2007-01-17,
2007-01-18,
2007-01-19,
2007-01-22,
2007-01-23,
2007-01-24,
2007-01-25,
2007-01-26,
2007-01-29,
2007-01-30,
2007-01-31,
2007-02-01,
2007-02-02,
2007-02-05,
2007-02-06,
2007-02-07,
2007-02-08,
2007-02-09,67.31
2007-02-12,
2007-02-13,
2007-02-14,
2007-02-15,
2007-02-16,
2007-02-20,
2007-02-21,
2007-02-22,
2007-02-23,
2007-02-26,
2007-02-27,
2007-02-28,
2007-03-01,
2007-03-02,
2007-03-05,65.725
2007-03-06,
2007-03-07,
2007-03-08,
2007-03-09,
2007-03-12,
2007-03-13,
2007-03-14,
2007-03-15,
2007-03-16,
2007-03-19,
2007-03-20,
2007-03-21,
2007-03-22,
2007-03-23,
2007-03-26,
2007-03-27,
2007-03-28,
2007-03-29,
2007-03-30,
2007-04-02,
2007-04-03,68.61
2007-04-04,
2007-04-05,
2007-04-09,
2007-04-10,
2007-04-11,
2007-04-12,
2007-04-13,
2007-04-16,
2007-04-17,
2007-04-18,
2007-04-19,
2007-04-20,
2007-04-23,68.965
2007-04-24,
2007-04-25,
2007-04-26,
2007-04-27,
2007-04-30,
2007-05-01,
2007-05-02,
2007-05-03,
2007-05-04,
2007-05-07,
2007-05-08,
2007-05-09,
2007-05-10,
2007-05-11,69.75999999999999
2007-05-14,
2007-05-15,
2007-05-16,
2007-05-17,70.045
2007-05-18,
2007-05-21,
2007-05-22,
2007-05-23,
2007-05-24,
2007-05-25,69.11500000000001
2007-05-29,
2007-05-30,
2007-05-31,
2007-06-01,
2007-06-04,
2007-06-05,
2007-06-06,
2007-06-07,
2007-06-08,
2007-06-11,
2007-06-12,
2007-06-13,
2007-06-14,
2007-06-15,
2007-06-18,
2007-06-19,
2007-06-20,
2007-06-21,
2007-06-22,
2007-06-25,
2007-06-26,69.62
2007-06-27,
2007-06-28,
2007-06-29,
2007-07-02,
2007-07-03,
2007-07-05,71.785
2007-07-06,71.595
2007-07-09,72.715
2007-07-10,
2007-07-11,71.135
2007-07-12,72.53
2007-07-13,77.02
2007-07-16,72.565
2007-07-17,71.97
2007-07-18,70.925
2007-07-19,72.525
2007-07-20,76.75999999999999
2007-07-23,72.67500000000001
2007-07-24,72.245
2007-07-25,72.31
2007-07-26,70.555
2007-07-27,
2007-07-30,70.60499999999999
2007-07-31,69.8
2007-08-01,
2007-08-02,73.795
2007-08-03,68.245
2007-08-06,73.57
2007-08-07,73.74000000000001
2007-08-08,70.18
2007-08-09,68.525
2007-08-10,72.825
2007-08-13,
2007-08-14,
2007-08-15,
2007-08-16,
2007-08-17,68.025
2007-08-20,
2007-08-21,
2007-08-22,
2007-08-23,
2007-08-24,
2007-08-27,
2007-08-28,
2007-08-29,
2007-08-30,66.75
2007-08-31,
2007-09-04,
2007-09-05,
2007-09-06,
2007-09-07,
2007-09-10,
2007-09-11,
2007-09-12,
2007-09-13,
2007-09-14,
2007-09-17,
2007-09-18,
2007-09-19,
2007-09-20,
2007-09-21,69.065
2007-09-24,
2007-09-25,
2007-09-26,
2007-09-27,
2007-09-28,
2007-10-01,
2007-10-02,
2007-10-03,
2007-10-04,
2007-10-05,
2007-10-08,
2007-10-09,
2007-10-10,
2007-10-11,
2007-10-12,
2007-10-15,
2007-10-16,
2007-10-17,
2007-10-18,
2007-10-19,
2007-10-22,
2007-10-23,
2007-10-24,
2007-10-25,
2007-10-26,
2007-10-29,
2007-10-30,
2007-10-31,
2007-11-01,
2007-11-02,
2007-11-05,
2007-11-06,
2007-11-07,
2007-11-08,
2007-11-09,
2007-11-12,69.405
2007-11-13,
2007-11-14,
2007-11-15,
2007-11-16,
2007-11-19,
2007-11-20,
2007-11-21,
2007-11-23,
2007-11-26,
2007-11-27,
2007-11-28,
2007-11-29,
2007-11-30,
2007-12-03,
2007-12-04,
2007-12-05,
2007-12-06,
2007-12-07,
2007-12-10,
2007-12-11,
2007-12-12,
2007-12-13,
2007-12-14,
2007-12-17,
2007-12-18,
2007-12-19,
2007-12-20,
2007-12-21,
2007-12-24,
2007-12-26,
2007-12-27,
2007-12-28,
2007-12-31,
2008-01-02,
2008-01-03,
2008-01-04,
2008-01-07,
2008-01-08,
2008-01-09,
2008-01-10,
2008-01-11,
2008-01-14,67.14500000000001
2008-01-15,
2008-01-16,64.71000000000001
2008-01-17,61.42
2008-01-18,
2008-01-22,62.655
2008-01-23,
2008-01-24,60.754999999999995
2008-01-25,
2008-01-28,62.95
2008-01-29,63.41
2008-01-30,63.35000000000001
2008-01-31,64.245
2008-02-01,65.50999999999999
2008-02-04,64.72
2008-02-05,
2008-02-06,
2008-02-07,62.519999999999996
2008-02-08,60.650000000000006
2008-02-11,60.965
2008-02-12,62.815
2008-02-13,62.505
2008-02-14,61.955
2008-02-15,62.375
2008-02-19,63.035
2008-02-20,63.8
2008-02-21,59.43
2008-02-22,64.265
2008-02-25,64.595
2008-02-26,64.8
2008-02-27,64.875
2008-02-28,64.425
2008-02-29,63.45
2008-03-03,62.755
2008-03-04,61.58
2008-03-05,62.11
2008-03-06,58.6
2008-03-07,60.1
2008-03-10,59.510000000000005
2008-03-11,63.655
2008-03-12,62.445
2008-03-13,63.975
2008-03-14,59.545
2008-03-17,62.85
2008-03-18,60.489999999999995
2008-03-19,57.695
2008-03-20,62.655
2008-03-24,59.980000000000004
2008-03-25,62.29
2008-03-26,62.085
2008-03-27,62.09
2008-03-28,62.989999999999995
2008-03-31,61.8
2008-04-01,63.27
2008-04-02,63.51
2008-04-03,64.995
2008-04-04,64.57
2008-04-07,64.71
2008-04-08,63.9
2008-04-09,62.975
2008-04-10,62.925
2008-04-11,63.515
2008-04-14,62.225
2008-04-15,63.815
2008-04-16,
2008-04-17,64.94500000000001
2008-04-18,65.31
2008-04-21,65.805
2008-04-22,65.66499999999999
2008-04-23,65.995
2008-04-24,64.425
2008-04-25,66.785
2008-04-28,66.36
2008-04-29,66.96000000000001
2008-04-30,67.16499999999999
2008-05-01,66.35
2008-05-02,67.53999999999999
2008-05-05,66.695
2008-05-06,67.855
2008-05-07,66.205
2008-05-08,65.975
2008-05-09,66.225
2008-05-12,67.285
2008-05-13,67.405
2008-05-14,66.77000000000001
2008-05-15,69.17500000000001
2008-05-16,68.13
2008-05-19,68.47999999999999
2008-05-20,68.81
2008-05-21,67.235
2008-05-22,68.81
2008-05-23,67.50999999999999
2008-05-27,68.0
2008-05-28,67.215
2008-05-29,67.39
2008-05-30,68.80000000000001
2008-06-02,67.845
2008-06-03,67.785
2008-06-04,67.945
2008-06-05,67.945
2008-06-06,68.225
2008-06-09,67.22
2008-06-10,66.995
2008-06-11,65.58500000000001
2008-06-12,64.945
2008-06-13,67.265
2008-06-16,66.41499999999999
2008-06-17,65.53
2008-06-18,65.91
2008-06-19,66.995
2008-06-20,62.685
2008-06-23,64.08
2008-06-24,64.915
2008-06-25,62.69
2008-06-26,62.239999999999995
2008-06-27,62.510000000000005
2008-06-30,62.725
2008-07-01,
2008-07-02,62.06
2008-07-03,61.565
2008-07-07,60.69
2008-07-08,
2008-07-09,60.15
2008-07-10,60.605
2008-07-11,58.98
2008-07-14,60.004999999999995
2008-07-15,58.989999999999995
2008-07-16,
2008-07-17,
2008-07-18,
2008-07-21,
2008-07-22,
2008-07-23,61.980000000000004
2008-07-24,
2008-07-25,61.245000000000005
2008-07-28,60.095
2008-07-29,
2008-07-30,59.900000000000006
2008-07-31,
2008-08-01,
2008-08-04,58.370000000000005
2008-08-05,
2008-08-06,58.379999999999995
2008-08-07,58.004999999999995
2008-08-08,
2008-08-11,58.11
2008-08-12,57.739999999999995
2008-08-13,57.26
2008-08-14,56.95
2008-08-15,56.485
2008-08-18,56.735
2008-08-19,55.99
2008-08-20,55.855000000000004
2008-08-21,56.485
2008-08-22,56.675
2008-08-25,55.665
2008-08-26,56.55
2008-08-27,56.230000000000004
2008-08-28,56.885000000000005
2008-08-29,
2008-09-02,
2008-09-03,56.295
2008-09-04,
2008-09-05,53.82
2008-09-08,56.225
2008-09-09,54.510000000000005
2008-09-10,54.675
2008-09-11,58.41
2008-09-12,59.525
2008-09-15,53.515
2008-09-16,52.03
2008-09-17,
2008-09-18,51.69
2008-09-19,53.584999999999994
2008-09-22,52.855000000000004
2008-09-23,
2008-09-24,
2008-09-25,55.465
2008-09-26,54.555
2008-09-29,
2008-09-30,51.625
2008-10-01,50.68
2008-10-02,48.745
2008-10-03,44.72
2008-10-06,46.370000000000005
2008-10-07,43.96
2008-10-08,42.39
2008-10-09,42.19
2008-10-10,40.59
2008-10-13,
2008-10-14,44.38
2008-10-15,42.370000000000005
2008-10-16,43.085
2008-10-17,41.81
2008-10-20,45.55
2008-10-21,42.629999999999995
2008-10-22,43.495000000000005
2008-10-23,41.905
2008-10-24,38.78
2008-10-27,37.025
2008-10-28,38.825
2008-10-29,45.075
2008-10-30,42.349999999999994
2008-10-31,42.16
2008-11-03,42.82
2008-11-04,44.99
2008-11-05,43.754999999999995
2008-11-06,40.82
2008-11-07,42.43
2008-11-10,42.47
2008-11-11,41.525
2008-11-12,39.35
2008-11-13,44.775
2008-11-14,39.605000000000004
2008-11-17,41.989999999999995
2008-11-18,38.985
2008-11-19,36.989999999999995
2008-11-20,
2008-11-21,36.540000000000006
2008-11-24,39.92
2008-11-25,39.83
2008-11-26,40.255
2008-11-28,
2008-12-01,37.43
2008-12-02,39.629999999999995
2008-12-03,39.545
2008-12-04,37.82
2008-12-05,38.739999999999995
2008-12-08,39.965
2008-12-09,40.254999999999995
2008-12-10,
2008-12-11,40.879999999999995
2008-12-12,41.254999999999995
2008-12-15,41.260000000000005
2008-12-16,43.33
2008-12-17,43.87
2008-12-18,42.225
2008-12-19,42.205
2008-12-22,41.535
2008-12-23,39.215
2008-12-24,43.86
2008-12-26,46.775
2008-12-29,41.9
2008-12-30,43.28
2008-12-31,43.805
2009-01-02,43.955
2009-01-05,43.269999999999996
2009-01-06,43.205
2009-01-07,42.370000000000005
2009-01-08,46.775
2009-01-09,43.53
2009-01-12,41.665
2009-01-13,40.78
2009-01-14,40.125
2009-01-15,39.905
2009-01-16,38.955
2009-01-20,38.725
2009-01-21,40.455
2009-01-22,39.015
2009-01-23,38.56
2009-01-26,38.925
2009-01-27,39.475
2009-01-28,40.625
2009-01-29,39.555
2009-01-30,37.78
2009-02-02,38.59
2009-02-03,39.06
2009-02-04,39.05
2009-02-05,39.224999999999994
2009-02-06,39.8
2009-02-09,39.29
2009-02-10,37.93
2009-02-11,37.76
2009-02-12,37.805
2009-02-13,37.489999999999995
2009-02-17,
2009-02-18,
2009-02-19,
2009-02-20,
2009-02-23,
2009-02-24,
2009-02-25,
2009-02-26,
2009-02-27,
2009-03-02,
2009-03-03,
2009-03-04,
2009-03-05,
2009-03-06,
2009-03-09,
2009-03-10,36.65
2009-03-11,
2009-03-12,
2009-03-13,36.915
2009-03-16,
2009-03-17,37.21
2009-03-18,36.754999999999995
2009-03-19,37.06
2009-03-20,36.35
2009-03-23,38.129999999999995
2009-03-24,38.18
2009-03-25,39.785
2009-03-26,39.665
2009-03-27,38.870000000000005
2009-03-30,37.61
2009-03-31,37.625
2009-04-01,38.445
2009-04-02,39.93
2009-04-03,39.44
2009-04-06,39.2
2009-04-07,40.545
2009-04-08,39.04
2009-04-09,40.06
2009-04-13,40.795
2009-04-14,40.33
2009-04-15,40.705
2009-04-16,41.004999999999995
2009-04-17,41.150000000000006
2009-04-20,39.18
2009-04-21,40.435
2009-04-22,40.405
2009-04-23,40.629999999999995
2009-04-24,41.57
2009-04-27,41.69
2009-04-28,40.78
2009-04-29,40.84
2009-04-30,41.114999999999995
2009-05-01,41.205
2009-05-04,41.875
2009-05-05,42.760000000000005
2009-05-06,44.155
2009-05-07,43.405
2009-05-08,43.305
2009-05-11,44.55
2009-05-12,44.265
2009-05-13,43.705
2009-05-14,43.185
2009-05-15,43.25
2009-05-18,43.765
2009-05-19,44.495000000000005
2009-05-20,44.8
2009-05-21,44.36
2009-05-22,44.495000000000005
2009-05-26,
2009-05-27,45.065
2009-05-28,45.025
2009-05-29,45.065
2009-06-01,46.275000000000006
2009-06-02,46.905
2009-06-03,46.5
2009-06-04,46.185
2009-06-05,45.97
2009-06-08,46.425
2009-06-09,46.065
2009-06-10,46.11
2009-06-11,46.745000000000005
2009-06-12,46.5
2009-06-15,46.5
2009-06-16,46.18
2009-06-17,45.754999999999995
2009-06-18,45.735
2009-06-19,46.5
2009-06-22,44.805
2009-06-23,44.769999999999996
2009-06-24,45.715
2009-06-25,46.205
2009-06-26,46.725
2009-06-29,46.79
2009-06-30,45.835
2009-07-01,46.295
2009-07-02,46.57
2009-07-06,45.765
2009-07-07,45.235
2009-07-08,44.78
2009-07-09,44.815
2009-07-10,44.94
2009-07-13,45.28
2009-07-14,44.605000000000004
2009-07-15,45.445
2009-07-16,46.03
2009-07-17,46.205
2009-07-20,46.015
2009-07-21,46.915
2009-07-22,47.14
2009-07-23,47.67
2009-07-24,48.21
2009-07-27,46.34
2009-07-28,48.525000000000006
2009-07-29,48.334999999999994
2009-07-30,48.705
2009-07-31,49.45
2009-08-03,49.885
2009-08-04,50.72
2009-08-05,50.22
2009-08-06,49.945
2009-08-07,50.06
2009-08-10,49.644999999999996
2009-08-11,49.989999999999995
2009-08-12,50.745000000000005
2009-08-13,50.345
2009-08-14,50.85
2009-08-17,48.745000000000005
2009-08-18,49.425
2009-08-19,49.894999999999996
2009-08-20,49.935
2009-08-21,51.06
2009-08-24,51.095
2009-08-25,51.225
2009-08-26,51.195
2009-08-27,51.855000000000004
2009-08-28,52.455
2009-08-31,51.735
2009-09-01,50.89
2009-09-02,50.91
2009-09-03,50.855000000000004
2009-09-04,51.125
2009-09-08,51.725
2009-09-09,53.22
2009-09-10,52.925
2009-09-11,53.405
2009-09-14,53.21
2009-09-15,
2009-09-16,
2009-09-17,78.59
2009-09-18,78.725
2009-09-21,52.99
2009-09-22,53.155
2009-09-23,52.91
2009-09-24,52.625
2009-09-25,52.92
2009-09-28,53.125
2009-09-29,52.56999999999999
2009-09-30,51.805
2009-10-01,50.66
2009-10-02,50.66
2009-10-05,50.230000000000004
2009-10-06,50.495000000000005
2009-10-07,51.89
2009-10-08,51.935
2009-10-09,53.39
2009-10-12,52.725
2009-10-13,52.855000000000004
2009-10-14,52.78
2009-10-15,53.205
2009-10-16,52.69
2009-10-19,53.155
2009-10-20,53.705
2009-10-21,53.92
2009-10-22,53.205
2009-10-23,52.629999999999995
2009-10-26,51.775000000000006
2009-10-27,52.495000000000005
2009-10-28,51.47
2009-10-29,51.29
2009-10-30,51.44
2009-11-02,50.605000000000004
2009-11-03,51.08
2009-11-04,51.005
2009-11-05,51.215
2009-11-06,52.025
2009-11-09,51.5
2009-11-10,52.135
2009-11-11,52.03
2009-11-12,51.8
2009-11-13,51.61
2009-11-16,52.015
2009-11-17,52.370000000000005
2009-11-18,51.685
2009-11-19,51.115
2009-11-20,50.85
2009-11-23,50.77
2009-11-24,51.32
2009-11-25,50.975
2009-11-27,51.625
2009-11-30,50.915000000000006
2009-12-01,51.94
2009-12-02,52.97
2009-12-03,52.769999999999996
2009-12-04,53.655
2009-12-07,53.04
2009-12-08,52.675
2009-12-09,52.555
2009-12-10,52.915
2009-12-11,53.34
2009-12-14,52.875
2009-12-15,52.035
2009-12-16,52.73
2009-12-17,52.400000000000006
2009-12-18,52.004999999999995
2009-12-21,52.17
2009-12-22,51.84
2009-12-23,52.275000000000006
2009-12-24,51.349999999999994
2009-12-28,51.629999999999995
2009-12-29,51.665
2009-12-30,51.815
2009-12-31,51.510000000000005
2010-01-04,51.94
2010-01-05,52.93000000000001
2010-01-06,52.879999999999995
2010-01-07,53.269999999999996
2010-01-08,53.17
2010-01-11,53.739999999999995
2010-01-12,53.724999999999994
2010-01-13,55.225
2010-01-14,54.75
2010-01-15,54.565
2010-01-19,54.275000000000006
2010-01-20,53.06
2010-01-21,53.035
2010-01-22,52.71
2010-01-25,52.644999999999996
2010-01-26,52.515
2010-01-27,51.905
2010-01-28,50.045
2010-01-29,50.400000000000006
2010-02-01,51.11
2010-02-02,52.114999999999995
2010-02-03,55.305
2010-02-04,49.97
2010-02-05,49.35
2010-02-08,49.150000000000006
2010-02-09,51.695
2010-02-10,51.504999999999995
2010-02-11,62.519999999999996
2010-02-12,50.45
2010-02-16,51.75
2010-02-17,51.53
2010-02-18,51.97
2010-02-19,62.225
2010-02-22,62.845
2010-02-23,62.635000000000005
2010-02-24,62.185
2010-02-25,51.015
2010-02-26,52.56
2010-03-01,52.370000000000005
2010-03-02,52.79
2010-03-03,52.989999999999995
2010-03-04,52.8
2010-03-05,63.665
2010-03-08,53.39
2010-03-09,53.57
2010-03-10,52.86
2010-03-11,53.275000000000006
2010-03-12,53.144999999999996
2010-03-15,53.75
2010-03-16,53.47
2010-03-17,54.480000000000004
2010-03-18,54.66
2010-03-19,54.025
2010-03-22,54.55
2010-03-23,54.56
2010-03-24,54.425
2010-03-25,53.980000000000004
2010-03-26,53.625
2010-03-29,54.18
2010-03-30,54.88
2010-03-31,55.085
2010-04-01,55.290000000000006
2010-04-05,55.595
2010-04-06,57.225
2010-04-07,55.82
2010-04-08,55.455
2010-04-09,55.379999999999995
2010-04-12,54.945
2010-04-13,55.614999999999995
2010-04-14,55.3
2010-04-15,56.230000000000004
2010-04-16,56.065
2010-04-19,55.08
2010-04-20,54.925
2010-04-21,55.265
2010-04-22,54.315
2010-04-23,54.769999999999996
2010-04-26,54.93
2010-04-27,53.730000000000004
2010-04-28,53.93
2010-04-29,54.480000000000004
2010-04-30,54.16
2010-05-03,53.825
2010-05-04,53.575
2010-05-05,51.980000000000004
2010-05-06,50.735
2010-05-07,49.394999999999996
2010-05-10,52.004999999999995
2010-05-11,52.625
2010-05-12,52.215
2010-05-13,51.97
2010-05-14,51.345
2010-05-17,50.91
2010-05-18,50.64
2010-05-19,49.78
2010-05-20,48.760000000000005
2010-05-21,48.44
2010-05-24,49.144999999999996
2010-05-25,47.379999999999995
2010-05-26,48.05500000000001
2010-05-27,48.46
2010-05-28,48.66
2010-06-01,48.045
2010-06-02,48.555
2010-06-03,48.835
2010-06-04,47.959999999999994
2010-06-07,46.885000000000005
2010-06-08,47.540000000000006
2010-06-09,47.455
2010-06-10,48.894999999999996
2010-06-11,48.415
2010-06-14,49.115
2010-06-15,49.975
2010-06-16,50.15
2010-06-17,50.105000000000004
2010-06-18,50.855000000000004
2010-06-21,50.71
2010-06-22,50.05
2010-06-23,49.84
2010-06-24,49.155
2010-06-25,49.88
2010-06-28,49.364999999999995
2010-06-29,48.425
2010-06-30,48.0
2010-07-01,47.769999999999996
2010-07-02,47.84
2010-07-06,49.15
2010-07-07,50.175
2010-07-08,50.285
2010-07-09,50.245000000000005
2010-07-12,50.475
2010-07-13,50.394999999999996
2010-07-14,50.55
2010-07-15,49.625
2010-07-16,49.17
2010-07-19,48.915
2010-07-20,49.195
2010-07-21,49.290000000000006
2010-07-22,49.64
2010-07-23,50.63
2010-07-26,50.62
2010-07-27,51.455
2010-07-28,50.80500000000001
2010-07-29,51.685
2010-07-30,51.615
2010-08-02,52.57
2010-08-03,52.475
2010-08-04,52.47
2010-08-05,52.71
2010-08-06,53.405
2010-08-09,53.239999999999995
2010-08-10,51.72
2010-08-11,50.599999999999994
2010-08-12,50.004999999999995
2010-08-13,50.18
2010-08-16,50.535
2010-08-17,51.095
2010-08-18,51.305
2010-08-19,50.79
2010-08-20,50.625
2010-08-23,50.665
2010-08-24,49.97
2010-08-25,49.379999999999995
2010-08-26,49.8
2010-08-27,50.525
2010-08-30,50.305
2010-08-31,49.629999999999995
2010-09-01,51.235
2010-09-02,
2010-09-03,52.59
2010-09-07,51.925
2010-09-08,51.754999999999995
2010-09-09,52.435
2010-09-10,52.625
2010-09-13,53.745000000000005
2010-09-14,53.19
2010-09-15,53.32
2010-09-16,53.01
2010-09-17,51.989999999999995
2010-09-20,53.705
2010-09-21,53.415
2010-09-22,53.33
2010-09-23,52.92
2010-09-24,54.02
2010-09-27,54.11
2010-09-28,54.260000000000005
2010-09-29,55.235
2010-09-30,54.37
2010-10-01,53.915000000000006
2010-10-04,53.455
2010-10-05,54.730000000000004
2010-10-06,55.25
2010-10-07,55.54
2010-10-08,55.55
2010-10-11,56.724999999999994
2010-10-12,56.165
2010-10-13,55.675
2010-10-14,55.72
2010-10-15,55.870000000000005
2010-10-18,
2010-10-19,
2010-10-20,55.709999999999994
2010-10-21,
2010-10-22,54.96
2010-10-25,55.905
2010-10-26,55.04
2010-10-27,54.614999999999995
2010-10-28,55.04
2010-10-29,54.935
2010-11-01,55.21
2010-11-02,55.56
2010-11-03,55.235
2010-11-04,57.135
2010-11-05,57.31
2010-11-08,57.17
2010-11-09,57.11
2010-11-10,57.16
2010-11-11,57.04
2010-11-12,56.480000000000004
2010-11-15,56.575
2010-11-16,54.42
2010-11-17,55.49
2010-11-18,56.905
2010-11-19,56.655
2010-11-22,56.545
2010-11-23,54.155
2010-11-24,56.09
2010-11-26,55.77
2010-11-29,55.545
2010-11-30,55.04
2010-12-01,56.93
2010-12-02,56.855000000000004
2010-12-03,57.295
2010-12-06,57.35
2010-12-07,57.635000000000005
2010-12-08,57.255
2010-12-09,57.56999999999999
2010-12-10,57.335
2010-12-13,58.225
2010-12-14,58.22
2010-12-15,57.95
2010-12-16,57.725
2010-12-17,58.4
2010-12-20,62.54
2010-12-21,59.205
2010-12-22,57.605000000000004
2010-12-23,56.42
2010-12-27,55.335
2010-12-28,57.64
2010-12-29,58.195
2010-12-30,57.84
2010-12-31,57.06999999999999
2011-01-03,58.415
2011-01-04,57.18
2011-01-05,57.2
2011-01-06,58.035
2011-01-07,56.725
2011-01-10,56.769999999999996
2011-01-11,58.43
2011-01-12,57.709999999999994
2011-01-13,58.89
2011-01-14,58.68
2011-01-18,59.025
2011-01-19,59.09
2011-01-20,58.275000000000006
2011-01-21,57.89
2011-01-24,58.17
2011-01-25,58.459999999999994
2011-01-26,59.78
2011-01-27,59.394999999999996
2011-01-28,56.595
2011-01-31,58.95
2011-02-01,59.435
2011-02-02,60.489999999999995
2011-02-03,60.57
2011-02-04,58.175
2011-02-07,58.235
2011-02-08,58.89
2011-02-09,58.515
2011-02-10,58.285
2011-02-11,58.34
2011-02-14,58.84
2011-02-15,60.525
2011-02-16,59.25
2011-02-17,61.144999999999996
2011-02-18,61.35
2011-02-22,59.96
2011-02-23,59.89
2011-02-24,59.87
2011-02-25,58.875
2011-02-28,61.2
2011-03-01,59.870000000000005
2011-03-02,59.435
2011-03-03,59.239999999999995
2011-03-04,59.375
2011-03-07,58.26
2011-03-08,58.495000000000005
2011-03-09,59.1
2011-03-10,59.095
2011-03-11,56.36
2011-03-14,55.805
2011-03-15,52.66
2011-03-16,52.25
2011-03-17,56.5
2011-03-18,56.495000000000005
2011-03-21,56.65
2011-03-22,56.5
2011-03-23,54.875
2011-03-24,56.775000000000006
2011-03-25,57.235
2011-03-28,57.46
2011-03-29,58.629999999999995
2011-03-30,57.870000000000005
2011-03-31,55.155
2011-04-01,55.894999999999996
2011-04-04,55.155
2011-04-05,56.375
2011-04-06,55.075
2011-04-07,53.19
2011-04-08,56.775000000000006
2011-04-11,55.155
2011-04-12,55.165
2011-04-13,
2011-04-14,56.375
2011-04-15,55.155
2011-04-18,54.834999999999994
2011-04-19,56.09
2011-04-20,56.230000000000004
2011-04-21,59.019999999999996
2011-04-25,56.445
2011-04-26,56.64
2011-04-27,56.525000000000006
2011-04-28,58.6
2011-04-29,57.0
2011-05-02,57.415
2011-05-03,56.995
2011-05-04,55.614999999999995
2011-05-05,57.3
2011-05-06,57.004999999999995
2011-05-09,55.614999999999995
2011-05-10,58.269999999999996
2011-05-11,59.105000000000004
2011-05-12,58.540000000000006
2011-05-13,58.535
2011-05-16,55.96
2011-05-17,55.225
2011-05-18,55.0
2011-05-19,56.125
2011-05-20,54.75
2011-05-23,56.480000000000004
2011-05-24,56.695
2011-05-25,55.69
2011-05-26,54.5
2011-05-27,54.5
2011-05-31,54.614999999999995
2011-06-01,55.125
2011-06-02,55.165
2011-06-03,55.585
2011-06-06,55.165
2011-06-07,57.16
2011-06-08,54.620000000000005
2011-06-09,57.2
2011-06-10,54.31
2011-06-13,54.739999999999995
2011-06-14,57.084999999999994
2011-06-15,54.099999999999994
2011-06-16,53.875
2011-06-17,53.975
2011-06-20,54.415
2011-06-21,56.165
2011-06-22,54.93
2011-06-23,54.435
2011-06-24,57.22
2011-06-27,57.22
2011-06-28,57.205
2011-06-29,54.51
2011-06-30,60.105000000000004
2011-07-01,56.4
2011-07-05,55.894999999999996
2011-07-06,55.004999999999995
2011-07-07,56.03
2011-07-08,56.269999999999996
2011-07-11,55.0
2011-07-12,56.07
2011-07-13,56.0
2011-07-14,55.69
2011-07-15,56.185
2011-07-18,55.465
2011-07-19,55.985
2011-07-20,56.7
2011-07-21,57.92
2011-07-22,58.2
2011-07-25,57.295
2011-07-26,58.175
2011-07-27,57.975
2011-07-28,57.25
2011-07-29,57.25
2011-08-01,57.555
2011-08-02,57.255
2011-08-03,57.239999999999995
2011-08-04,55.5
2011-08-05,55.5
2011-08-08,52.24
2011-08-09,52.16
2011-08-10,52.8
2011-08-11,51.325
2011-08-12,55.025
2011-08-15,52.085
2011-08-16,55.004999999999995
2011-08-17,54.615
2011-08-18,53.985
2011-08-19,53.900000000000006
2011-08-22,53.905
2011-08-23,51.09
2011-08-24,49.95
2011-08-25,50.21
2011-08-26,52.71
2011-08-29,53.285
2011-08-30,53.3
2011-08-31,53.22
2011-09-01,53.6
2011-09-02,53.41
2011-09-06,52.6
2011-09-07,52.495
2011-09-08,53.010000000000005
2011-09-09,52.254999999999995
2011-09-12,51.760000000000005
2011-09-13,52.290000000000006
2011-09-14,52.35
2011-09-15,52.305
2011-09-16,51.565
2011-09-19,53.55
2011-09-20,51.97
2011-09-21,51.75
2011-09-22,47.5
2011-09-23,48.405
2011-09-26,48.7
2011-09-27,53.495000000000005
2011-09-28,52.085
2011-09-29,49.84
2011-09-30,48.785
2011-10-03,47.675
2011-10-04,50.51
2011-10-05,48.955
2011-10-06,50.695
2011-10-07,49.285
2011-10-10,52.06
2011-10-11,52.16
2011-10-12,52.16
2011-10-13,52.16
2011-10-14,52.16
2011-10-17,52.16
2011-10-18,50.864999999999995
2011-10-19,50.864999999999995
2011-10-20,52.16
2011-10-21,52.16
2011-10-24,52.425
2011-10-25,51.224999999999994
2011-10-26,50.785
2011-10-27,53.129999999999995
2011-10-28,51.335
2011-10-31,51.325
2011-11-01,51.019999999999996
2011-11-02,50.535
2011-11-03,50.965
2011-11-04,50.435
2011-11-07,51.125
2011-11-08,52.32
2011-11-09,50.195
2011-11-10,50.805
2011-11-11,50.565
2011-11-14,50.385000000000005
2011-11-15,51.515
2011-11-16,51.775
2011-11-17,50.965
2011-11-18,50.885000000000005
2011-11-21,49.33
2011-11-22,50.625
2011-11-23,47.995000000000005
2011-11-25,
2011-11-28,49.445
2011-11-29,49.114999999999995
2011-11-30,51.03
2011-12-01,51.165
2011-12-02,51.355000000000004
2011-12-05,50.405
2011-12-06,50.755
2011-12-07,50.635000000000005
2011-12-08,50.230000000000004
2011-12-09,50.715
2011-12-12,50.725
2011-12-13,50.8
2011-12-14,48.905
2011-12-15,51.595
2011-12-16,49.265
2011-12-19,48.05
2011-12-20,48.95
2011-12-21,47.165
2011-12-22,47.375
2011-12-23,47.665000000000006
2011-12-27,47.655
2011-12-28,47.114999999999995
2011-12-29,46.94
2011-12-30,47.46
2012-01-03,48.665
2012-01-04,48.765
2012-01-05,48.095
2012-01-06,48.0
2012-01-09,47.75
2012-01-10,48.735
2012-01-11,48.515
2012-01-12,48.42
2012-01-13,48.365
2012-01-17,49.135000000000005
2012-01-18,49.595
2012-01-19,49.52
2012-01-20,50.28
2012-01-23,50.51
2012-01-24,51.435
2012-01-25,50.8
2012-01-26,50.34
2012-01-27,50.81999999999999
2012-01-30,50.415000000000006
2012-01-31,50.805
2012-02-01,52.845
2012-02-02,51.92
2012-02-03,52.705
2012-02-06,51.84
2012-02-07,51.445
2012-02-08,52.3
2012-02-09,51.555
2012-02-10,51.025000000000006
2012-02-13,51.04
2012-02-14,50.925
2012-02-15,51.545
2012-02-16,51.43
2012-02-17,51.665000000000006
2012-02-21,51.935
2012-02-22,52.825
2012-02-23,52.894999999999996
2012-02-24,53.144999999999996
2012-02-27,52.57
2012-02-28,53.425
2012-02-29,52.92
2012-03-01,53.14
2012-03-02,52.71
2012-03-05,52.42
2012-03-06,51.4
2012-03-07,51.735
2012-03-08,52.585
2012-03-09,52.69
2012-03-12,52.275
2012-03-13,53.22
2012-03-14,52.42
2012-03-15,52.8
2012-03-16,53.075
2012-03-19,53.025000000000006
2012-03-20,53.735
2012-03-21,52.230000000000004
2012-03-22,52.21
2012-03-23,52.405
2012-03-26,52.945
2012-03-27,53.07
2012-03-28,53.105000000000004
2012-03-29,52.915
2012-03-30,53.144999999999996
2012-04-02,53.275
2012-04-03,52.68
2012-04-04,53.185
2012-04-05,51.865
2012-04-09,51.475
2012-04-10,51.085
2012-04-11,51.685
2012-04-12,52.175
2012-04-13,51.565
2012-04-16,51.57
2012-04-17,52.114999999999995
2012-04-18,52.075
2012-04-19,50.83
2012-04-20,53.575
2012-04-23,55.185
2012-04-24,51.655
2012-04-25,53.67
2012-04-26,52.185
2012-04-27,53.775
2012-04-30,52.03
2012-05-01,51.86
2012-05-02,53.325
2012-05-03,52.93
2012-05-04,52.335
2012-05-07,52.215
2012-05-08,51.349999999999994
2012-05-09,49.644999999999996
2012-05-10,50.334999999999994
2012-05-11,49.754999999999995
2012-05-14,49.015
2012-05-15,48.85
2012-05-16,48.2
2012-05-17,48.22
2012-05-18,47.254999999999995
2012-05-21,47.695
2012-05-22,47.375
2012-05-23,47.26
2012-05-24,47.17
2012-05-25,46.91
2012-05-29,47.394999999999996
2012-05-30,46.97
2012-05-31,47.224999999999994
2012-06-01,45.775
2012-06-04,46.155
2012-06-05,47.11
2012-06-06,48.555
2012-06-07,49.765
2012-06-08,49.11
2012-06-11,47.195
2012-06-12,47.55
2012-06-13,47.724999999999994
2012-06-14,47.459999999999994
2012-06-15,48.175
2012-06-18,48.375
2012-06-19,49.269999999999996
2012-06-20,49.59
2012-06-21,48.53
2012-06-22,48.575
2012-06-25,47.79
2012-06-26,48.075
2012-06-27,48.91
2012-06-28,48.75
2012-06-29,50.11
2012-07-02,51.114999999999995
2012-07-03,61.459999999999994
2012-07-05,51.07
2012-07-06,50.125
2012-07-09,49.620000000000005
2012-07-10,49.485
2012-07-11,49.45
2012-07-12,49.16
2012-07-13,48.730000000000004
2012-07-16,49.51
2012-07-17,49.3
2012-07-18,49.585
2012-07-19,50.12
2012-07-20,49.43000000000001
2012-07-23,48.765
2012-07-24,48.66
2012-07-25,48.69
2012-07-26,49.239999999999995
2012-07-27,49.86
2012-07-30,49.99
2012-07-31,50.195
2012-08-01,49.905
2012-08-02,50.305
2012-08-03,50.685
2012-08-06,50.14
2012-08-07,51.7
2012-08-08,51.055
2012-08-09,51.525
2012-08-10,50.709999999999994
2012-08-13,50.980000000000004
2012-08-14,51.22
2012-08-15,50.625
2012-08-16,51.425
2012-08-17,51.25
2012-08-20,51.355000000000004
2012-08-21,51.629999999999995
2012-08-22,51.745000000000005
2012-08-23,51.754999999999995
2012-08-24,51.095
2012-08-27,51.44
2012-08-28,51.035
2012-08-29,51.105000000000004
2012-08-30,50.465
2012-08-31,50.66
2012-09-04,49.555
2012-09-05,49.28
2012-09-06,51.010000000000005
2012-09-07,50.45
2012-09-10,50.25
2012-09-11,50.8
2012-09-12,50.775000000000006
2012-09-13,51.5
2012-09-14,52.505
2012-09-17,51.61
2012-09-18,52.28
2012-09-19,52.13
2012-09-20,51.66
2012-09-21,51.55
2012-09-24,51.485
2012-09-25,50.269999999999996
2012-09-26,50.769999999999996
2012-09-27,51.235
2012-09-28,51.165
2012-10-01,50.705
2012-10-02,50.425
2012-10-03,50.224999999999994
2012-10-04,50.455
2012-10-05,50.775000000000006
2012-10-08,50.415
2012-10-09,49.525
2012-10-10,49.595
2012-10-11,49.815
2012-10-12,49.730000000000004
2012-10-15,50.215
2012-10-16,50.815
2012-10-17,51.22
2012-10-18,51.364999999999995
2012-10-19,50.650000000000006
2012-10-22,51.21
2012-10-23,50.255
2012-10-24,50.575
2012-10-25,50.995000000000005
2012-10-26,50.68
2012-10-31,50.46
2012-11-01,50.945
2012-11-02,50.385000000000005
2012-11-05,50.595
2012-11-06,50.92
2012-11-07,50.245000000000005
2012-11-08,49.96
2012-11-09,50.04
2012-11-12,49.915
2012-11-13,49.685
2012-11-14,49.085
2012-11-15,49.489999999999995
2012-11-16,50.035
2012-11-19,50.815
2012-11-20,50.605000000000004
2012-11-21,50.629999999999995
2012-11-23,51.4
2012-11-26,51.349999999999994
2012-11-27,51.155
2012-11-28,51.355000000000004
2012-11-29,51.86
2012-11-30,51.760000000000005
2012-12-03,51.695
2012-12-04,51.655
2012-12-05,51.8
2012-12-06,51.989999999999995
2012-12-07,52.28
2012-12-10,52.225
2012-12-11,52.39
2012-12-12,52.585
2012-12-13,52.41
2012-12-14,52.53
2012-12-17,52.855000000000004
2012-12-18,53.445
2012-12-19,53.769999999999996
2012-12-20,53.355000000000004
2012-12-21,53.055
2012-12-24,53.0
2012-12-26,52.86
2012-12-27,53.055
2012-12-28,52.769999999999996
2012-12-31,53.605000000000004
2013-01-02,54.565
2013-01-03,54.120000000000005
2013-01-04,54.099999999999994
2013-01-07,53.8
2013-01-08,53.19
2013-01-09,53.75
2013-01-10,54.25
2013-01-11,54.12
2013-01-14,54.355
2013-01-15,54.34
2013-01-16,54.05
2013-01-17,54.325
2013-01-18,54.45
2013-01-22,54.145
2013-01-23,53.97
2013-01-24,54.275000000000006
2013-01-25,54.595
2013-01-28,54.055
2013-01-29,54.715
2013-01-30,54.94
2013-01-31,55.035
2013-02-01,55.095
2013-02-04,54.900000000000006
2013-02-05,54.790000000000006
2013-02-06,55.19
2013-02-07,55.120000000000005
2013-02-08,55.305
2013-02-11,55.59
2013-02-12,55.465
2013-02-13,55.445
2013-02-14,55.3
2013-02-15,55.22
2013-02-19,55.93
2013-02-20,55.745
2013-02-21,55.08
2013-02-22,55.795
2013-02-25,55.239999999999995
2013-02-26,55.815
2013-02-27,56.06
2013-02-28,56.135000000000005
2013-03-01,56.480000000000004
2013-03-04,56.504999999999995
2013-03-05,56.870000000000005
2013-03-06,57.38
2013-03-07,57.185
2013-03-08,57.375
2013-03-11,57.650000000000006
2013-03-12,57.18
2013-03-13,57.14
2013-03-14,57.44
2013-03-15,57.815
2013-03-18,57.415000000000006
2013-03-19,57.33
2013-03-20,57.665
2013-03-21,57.545
2013-03-22,57.82
2013-03-25,57.474999999999994
2013-03-26,57.92
2013-03-27,58.17
2013-03-28,58.01
2013-04-01,56.754999999999995
2013-04-02,57.14
2013-04-03,56.78
2013-04-04,57.925
2013-04-05,57.715
2013-04-08,58.11
2013-04-09,58.19
2013-04-10,59.085
2013-04-11,59.540000000000006
2013-04-12,59.275000000000006
2013-04-15,58.3
2013-04-16,59.285
2013-04-17,58.66
2013-04-18,58.285
2013-04-19,58.835
2013-04-22,58.955
2013-04-23,59.45
2013-04-24,59.989999999999995
2013-04-25,60.365
2013-04-26,60.14
2013-04-29,60.735
2013-04-30,61.195
2013-05-01,60.504999999999995
2013-05-02,60.7
2013-05-03,61.405
2013-05-06,61.225
2013-05-07,61.205
2013-05-08,61.585
2013-05-09,61.205
2013-05-10,61.035
2013-05-13,61.325
2013-05-14,61.685
2013-05-15,61.835
2013-05-16,61.205
2013-05-17,61.69
2013-05-20,62.150000000000006
2013-05-21,62.225
2013-05-22,61.52
2013-05-23,59.81
2013-05-24,58.655
2013-05-28,58.56
2013-05-29,57.935
2013-05-30,57.785
2013-05-31,56.555
2013-06-03,56.754999999999995
2013-06-04,57.269999999999996
2013-06-05,55.335
2013-06-06,55.56999999999999
2013-06-07,56.45
2013-06-10,56.615
2013-06-11,55.685
2013-06-12,55.685
2013-06-13,56.89
2013-06-14,55.69
2013-06-17,56.88
2013-06-18,57.44
2013-06-19,56.405
2013-06-20,54.004999999999995
2013-06-21,55.385000000000005
2013-06-24,53.81999999999999
2013-06-25,54.615
2013-06-26,54.69
2013-06-27,55.84
2013-06-28,55.865
2013-07-01,57.39
2013-07-02,56.5
2013-07-03,56.235
2013-07-05,56.769999999999996
2013-07-08,56.61
2013-07-09,57.195
2013-07-10,56.985
2013-07-11,58.795
2013-07-12,58.48
2013-07-15,58.855000000000004
2013-07-16,58.739999999999995
2013-07-17,59.095
2013-07-18,59.065
2013-07-19,58.89
2013-07-22,59.16
2013-07-23,59.375
2013-07-24,58.93000000000001
2013-07-25,58.510000000000005
2013-07-26,57.905
2013-07-29,57.015
2013-07-30,57.16
2013-07-31,58.33
2013-08-01,58.010000000000005
2013-08-02,58.620000000000005
2013-08-05,58.655
2013-08-06,58.6
2013-08-07,57.644999999999996
2013-08-08,57.95
2013-08-09,57.95
2013-08-12,58.05
2013-08-13,58.635000000000005
2013-08-14,58.49
2013-08-15,57.785
2013-08-16,57.805
2013-08-19,57.540000000000006
2013-08-20,57.095
2013-08-21,56.260000000000005
2013-08-22,56.685
2013-08-23,57.43
2013-08-26,56.96
2013-08-27,56.3
2013-08-28,56.475
2013-08-29,56.59
2013-08-30,55.995000000000005
2013-09-03,57.285
2013-09-04,58.17
2013-09-05,58.105000000000004
2013-09-06,58.315
2013-09-09,59.540000000000006
2013-09-10,60.07
2013-09-11,59.885000000000005
2013-09-12,59.405
2013-09-13,59.66
2013-09-16,60.32
2013-09-17,60.335
2013-09-18,62.095
2013-09-19,61.815
2013-09-20,61.175
2013-09-23,61.099999999999994
2013-09-24,61.0
2013-09-25,60.900000000000006
2013-09-26,61.615
2013-09-27,61.22
2013-09-30,60.730000000000004
2013-10-01,60.815
2013-10-02,60.695
2013-10-03,60.335
2013-10-04,60.614999999999995
2013-10-07,59.57
2013-10-08,59.405
2013-10-09,60.28
2013-10-10,61.235
2013-10-11,61.555
2013-10-14,61.675
2013-10-15,61.185
2013-10-16,61.83
2013-10-17,62.36
2013-10-18,62.695
2013-10-21,62.61
2013-10-22,63.019999999999996
2013-10-23,61.879999999999995
2013-10-24,62.245000000000005
2013-10-25,61.89
2013-10-28,61.965
2013-10-29,62.17
2013-10-30,62.095
2013-10-31,61.705
2013-11-01,61.475
2013-11-04,61.6
2013-11-05,61.105000000000004
2013-11-06,61.71
2013-11-07,60.620000000000005
2013-11-08,61.065
2013-11-11,60.790000000000006
2013-11-12,61.05
2013-11-13,61.245000000000005
2013-11-14,61.66
2013-11-15,62.625
2013-11-18,62.504999999999995
2013-11-19,62.315
2013-11-20,61.975
2013-11-21,62.05
2013-11-22,62.015
2013-11-25,61.685
2013-11-26,61.625
2013-11-27,61.775
2013-11-29,61.745
2013-12-02,61.31
2013-12-03,61.085
2013-12-04,60.745000000000005
2013-12-05,60.25
2013-12-06,60.955
2013-12-09,60.785
2013-12-10,60.765
2013-12-11,60.03
2013-12-12,59.865
2013-12-13,59.739999999999995
2013-12-16,59.765
2013-12-17,59.515
2013-12-18,60.474999999999994
2013-12-19,60.11
2013-12-20,59.730000000000004
2013-12-23,60.235
2013-12-24,59.885
2013-12-26,60.365
2013-12-27,60.775
2013-12-30,61.099999999999994
2013-12-31,61.285
2014-01-02,60.235
2014-01-03,60.41
2014-01-06,60.18
2014-01-07,60.375
2014-01-08,60.425
2014-01-09,60.2
2014-01-10,60.61
2014-01-13,60.18
2014-01-14,60.099999999999994
2014-01-15,60.285
2014-01-16,60.205
2014-01-17,60.254999999999995
2014-01-21,60.385
2014-01-22,60.415
2014-01-23,59.230000000000004
2014-01-24,58.045
2014-01-27,57.715
2014-01-28,58.135000000000005
2014-01-29,57.78
2014-01-30,58.15
2014-01-31,57.195
2014-02-03,55.995000000000005
2014-02-04,56.44499999999999
2014-02-05,56.379999999999995
2014-02-06,57.215
2014-02-07,57.835
2014-02-10,57.58
2014-02-11,58.644999999999996
2014-02-12,58.730000000000004
2014-02-13,58.45
2014-02-14,58.575
2014-02-18,59.305
2014-02-19,58.775000000000006
2014-02-20,58.775
2014-02-21,59.019999999999996
2014-02-24,59.504999999999995
2014-02-25,59.3
2014-02-26,59.24
2014-02-27,59.375
2014-02-28,59.394999999999996
2014-03-03,58.485
2014-03-04,59.66
2014-03-05,59.265
2014-03-06,60.235
2014-03-07,59.885
2014-03-10,59.475
2014-03-11,58.9
2014-03-12,58.57
2014-03-13,57.75
2014-03-14,57.275
2014-03-17,57.905
2014-03-18,58.07
2014-03-19,57.495
2014-03-20,56.835
2014-03-21,56.92
2014-03-24,57.254999999999995
2014-03-25,57.55
2014-03-26,57.769999999999996
2014-03-27,58.405
2014-03-28,58.91
2014-03-31,59.075
2014-04-01,59.45
2014-04-02,59.790000000000006
2014-04-03,59.620000000000005
2014-04-04,59.44
2014-04-07,59.06
2014-04-08,58.825
2014-04-09,59.620000000000005
2014-04-10,58.46
2014-04-11,58.33
2014-04-14,58.775
2014-04-15,58.55
2014-04-16,59.435
2014-04-17,59.480000000000004
2014-04-21,59.475
2014-04-22,59.455
2014-04-23,59.36
2014-04-24,59.235
2014-04-25,58.879999999999995
2014-04-28,59.2
2014-04-29,59.265
2014-04-30,59.055
2014-05-01,59.325
2014-05-02,59.355000000000004
2014-05-05,59.260000000000005
2014-05-06,59.245000000000005
2014-05-07,59.08
2014-05-08,58.980000000000004
2014-05-09,59.2
2014-05-12,59.455
2014-05-13,59.97
2014-05-14,59.89
2014-05-15,59.565
2014-05-16,59.845
2014-05-19,59.61
2014-05-20,59.010000000000005
2014-05-21,59.489999999999995
2014-05-22,59.935
2014-05-23,60.34
2014-05-27,60.545
2014-05-28,60.525
2014-05-29,61.075
2014-05-30,60.93
2014-06-02,61.45
2014-06-03,61.34
2014-06-04,61.480000000000004
2014-06-05,61.685
2014-06-06,61.739999999999995
2014-06-09,61.775
2014-06-10,61.540000000000006
2014-06-11,61.489999999999995
2014-06-12,61.485
2014-06-13,61.655
2014-06-16,61.64
2014-06-17,61.455
2014-06-18,62.099999999999994
2014-06-19,62.765
2014-06-20,62.644999999999996
2014-06-23,62.474999999999994
2014-06-24,61.855000000000004
2014-06-25,62.115
2014-06-26,62.28
2014-06-27,62.17
2014-06-30,62.235
2014-07-01,62.94
2014-07-02,63.09
2014-07-03,62.985
2014-07-07,62.685
2014-07-08,62.474999999999994
2014-07-09,62.675
2014-07-10,62.005
2014-07-11,62.175
2014-07-14,62.650000000000006
2014-07-15,62.644999999999996
2014-07-16,62.900000000000006
2014-07-17,62.335
2014-07-18,62.9
2014-07-21,62.765
2014-07-22,63.16
2014-07-23,63.305
2014-07-24,63.105000000000004
2014-07-25,63.185
2014-07-28,63.56
2014-07-29,63.58
2014-07-30,63.67
2014-07-31,62.78
2014-08-01,62.735
2014-08-04,62.925
2014-08-05,62.0
2014-08-06,61.89
2014-08-07,61.54
2014-08-08,61.68
2014-08-11,61.955
2014-08-12,62.019999999999996
2014-08-13,62.535
2014-08-14,62.760000000000005
2014-08-15,62.760000000000005
2014-08-18,63.019999999999996
2014-08-19,63.285
2014-08-20,63.075
2014-08-21,63.09
2014-08-22,62.84
2014-08-25,62.985
2014-08-26,62.9
2014-08-27,62.85
2014-08-28,62.695
2014-08-29,62.55
2014-09-02,62.765
2014-09-03,62.96
2014-09-04,62.84
2014-09-05,62.595
2014-09-08,62.295
2014-09-09,61.765
2014-09-10,62.21
2014-09-11,61.775000000000006
2014-09-12,61.5
2014-09-15,61.22
2014-09-16,61.585
2014-09-17,60.78
2014-09-18,61.06
2014-09-19,60.925
2014-09-22,60.58
2014-09-23,60.535
2014-09-24,60.655
2014-09-25,59.894999999999996
2014-09-26,60.269999999999996
2014-09-29,59.56
2014-09-30,59.305
2014-10-01,58.489999999999995
2014-10-02,58.0
2014-10-03,58.45
2014-10-06,58.54
2014-10-07,58.07
2014-10-08,58.72
2014-10-09,57.415
2014-10-10,56.43
2014-10-13,56.269999999999996
2014-10-14,56.59
2014-10-15,56.629999999999995
2014-10-16,56.39
2014-10-17,56.83
2014-10-20,57.614999999999995
2014-10-21,57.715
2014-10-22,57.695
2014-10-23,58.129999999999995
2014-10-24,58.379999999999995
2014-10-27,58.36
2014-10-28,58.91
2014-10-29,58.955
2014-10-30,59.5
2014-10-31,61.15
2014-11-03,61.03
2014-11-04,60.09
2014-11-05,59.64
2014-11-06,59.18
2014-11-07,59.245
2014-11-10,59.625
2014-11-11,59.82
2014-11-12,59.675
2014-11-13,59.92
2014-11-14,60.025000000000006
2014-11-17,59.230000000000004
2014-11-18,59.65
2014-11-19,59.004999999999995
2014-11-20,58.595
2014-11-21,59.195
2014-11-24,59.175
2014-11-25,59.085
2014-11-26,59.32
2014-11-28,57.995000000000005
2014-12-01,58.53
2014-12-02,58.915
2014-12-03,58.85
2014-12-04,58.879999999999995
2014-12-05,58.83
2014-12-08,58.205
2014-12-09,58.21
2014-12-10,57.33
2014-12-11,57.455
2014-12-12,56.83
2014-12-15,56.08
2014-12-16,56.129999999999995
2014-12-17,56.69
2014-12-18,57.480000000000004
2014-12-19,57.875
2014-12-22,57.465
2014-12-23,57.28
2014-12-24,57.28
2014-12-26,57.735
2014-12-29,57.56
2014-12-30,57.0
2014-12-31,56.864999999999995
2015-01-02,56.739999999999995
2015-01-05,56.015
2015-01-06,55.42
2015-01-07,56.15
2015-01-08,56.84
2015-01-09,56.625
2015-01-12,56.489999999999995
2015-01-13,56.870000000000005
2015-01-14,56.56
2015-01-15,56.91
2015-01-16,57.345
2015-01-20,57.305
2015-01-21,57.55
2015-01-22,57.905
2015-01-23,57.760000000000005
2015-01-26,58.205
2015-01-27,58.255
2015-01-28,58.1
2015-01-29,58.53
2015-01-30,57.58
2015-02-02,58.364999999999995
2015-02-03,58.54
2015-02-04,58.595
2015-02-05,59.055
2015-02-06,58.54
2015-02-09,58.215
2015-02-10,58.655
2015-02-11,58.36
2015-02-12,58.815
2015-02-13,59.58
2015-02-17,59.724999999999994
2015-02-18,60.394999999999996
2015-02-19,60.525000000000006
2015-02-20,60.94
2015-02-23,60.705
2015-02-24,61.015
2015-02-25,61.05
2015-02-26,61.2
2015-02-27,61.035
2015-03-02,61.239999999999995
2015-03-03,61.114999999999995
2015-03-04,60.870000000000005
2015-03-05,60.974999999999994
2015-03-06,60.635000000000005
2015-03-09,60.44
2015-03-10,59.41
2015-03-11,59.72
2015-03-12,60.835
2015-03-13,60.510000000000005
2015-03-16,60.875
2015-03-17,61.03
2015-03-18,62.14
2015-03-19,61.53
2015-03-20,62.525000000000006
2015-03-23,62.855000000000004
2015-03-24,62.825
2015-03-25,62.405
2015-03-26,62.025000000000006
2015-03-27,62.14
2015-03-30,62.15
2015-03-31,61.215
2015-04-01,61.425
2015-04-02,61.845
2015-04-06,62.495000000000005
2015-04-07,62.675
2015-04-08,63.22
2015-04-09,63.435
2015-04-10,63.53
2015-04-13,63.065
2015-04-14,63.545
2015-04-15,63.795
2015-04-16,64.095
2015-04-17,63.45
2015-04-20,63.614999999999995
2015-04-21,64.15
2015-04-22,64.53999999999999
2015-04-23,64.735
2015-04-24,65.11
2015-04-27,65.16
2015-04-28,65.445
2015-04-29,64.755
2015-04-30,63.41
2015-05-01,63.974999999999994
2015-05-04,64.215
2015-05-05,63.29
2015-05-06,62.97
2015-05-07,62.72
2015-05-08,63.85
2015-05-11,62.9
2015-05-12,63.14
2015-05-13,63.685
2015-05-14,63.955
2015-05-15,64.235
2015-05-18,64.24000000000001
2015-05-19,64.165
2015-05-20,64.12
2015-05-21,64.345
2015-05-22,64.285
2015-05-26,63.7
2015-05-27,63.754999999999995
2015-05-28,63.385
2015-05-29,63.015
2015-06-01,63.105000000000004
2015-06-02,62.915
2015-06-03,63.065
2015-06-04,62.43
2015-06-05,62.03
2015-06-08,61.735
2015-06-09,61.3
2015-06-10,62.165
2015-06-11,62.41
2015-06-12,62.105000000000004
2015-06-15,62.125
2015-06-16,61.995000000000005
2015-06-17,61.79
2015-06-18,62.019999999999996
2015-06-19,62.04
2015-06-22,62.84
2015-06-23,63.36
2015-06-24,62.81
2015-06-25,62.815
2015-06-26,62.185
2015-06-29,60.705
2015-06-30,61.035
2015-07-01,61.53
2015-07-02,61.665
2015-07-06,60.745
2015-07-07,60.795
2015-07-08,58.519999999999996
2015-07-09,59.22
2015-07-10,60.129999999999995
2015-07-13,60.715
2015-07-14,61.04
2015-07-15,60.84
2015-07-16,61.260000000000005
2015-07-17,61.335
2015-07-20,61.355000000000004
2015-07-21,61.230000000000004
2015-07-22,60.79
2015-07-23,60.629999999999995
2015-07-24,59.965
2015-07-27,59.64
2015-07-28,60.22
2015-07-29,60.53
2015-07-30,60.364999999999995
2015-07-31,60.695
2015-08-03,60.239999999999995
2015-08-04,60.47
2015-08-05,60.730000000000004
2015-08-06,60.22
2015-08-07,60.35
2015-08-10,61.129999999999995
2015-08-11,59.835
2015-08-12,59.415
2015-08-13,59.67
2015-08-14,59.745
2015-08-17,59.675
2015-08-18,59.155
2015-08-19,58.72
2015-08-20,57.095
2015-08-21,55.385000000000005
2015-08-24,52.885000000000005
2015-08-25,53.965
2015-08-26,55.885000000000005
2015-08-27,56.974999999999994
2015-08-28,57.025000000000006
2015-08-31,56.075
2015-09-01,53.81
2015-09-02,54.730000000000004
2015-09-03,54.78
2015-09-04,53.25
2015-09-08,54.83
2015-09-09,55.005
2015-09-10,55.025000000000006
2015-09-11,55.1
2015-09-14,54.92
2015-09-15,55.36
2015-09-16,56.25
2015-09-17,55.97
2015-09-18,54.75
2015-09-21,54.845
2015-09-22,54.06
2015-09-23,53.769999999999996
2015-09-24,53.565
2015-09-25,54.09
2015-09-28,52.980000000000004
2015-09-29,52.485
2015-09-30,53.66
2015-10-01,54.055
2015-10-02,54.730000000000004
2015-10-05,56.05
2015-10-06,55.775
2015-10-07,56.725
2015-10-08,57.04
2015-10-09,57.2
2015-10-12,57.245
2015-10-13,56.555
2015-10-14,56.375
2015-10-15,57.835
2015-10-16,57.864999999999995
2015-10-19,57.54
2015-10-20,57.31
2015-10-21,57.545
2015-10-22,58.43
2015-10-23,58.94
2015-10-26,58.730000000000004
2015-10-27,58.315
2015-10-28,58.54
2015-10-29,57.83
2015-10-30,57.760000000000005
2015-11-02,58.085
2015-11-03,58.315
2015-11-04,58.04
2015-11-05,58.15
2015-11-06,57.84
2015-11-09,57.255
2015-11-10,57.47
2015-11-11,57.81
2015-11-12,57.335
2015-11-13,56.905
2015-11-16,57.505
2015-11-17,57.6
2015-11-18,57.980000000000004
2015-11-19,58.35
2015-11-20,58.675
2015-11-23,58.45
2015-11-24,58.78
2015-11-25,58.47
2015-11-27,58.06
2015-11-30,57.79
2015-12-01,58.745
2015-12-02,58.18
2015-12-03,57.695
2015-12-04,58.06
2015-12-07,57.59
2015-12-08,56.85
2015-12-09,56.485
2015-12-10,56.72
2015-12-11,55.695
2015-12-14,56.09
2015-12-15,56.07
2015-12-16,57.265
2015-12-17,56.58
2015-12-18,56.370000000000005
2015-12-21,56.120000000000005
2015-12-22,56.489999999999995
2015-12-23,57.09
2015-12-24,56.675
2015-12-28,56.575
2015-12-29,57.425
2015-12-30,57.09
2015-12-31,56.655
2016-01-04,55.765
2016-01-05,56.07
2016-01-06,55.004999999999995
2016-01-07,53.86
2016-01-08,52.975
2016-01-11,53.29
2016-01-12,53.135
2016-01-13,52.585
2016-01-14,53.245000000000005
2016-01-15,51.445
2016-01-19,52.025000000000006
2016-01-20,50.435
2016-01-21,50.525
2016-01-22,52.315
2016-01-25,51.45
2016-01-26,52.120000000000005
2016-01-27,51.894999999999996
2016-01-28,52.215
2016-01-29,53.295
2016-02-01,53.055
2016-02-02,52.16
2016-02-03,52.085
2016-02-04,52.19
2016-02-05,51.355000000000004
2016-02-08,51.18
2016-02-09,50.370000000000005
2016-02-10,49.855000000000004
2016-02-11,49.144999999999996
2016-02-12,49.620000000000005
2016-02-16,50.825
2016-02-17,51.41
2016-02-18,51.41
2016-02-19,51.205
2016-02-22,52.254999999999995
2016-02-23,51.405
2016-02-24,51.635000000000005
2016-02-25,52.04
2016-02-26,51.724999999999994
2016-02-29,51.4
2016-03-01,52.69
2016-03-02,53.47
2016-03-03,54.010000000000005
2016-03-04,54.745000000000005
2016-03-07,54.495000000000005
2016-03-08,53.760000000000005
2016-03-09,54.019999999999996
2016-03-10,53.9
2016-03-11,55.269999999999996
2016-03-14,55.175
2016-03-15,54.455
2016-03-16,54.955
2016-03-17,55.465
2016-03-18,55.415
2016-03-21,55.47
2016-03-22,55.695
2016-03-23,54.93
2016-03-24,54.675
2016-03-28,55.155
2016-03-29,55.67
2016-03-30,55.925
2016-03-31,55.3
2016-04-01,54.345
2016-04-04,54.04
2016-04-05,53.004999999999995
2016-04-06,53.885000000000005
2016-04-07,53.364999999999995
2016-04-08,54.495000000000005
2016-04-11,54.370000000000005
2016-04-12,55.515
2016-04-13,56.735
2016-04-14,56.905
2016-04-15,56.735
2016-04-18,57.215
2016-04-19,58.004999999999995
2016-04-20,58.155
2016-04-21,57.915
2016-04-22,58.120000000000005
2016-04-25,57.769999999999996
2016-04-26,57.754999999999995
2016-04-27,57.515
2016-04-28,55.955
2016-04-29,55.565
2016-05-02,56.345
2016-05-03,55.57
2016-05-04,54.955
2016-05-05,55.22
2016-05-06,55.32
2016-05-09,55.165
2016-05-10,56.36
2016-05-11,55.620000000000005
2016-05-12,55.8
2016-05-13,55.07
2016-05-16,55.745000000000005
2016-05-17,55.465
2016-05-18,55.235
2016-05-19,54.885
2016-05-20,55.260000000000005
2016-05-23,55.135
2016-05-24,55.445
2016-05-25,55.91
2016-05-26,55.915
2016-05-27,55.835
2016-05-31,56.11
2016-06-01,56.055
2016-06-02,55.89
2016-06-03,56.379999999999995
2016-06-06,57.010000000000005
2016-06-07,57.455
2016-06-08,57.754999999999995
2016-06-09,57.16
2016-06-10,56.15
2016-06-13,55.235
2016-06-14,54.435
2016-06-15,54.864999999999995
2016-06-16,54.519999999999996
2016-06-17,54.53
2016-06-20,55.705
2016-06-21,56.065
2016-06-22,55.855000000000004
2016-06-23,57.035
2016-06-24,54.345
2016-06-27,53.825
2016-06-28,54.9
2016-06-29,55.675
2016-06-30,55.754999999999995
2016-07-01,55.795
2016-07-05,55.504999999999995
2016-07-06,55.585
2016-07-07,55.605000000000004
2016-07-08,56.224999999999994
2016-07-11,57.230000000000004
2016-07-12,57.835
2016-07-13,57.66
2016-07-14,57.935
2016-07-15,57.795
2016-07-18,57.97
2016-07-19,57.510000000000005
2016-07-20,57.97
2016-07-21,57.66
2016-07-22,57.82
2016-07-25,57.67
2016-07-26,57.955
2016-07-27,58.04
2016-07-28,58.08
2016-07-29,58.945
2016-08-01,58.935
2016-08-02,58.335
2016-08-03,58.114999999999995
2016-08-04,58.605000000000004
2016-08-05,58.89
2016-08-08,59.165
2016-08-09,59.565
2016-08-10,59.745000000000005
2016-08-11,60.15
2016-08-12,59.85
2016-08-15,60.224999999999994
2016-08-16,59.83
2016-08-17,59.955
2016-08-18,59.96
2016-08-19,59.665
2016-08-22,59.715
2016-08-23,59.875
2016-08-24,59.83
2016-08-25,59.7
2016-08-26,59.16
2016-08-29,59.32
2016-08-30,59.224999999999994
2016-08-31,59.075
2016-09-01,59.519999999999996
2016-09-02,59.835
2016-09-06,60.614999999999995
2016-09-07,60.845
2016-09-08,60.445
2016-09-09,59.215
2016-09-12,59.635000000000005
2016-09-13,58.075
2016-09-14,58.025000000000006
2016-09-15,58.595
2016-09-16,58.21
2016-09-19,58.455
2016-09-20,59.019999999999996
2016-09-21,60.635000000000005
2016-09-22,61.19
2016-09-23,60.485
2016-09-26,60.105000000000004
2016-09-27,60.83
2016-09-28,61.04
2016-09-29,60.489999999999995
2016-09-30,60.58
2016-10-03,60.495
2016-10-04,60.09
2016-10-05,60.555
2016-10-06,60.385000000000005
2016-10-07,60.224999999999994
2016-10-10,60.53
2016-10-11,59.55
2016-10-12,59.68
2016-10-13,59.455
2016-10-14,59.474999999999994
2016-10-17,59.485
2016-10-18,60.055
2016-10-19,60.32
2016-10-20,60.415
2016-10-21,60.305
2016-10-24,60.34
2016-10-25,60.455
2016-10-26,60.185
2016-10-27,59.935
2016-10-28,59.96
2016-10-31,60.055
2016-11-01,59.82
2016-11-02,59.370000000000005
2016-11-03,59.525000000000006
2016-11-04,58.94
2016-11-07,59.69
2016-11-08,59.855000000000004
2016-11-09,59.085
2016-11-10,58.995
2016-11-11,58.89
2016-11-14,58.78
2016-11-15,58.97
2016-11-16,58.46
2016-11-17,59.03
2016-11-18,58.41
2016-11-21,58.78
2016-11-22,59.185
2016-11-23,59.195
2016-11-25,59.035
2016-11-28,59.28
2016-11-29,59.435
2016-11-30,59.185
2016-12-01,59.019999999999996
2016-12-02,59.04
2016-12-05,59.105000000000004
2016-12-06,59.31
2016-12-07,60.18
2016-12-08,60.59
2016-12-09,60.59
2016-12-12,60.195
2016-12-13,60.79
2016-12-14,59.7
2016-12-15,59.61
2016-12-16,59.25
2016-12-19,59.47
2016-12-20,58.864999999999995
2016-12-21,58.57
2016-12-22,58.41
2016-12-23,58.455
2016-12-27,58.31
2016-12-28,58.33
2016-12-29,58.185
2016-12-30,58.105000000000004
2017-01-03,58.715
2017-01-04,59.69
2017-01-05,60.120000000000005
2017-01-06,59.955
2017-01-09,60.15
2017-01-10,60.155
2017-01-11,60.730000000000004
2017-01-12,60.724999999999994
2017-01-13,60.92
2017-01-17,60.56
2017-01-18,60.375
2017-01-19,60.32
2017-01-20,60.585
2017-01-23,60.620000000000005
2017-01-24,60.86
2017-01-25,61.379999999999995
2017-01-26,61.4
2017-01-27,61.04
2017-01-30,60.870000000000005
2017-01-31,60.974999999999994
2017-02-01,61.255
2017-02-02,61.41
2017-02-03,61.7
2017-02-06,61.465
2017-02-07,61.345
2017-02-08,61.515
2017-02-09,61.58
2017-02-10,62.03
2017-02-13,62.254999999999995
2017-02-14,62.09
2017-02-15,62.33
2017-02-16,62.245000000000005
2017-02-17,62.2
2017-02-21,62.72
2017-02-22,62.81
2017-02-23,62.84
2017-02-24,62.495
2017-02-27,62.34
2017-02-28,62.245000000000005
2017-03-01,62.89
2017-03-02,62.22
2017-03-03,62.19
2017-03-06,62.065
2017-03-07,62.15
2017-03-08,61.879999999999995
2017-03-09,61.845
2017-03-10,62.415
2017-03-13,62.72
2017-03-14,62.394999999999996
2017-03-15,63.355000000000004
2017-03-16,63.224999999999994
2017-03-17,63.425
2017-03-20,63.585
2017-03-21,63.03
2017-03-22,62.980000000000004
2017-03-23,62.95
2017-03-24,63.32
2017-03-27,63.295
2017-03-28,63.825
2017-03-29,63.980000000000004
2017-03-30,63.715
2017-03-31,63.239999999999995
2017-04-03,63.435
2017-04-04,63.245
2017-04-05,62.965
2017-04-06,62.675
2017-04-07,62.629999999999995
2017-04-10,62.489999999999995
2017-04-11,62.66
2017-04-12,62.59
2017-04-13,62.260000000000005
2017-04-17,62.864999999999995
2017-04-18,62.394999999999996
2017-04-19,62.165
2017-04-20,62.730000000000004
2017-04-21,62.94
2017-04-24,63.385000000000005
2017-04-25,63.765
2017-04-26,63.71
2017-04-27,63.86
2017-04-28,63.730000000000004
2017-05-01,64.065
2017-05-02,64.285
2017-05-03,64.065
2017-05-04,64.14500000000001
2017-05-05,64.39
2017-05-08,64.59
2017-05-09,64.44
2017-05-10,64.30000000000001
2017-05-11,64.295
2017-05-12,64.35
2017-05-15,64.64500000000001
2017-05-16,64.715
2017-05-17,64.16
2017-05-18,64.35
2017-05-19,64.88499999999999
2017-05-22,65.02000000000001
2017-05-23,65.07
2017-05-24,65.1
2017-05-25,65.255
2017-05-26,65.22
2017-05-30,65.15
2017-05-31,65.13
2017-06-01,65.625
2017-06-02,66.685
2017-06-05,66.47999999999999
2017-06-06,66.39
2017-06-07,66.345
2017-06-08,66.44
2017-06-09,66.095
2017-06-12,66.02000000000001
2017-06-13,66.64500000000001
2017-06-14,66.735
2017-06-15,66.1
2017-06-16,66.265
2017-06-19,66.55000000000001
2017-06-20,66.22999999999999
2017-06-21,65.565
2017-06-22,65.785
2017-06-23,65.84
2017-06-26,65.85499999999999
2017-06-27,65.64
2017-06-28,66.15
2017-06-29,65.66499999999999
2017-06-30,65.82
2017-07-03,65.50999999999999
2017-07-05,65.49000000000001
2017-07-06,64.955
2017-07-07,64.985
2017-07-10,65.02000000000001
2017-07-11,65.375
2017-07-12,65.82
2017-07-13,66.02000000000001
2017-07-14,66.53999999999999
2017-07-17,66.38
2017-07-18,66.69999999999999
2017-07-19,67.13
2017-07-20,67.33
2017-07-21,67.35
2017-07-24,67.32499999999999
2017-07-25,67.25999999999999
2017-07-26,67.555
2017-07-27,67.52000000000001
2017-07-28,67.44
2017-07-31,67.625
2017-08-01,68.035
2017-08-02,67.92
2017-08-03,67.82499999999999
2017-08-04,67.86500000000001
2017-08-07,67.93
2017-08-08,67.75
2017-08-09,67.39
2017-08-10,66.505
2017-08-11,66.485
2017-08-14,67.005
2017-08-15,66.89
2017-08-16,67.345
2017-08-17,66.725
2017-08-18,67.07
2017-08-21,67.0
2017-08-22,67.35
2017-08-23,67.285
2017-08-24,67.13
2017-08-25,67.44
2017-08-28,67.46000000000001
2017-08-29,67.22999999999999
2017-08-30,67.19
2017-08-31,67.705
2017-09-01,67.77000000000001
2017-09-05,67.1
2017-09-06,67.375
2017-09-07,67.845
2017-09-08,67.87
2017-09-11,68.315
2017-09-12,68.33
2017-09-13,68.13
2017-09-14,68.19
2017-09-15,68.305
2017-09-18,68.46000000000001
2017-09-19,68.75999999999999
2017-09-20,68.375
2017-09-21,68.015
2017-09-22,68.05000000000001
2017-09-25,67.96000000000001
2017-09-26,67.87
2017-09-27,67.87
2017-09-28,67.945
2017-09-29,68.16499999999999
2017-10-02,68.25999999999999
2017-10-03,68.525
2017-10-04,68.47
2017-10-05,68.545
2017-10-06,68.44
2017-10-09,68.50999999999999
2017-10-10,69.07
2017-10-11,69.35
2017-10-12,69.44999999999999
2017-10-13,70.275
2017-10-16,70.455
2017-10-17,70.42
2017-10-18,70.375
2017-10-19,70.155
2017-10-20,70.30000000000001
2017-10-23,70.28999999999999
2017-10-24,70.71000000000001
2017-10-25,70.17
2017-10-26,70.34
2017-10-27,70.92
2017-10-30,70.765
2017-10-31,71.14
2017-11-01,71.725
2017-11-02,71.86500000000001
2017-11-03,71.87
2017-11-06,71.975
2017-11-07,72.185
2017-11-08,72.755
2017-11-09,72.25999999999999
2017-11-10,71.93
2017-11-13,71.75
2017-11-14,71.39
2017-11-15,71.035
2017-11-16,71.985
2017-11-17,71.58500000000001
2017-11-20,71.91
2017-11-21,72.61500000000001
2017-11-22,72.795
2017-11-24,73.13499999999999
2017-11-27,72.63499999999999
2017-11-28,72.99000000000001
2017-11-29,72.755
2017-11-30,72.715
2017-12-01,72.475
2017-12-04,71.89500000000001
2017-12-05,72.00999999999999
2017-12-06,71.44999999999999
2017-12-07,71.715
2017-12-08,72.045
2017-12-11,72.30000000000001
2017-12-12,72.455
2017-12-13,72.965
2017-12-14,72.63499999999999
2017-12-15,72.695
2017-12-18,73.395
2017-12-19,71.89500000000001
2017-12-20,71.975
2017-12-21,72.02000000000001
2017-12-22,72.37
2017-12-26,72.36500000000001
2017-12-27,72.57499999999999
2017-12-28,72.725
2017-12-29,72.855
2018-01-02,73.455
2018-01-03,74.28
2018-01-04,74.715
2018-01-05,75.045
2018-01-08,75.235
2018-01-09,75.25
2018-01-10,75.27000000000001
2018-01-11,75.825
2018-01-12,76.225
2018-01-16,76.025
2018-01-17,76.64
2018-01-18,76.16499999999999
2018-01-19,76.58500000000001
2018-01-22,76.765
2018-01-23,77.13499999999999
2018-01-24,77.41499999999999
2018-01-25,77.16499999999999
2018-01-26,77.875
2018-01-29,77.25999999999999
2018-01-30,76.39
2018-01-31,76.315
2018-02-01,76.49000000000001
2018-02-02,74.9
2018-02-05,71.855
2018-02-06,73.4
2018-02-07,72.045
2018-02-08,70.015
2018-02-09,70.84
2018-02-12,71.995
2018-02-13,71.655
2018-02-14,72.91
2018-02-15,73.485
2018-02-16,73.985
2018-02-20,73.35
2018-02-21,72.93
2018-02-22,73.25
2018-02-23,74.25
2018-02-26,75.135
2018-02-27,73.94999999999999
2018-02-28,73.295
2018-03-01,71.94
2018-03-02,72.52000000000001
2018-03-05,72.655
2018-03-06,73.36
2018-03-07,72.95
2018-03-08,73.24000000000001
2018-03-09,73.97
2018-03-12,74.08
2018-03-13,73.765
2018-03-14,74.095
2018-03-15,73.975
2018-03-16,73.685
2018-03-19,72.68
2018-03-20,73.045
2018-03-21,73.265
2018-03-22,72.08500000000001
2018-03-23,70.52000000000001
2018-03-26,71.815
2018-03-27,71.465
2018-03-28,72.03
2018-03-29,72.96000000000001
2018-04-02,71.61500000000001
2018-04-03,72.52000000000001
2018-04-04,72.495
2018-04-05,72.77000000000001
2018-04-06,71.745
2018-04-09,72.41499999999999
2018-04-10,72.99000000000001
2018-04-11,72.81
2018-04-12,72.81
2018-04-13,72.785
2018-04-16,72.985
2018-04-17,73.22
2018-04-18,73.725
2018-04-19,73.385
2018-04-20,73.005
2018-04-23,72.805
2018-04-24,72.575
2018-04-25,72.68
2018-04-26,73.27000000000001
2018-04-27,73.375
2018-04-30,73.195
2018-05-01,73.14
2018-05-02,72.97999999999999
2018-05-03,73.145
2018-05-04,73.44
2018-05-07,73.295
2018-05-08,73.4
2018-05-09,73.045
2018-05-10,73.755
2018-05-11,74.15
2018-05-14,74.33500000000001
2018-05-15,73.465
2018-05-16,73.855
2018-05-17,73.685
2018-05-18,73.455
2018-05-21,73.805
2018-05-22,73.64500000000001
2018-05-23,73.44999999999999
2018-05-24,73.10499999999999
2018-05-25,72.975
2018-05-29,72.22999999999999
2018-05-30,72.78999999999999
2018-05-31,72.43
2018-06-01,72.995
2018-06-04,73.485
2018-06-05,73.31
2018-06-06,73.83500000000001
2018-06-07,73.64
2018-06-08,73.68
2018-06-11,73.94
2018-06-12,73.46000000000001
2018-06-13,73.225
2018-06-14,72.915
2018-06-15,72.41
2018-06-18,71.995
2018-06-19,71.095
2018-06-20,71.25
2018-06-21,70.805
2018-06-22,70.855
2018-06-25,69.965
2018-06-26,70.275
2018-06-27,69.60499999999999
2018-06-28,69.93
2018-06-29,69.995
2018-07-02,68.78999999999999
2018-07-03,68.66
2018-07-05,68.77000000000001
2018-07-06,69.295
2018-07-09,70.155
2018-07-10,69.89500000000001
2018-07-11,68.725
2018-07-12,69.11
2018-07-13,69.53999999999999
2018-07-16,69.475
2018-07-17,69.82499999999999
2018-07-18,69.795
2018-07-19,69.52000000000001
2018-07-20,69.97
2018-07-23,69.925
2018-07-24,70.37
2018-07-25,70.975
2018-07-26,70.855
2018-07-27,71.10499999999999
2018-07-30,70.765
2018-07-31,70.53999999999999
2018-08-01,70.605
2018-08-02,70.03999999999999
2018-08-03,70.10499999999999
2018-08-06,69.685
2018-08-07,70.31
2018-08-08,70.36500000000001
2018-08-09,70.16
2018-08-10,69.07
2018-08-13,68.475
2018-08-14,68.82
2018-08-15,68.05000000000001
2018-08-16,68.415
2018-08-17,68.88499999999999
2018-08-20,69.025
2018-08-21,69.18
2018-08-22,69.37
2018-08-23,68.91499999999999
2018-08-24,69.345
2018-08-27,70.295
2018-08-28,70.11500000000001
2018-08-29,70.52000000000001
2018-08-30,69.875
2018-08-31,69.9
2018-09-04,69.17500000000001
2018-09-05,68.38
2018-09-06,68.225
2018-09-07,67.61
2018-09-10,67.735
2018-09-11,67.86500000000001
2018-09-12,68.11
2018-09-13,68.63499999999999
2018-09-14,69.16499999999999
2018-09-17,69.03
2018-09-18,70.34
2018-09-19,70.67500000000001
2018-09-20,71.025
2018-09-21,71.135
2018-09-24,70.85
2018-09-25,71.285
2018-09-26,71.28999999999999
2018-09-27,71.22
2018-09-28,71.05000000000001
2018-10-01,71.285
2018-10-02,70.81
2018-10-03,70.22999999999999
2018-10-04,69.22
2018-10-05,69.14
2018-10-08,69.145
2018-10-09,68.785
2018-10-10,67.09
2018-10-11,65.91
2018-10-12,66.385
2018-10-15,66.14
2018-10-16,67.235
2018-10-17,67.09
2018-10-18,65.97999999999999
2018-10-19,66.32
2018-10-22,66.125
2018-10-23,65.27000000000001
2018-10-24,63.315
2018-10-25,64.015
2018-10-26,63.055
2018-10-29,62.55
2018-10-30,63.519999999999996
2018-10-31,64.055
2018-11-01,64.635
2018-11-02,65.025
2018-11-05,64.995
2018-11-06,65.53999999999999
2018-11-07,66.42500000000001
2018-11-08,65.755
2018-11-09,65.075
2018-11-12,64.265
2018-11-13,64.335
2018-11-14,64.25999999999999
2018-11-15,64.985
2018-11-16,65.07499999999999
2018-11-19,64.47999999999999
2018-11-20,63.349999999999994
2018-11-21,64.245
2018-11-23,63.94
2018-11-26,65.005
2018-11-27,65.025
2018-11-28,66.08500000000001
2018-11-29,65.695
2018-11-30,65.585
2018-12-03,66.725
2018-12-04,64.555
2018-12-06,64.28999999999999
2018-12-07,63.625
2018-12-10,63.144999999999996
2018-12-11,63.155
2018-12-12,63.89
2018-12-13,63.815
2018-12-14,62.985
2018-12-17,62.565
2018-12-18,62.725
2018-12-19,61.870000000000005
2018-12-20,61.61
2018-12-21,60.07
2018-12-24,58.665
2018-12-26,59.92
2018-12-27,60.555
2018-12-28,60.835
2018-12-31,60.605000000000004
2019-01-02,60.635000000000005
2019-01-03,60.084999999999994
2019-01-04,62.095
2019-01-07,62.265
2019-01-08,62.525000000000006
2019-01-09,63.19499999999999
2019-01-10,63.43
2019-01-11,62.92
2019-01-14,62.625
2019-01-15,63.335
2019-01-16,63.71
2019-01-17,63.78
2019-01-18,64.44
2019-01-22,63.185
2019-01-23,63.32
2019-01-24,63.69
2019-01-25,64.58500000000001
2019-01-28,64.1
2019-01-29,64.19
2019-01-30,65.03999999999999
2019-01-31,65.065
2019-02-01,64.775
2019-02-04,65.16499999999999
2019-02-05,65.695
2019-02-06,65.015
2019-02-07,64.31
2019-02-08,63.915
2019-02-11,63.925
2019-02-12,64.88499999999999
2019-02-13,64.965
2019-02-14,64.97
2019-02-15,65.69999999999999
2019-02-19,65.83500000000001
2019-02-20,66.015
2019-02-21,65.905
2019-02-22,66.265
2019-02-25,66.535
2019-02-26,66.655
2019-02-27,66.315
2019-02-28,65.69
2019-03-01,65.995
2019-03-04,65.785
2019-03-05,65.795
2019-03-06,65.57
2019-03-07,64.80000000000001
2019-03-08,64.585
2019-03-11,65.315
2019-03-12,65.385
2019-03-13,65.55000000000001
2019-03-14,64.99000000000001
2019-03-15,65.69999999999999
2019-03-18,65.94999999999999
2019-03-19,65.86500000000001
2019-03-20,65.935
2019-03-21,66.28999999999999
2019-03-22,65.38
2019-03-25,65.34
2019-03-26,65.955
2019-03-27,65.555
2019-03-28,65.705
2019-03-29,65.875
2019-04-01,66.885
2019-04-02,66.575
2019-04-03,66.995
2019-04-04,66.92500000000001
2019-04-05,67.015
2019-04-08,66.89500000000001
2019-04-09,66.44999999999999
2019-04-10,66.665
2019-04-11,66.345
2019-04-12,66.84
2019-04-15,66.825
2019-04-16,67.055
2019-04-17,67.09
2019-04-18,66.94
2019-04-22,66.72
2019-04-23,67.055
2019-04-24,66.24000000000001
2019-04-25,66.315
2019-04-26,66.68
2019-04-29,66.985
2019-04-30,66.68
2019-05-01,66.39500000000001
2019-05-02,66.56
2019-05-03,67.24000000000001
2019-05-06,66.32
2019-05-07,65.32
2019-05-08,65.02000000000001
2019-05-09,64.41499999999999
2019-05-10,64.91
2019-05-13,63.285
2019-05-14,63.989999999999995
2019-05-15,64.25
2019-05-16,64.43
2019-05-17,63.965
2019-05-20,63.91
2019-05-21,64.405
2019-05-22,64.08
2019-05-23,63.66
2019-05-24,64.245
2019-05-28,63.905
2019-05-29,63.64
2019-05-30,63.805
2019-05-31,63.33
2019-06-03,63.585
2019-06-04,64.265
2019-06-05,64.195
2019-06-06,64.39
2019-06-07,65.085
2019-06-10,65.42
2019-06-11,65.74000000000001
2019-06-12,65.045
2019-06-13,64.97999999999999
2019-06-14,64.66
2019-06-17,64.265
2019-06-18,65.005
2019-06-19,65.535
2019-06-20,66.235
2019-06-21,65.72
2019-06-24,65.78999999999999
2019-06-25,65.505
2019-06-26,65.60499999999999
2019-06-27,66.005
2019-06-28,66.11500000000001
2019-07-01,66.69999999999999
2019-07-02,66.875
2019-07-03,67.055
2019-07-05,66.795
2019-07-08,66.215
2019-07-09,65.695
2019-07-10,66.085
2019-07-11,66.255
2019-07-12,66.375
2019-07-15,66.38
2019-07-16,66.03
2019-07-17,65.97
2019-07-18,66.025
2019-07-19,66.21000000000001
2019-07-22,66.255
2019-07-23,66.66499999999999
2019-07-24,66.64
2019-07-25,66.005
2019-07-26,66.075
2019-07-29,65.875
2019-07-30,65.50999999999999
2019-07-31,65.12
