DATE,VTI
2007-01-03,70.0
2007-01-04,70.1225
2007-01-05,69.51249999999999
2007-01-08,69.82249999999999
2007-01-09,70.02250000000001
2007-01-10,70.07
2007-01-11,70.6
2007-01-12,70.94999999999999
2007-01-16,70.83000000000001
2007-01-17,70.815
2007-01-18,70.475
2007-01-19,70.7475
2007-01-22,70.53
2007-01-23,70.755
2007-01-24,71.33
2007-01-25,70.2825
2007-01-26,70.445
2007-01-29,70.515
2007-01-30,70.8725
2007-01-31,71.4
2007-02-01,71.80000000000001
2007-02-02,72.125
2007-02-05,71.8775
2007-02-06,71.9625
2007-02-07,72.38749999999999
2007-02-08,72.0825
2007-02-09,71.525
2007-02-12,71.35749999999999
2007-02-13,71.96000000000001
2007-02-14,72.28
2007-02-15,72.475
2007-02-16,72.6575
2007-02-20,72.7125
2007-02-21,72.74000000000001
2007-02-22,72.8725
2007-02-23,72.43
2007-02-26,72.42750000000001
2007-02-27,69.6625
2007-02-28,70.3625
2007-03-01,70.06
2007-03-02,69.1125
2007-03-05,68.22999999999999
2007-03-06,69.4525
2007-03-07,69.33
2007-03-08,69.925
2007-03-09,70.025
2007-03-12,70.09
2007-03-13,69.13499999999999
2007-03-14,69.05000000000001
2007-03-15,69.94
2007-03-16,69.58
2007-03-19,69.985
2007-03-20,70.4625
2007-03-21,71.55000000000001
2007-03-22,71.5625
2007-03-23,71.7125
2007-03-26,71.11250000000001
2007-03-27,71.24000000000001
2007-03-28,70.665
2007-03-29,70.70500000000001
2007-03-30,70.765
2007-04-02,71.0775
2007-04-03,71.7325
2007-04-04,71.64500000000001
2007-04-05,72.0325
2007-04-09,71.895
2007-04-10,72.035
2007-04-11,71.82749999999999
2007-04-12,72.2675
2007-04-13,72.3175
2007-04-16,73.08250000000001
2007-04-17,73.4325
2007-04-18,73.275
2007-04-19,73.18
2007-04-20,73.83500000000001
2007-04-23,73.855
2007-04-24,73.8175
2007-04-25,74.255
2007-04-26,74.3775
2007-04-27,74.4375
2007-04-30,73.58
2007-05-01,73.695
2007-05-02,74.095
2007-05-03,74.76249999999999
2007-05-04,74.97749999999999
2007-05-07,75.1025
2007-05-08,74.9
2007-05-09,75.08500000000001
2007-05-10,74.235
2007-05-11,74.815
2007-05-14,74.685
2007-05-15,74.6125
2007-05-16,75.0875
2007-05-17,75.13749999999999
2007-05-18,75.57
2007-05-21,75.775
2007-05-22,75.5375
2007-05-23,75.6625
2007-05-24,74.935
2007-05-25,75.245
2007-05-29,75.6
2007-05-30,76.20750000000001
2007-05-31,76.265
2007-06-01,76.4725
2007-06-04,76.715
2007-06-05,76.2575
2007-06-06,75.52250000000001
2007-06-07,74.15
2007-06-08,75.0775
2007-06-11,75.16999999999999
2007-06-12,74.41999999999999
2007-06-13,75.425
2007-06-14,75.925
2007-06-15,76.3875
2007-06-18,76.2825
2007-06-19,76.465
2007-06-20,75.4375
2007-06-21,75.85499999999999
2007-06-22,75.18
2007-06-25,74.525
2007-06-26,73.78999999999999
2007-06-27,74.83
2007-06-28,74.795
2007-06-29,74.92750000000001
2007-07-02,75.59
2007-07-03,76.095
2007-07-05,75.8
2007-07-06,76.2425
2007-07-09,76.24000000000001
2007-07-10,75.20500000000001
2007-07-11,75.66999999999999
2007-07-12,76.85
2007-07-13,77.11
2007-07-16,76.985
2007-07-17,76.955
2007-07-18,76.8075
2007-07-19,77.06
2007-07-20,76.33500000000001
2007-07-23,76.495
2007-07-24,75.095
2007-07-25,75.18
2007-07-26,73.375
2007-07-27,71.9325
2007-07-30,73.065
2007-07-31,72.205
2007-08-01,72.515
2007-08-02,73.2575
2007-08-03,71.16749999999999
2007-08-06,72.24000000000001
2007-08-07,72.89500000000001
2007-08-08,74.095
2007-08-09,71.95500000000001
2007-08-10,71.735
2007-08-13,71.95500000000001
2007-08-14,70.8725
2007-08-15,69.83000000000001
2007-08-16,74.655
2007-08-17,71.62
2007-08-20,71.66999999999999
2007-08-21,71.795
2007-08-22,72.7
2007-08-23,72.53
2007-08-24,73.6425
2007-08-27,72.75999999999999
2007-08-28,71.19
2007-08-29,72.57
2007-08-30,72.43
2007-08-31,73.08500000000001
2007-09-04,73.88
2007-09-05,73.3475
2007-09-06,73.46000000000001
2007-09-07,72.5175
2007-09-10,72.3125
2007-09-11,73.045
2007-09-12,73.235
2007-09-13,73.6125
2007-09-14,73.7
2007-09-17,73.24000000000001
2007-09-18,75.38499999999999
2007-09-19,75.9725
2007-09-20,75.5
2007-09-21,75.7225
2007-09-24,75.1825
2007-09-25,74.81
2007-09-26,75.3175
2007-09-27,75.89500000000001
2007-09-28,75.60499999999999
2007-10-01,76.295
2007-10-02,76.52
2007-10-03,76.42
2007-10-04,76.655
2007-10-05,77.3825
2007-10-08,77.2875
2007-10-09,77.705
2007-10-10,77.62
2007-10-11,77.24000000000001
2007-10-12,77.69
2007-10-15,77.1225
2007-10-16,76.33
2007-10-17,76.52000000000001
2007-10-18,76.3375
2007-10-19,74.36500000000001
2007-10-22,74.9025
2007-10-23,75.45
2007-10-24,75.3275
2007-10-25,75.315
2007-10-26,76.015
2007-10-29,76.6675
2007-10-30,75.94
2007-10-31,76.88
2007-11-01,74.86
2007-11-02,75.0575
2007-11-05,74.495
2007-11-06,75.34
2007-11-07,73.59
2007-11-08,73.47749999999999
2007-11-09,72.3675
2007-11-12,71.66
2007-11-13,73.57
2007-11-14,73.26499999999999
2007-11-15,72.1625
2007-11-16,72.3375
2007-11-19,71.185
2007-11-20,71.53999999999999
2007-11-21,70.58
2007-11-23,71.22749999999999
2007-11-26,69.6375
2007-11-27,70.8475
2007-11-28,72.925
2007-11-29,72.85
2007-11-30,73.68
2007-12-03,73.07499999999999
2007-12-04,72.56
2007-12-05,73.5
2007-12-06,74.5
2007-12-07,74.76750000000001
2007-12-10,75.4025
2007-12-11,73.465
2007-12-12,74.11
2007-12-13,73.935
2007-12-14,73.075
2007-12-17,71.7375
2007-12-18,72.17500000000001
2007-12-19,72.285
2007-12-20,72.42
2007-12-21,73.41
2007-12-24,73.9675
2007-12-26,74.1375
2007-12-27,73.1175
2007-12-28,73.12
2007-12-31,72.52
2008-01-02,71.9625
2008-01-03,71.495
2008-01-04,70.16749999999999
2008-01-07,72.375
2008-01-08,66.045
2008-01-09,69.3
2008-01-10,69.75
2008-01-11,68.91749999999999
2008-01-14,69.745
2008-01-15,67.82499999999999
2008-01-16,67.69999999999999
2008-01-17,66.01249999999999
2008-01-18,65.18
2008-01-22,64.61749999999999
2008-01-23,70.0375
2008-01-24,66.69999999999999
2008-01-25,65.695
2008-01-28,66.965
2008-01-29,67.375
2008-01-30,66.94999999999999
2008-01-31,66.765
2008-02-01,69.08
2008-02-04,68.425
2008-02-05,66.46
2008-02-06,65.82
2008-02-07,66.35
2008-02-08,66.08250000000001
2008-02-11,66.5675
2008-02-12,67.005
2008-02-13,67.89750000000001
2008-02-14,67.09
2008-02-15,67.045
2008-02-19,67.315
2008-02-20,67.52
2008-02-21,66.7075
2008-02-22,66.7775
2008-02-25,68.185
2008-02-26,68.70750000000001
2008-02-27,68.535
2008-02-28,67.92750000000001
2008-02-29,66.28999999999999
2008-03-03,66.005
2008-03-04,66.1475
2008-03-05,66.22999999999999
2008-03-06,64.97749999999999
2008-03-07,64.22
2008-03-10,63.292500000000004
2008-03-11,65.6825
2008-03-12,64.925
2008-03-13,65.38749999999999
2008-03-14,64.0725
2008-03-17,63.394999999999996
2008-03-18,65.8375
2008-03-19,64.67
2008-03-20,65.61500000000001
2008-03-24,66.92750000000001
2008-03-25,66.855
2008-03-26,66.1075
2008-03-27,65.795
2008-03-28,65.3725
2008-03-31,65.35
2008-04-01,67.7025
2008-04-02,67.72999999999999
2008-04-03,67.795
2008-04-04,67.7425
2008-04-07,67.875
2008-04-08,67.8775
2008-04-09,67.31
2008-04-10,67.425
2008-04-11,66.35499999999999
2008-04-14,66.07249999999999
2008-04-15,66.0975
2008-04-16,67.9625
2008-04-17,67.83
2008-04-18,68.64
2008-04-21,68.86
2008-04-22,68.17
2008-04-23,68.34
2008-04-24,68.965
2008-04-25,69.1125
2008-04-28,69.4675
2008-04-29,69.00999999999999
2008-04-30,68.69
2008-05-01,69.8725
2008-05-02,70.1075
2008-05-05,69.8125
2008-05-06,70.34
2008-05-07,69.455
2008-05-08,69.43
2008-05-09,69.13749999999999
2008-05-12,69.9225
2008-05-13,70.13499999999999
2008-05-14,70.1925
2008-05-15,70.9125
2008-05-16,71.025
2008-05-19,71.11500000000001
2008-05-20,70.8025
2008-05-21,69.425
2008-05-22,69.5325
2008-05-23,68.7425
2008-05-27,69.2125
2008-05-28,69.64750000000001
2008-05-29,70.0125
2008-05-30,70.11500000000001
2008-06-02,69.65
2008-06-03,69.2575
2008-06-04,69.21000000000001
2008-06-05,70.58500000000001
2008-06-06,68.2925
2008-06-09,68.7775
2008-06-10,68.28999999999999
2008-06-11,67.85249999999999
2008-06-12,67.605
2008-06-13,68.305
2008-06-16,68.285
2008-06-17,68.0925
2008-06-18,67.535
2008-06-19,67.72
2008-06-20,66.75999999999999
2008-06-23,66.53
2008-06-24,65.855
2008-06-25,66.255
2008-06-26,64.7
2008-06-27,64.39
2008-06-30,64.345
2008-07-01,64.51
2008-07-02,63.325
2008-07-03,66.005
2008-07-07,62.650000000000006
2008-07-08,63.325
2008-07-09,62.67
2008-07-10,62.43
2008-07-11,62.09
2008-07-14,61.555
2008-07-15,60.959999999999994
2008-07-16,61.825
2008-07-17,62.58
2008-07-18,63.17
2008-07-21,63.230000000000004
2008-07-22,64.14
2008-07-23,64.43
2008-07-24,62.885000000000005
2008-07-25,62.89
2008-07-28,62.07
2008-07-29,63.339999999999996
2008-07-30,64.39500000000001
2008-07-31,63.855000000000004
2008-08-01,63.46
2008-08-04,62.74
2008-08-05,64.345
2008-08-06,64.74
2008-08-07,63.790000000000006
2008-08-08,65.03
2008-08-11,65.575
2008-08-12,64.75
2008-08-13,64.905
2008-08-14,65.21000000000001
2008-08-15,65.44
2008-08-18,64.47
2008-08-19,63.8
2008-08-20,64.2
2008-08-21,64.305
2008-08-22,65.025
2008-08-25,63.69
2008-08-26,64.17
2008-08-27,64.48
2008-08-28,65.25999999999999
2008-08-29,64.805
2008-09-02,64.34
2008-09-03,64.455
2008-09-04,62.379999999999995
2008-09-05,62.620000000000005
2008-09-08,63.72
2008-09-09,61.68
2008-09-10,61.825
2008-09-11,62.61
2008-09-12,63.445
2008-09-15,62.03
2008-09-16,61.205
2008-09-17,59.33
2008-09-18,59.82
2008-09-19,62.760000000000005
2008-09-22,60.85
2008-09-23,60.629999999999995
2008-09-24,60.25
2008-09-25,60.975
2008-09-26,61.085
2008-09-29,56.265
2008-09-30,58.515
2008-10-01,58.405
2008-10-02,56.335
2008-10-03,55.07
2008-10-06,52.19
2008-10-07,50.325
2008-10-08,48.955
2008-10-09,46.96
2008-10-10,44.46
2008-10-13,49.370000000000005
2008-10-14,49.665
2008-10-15,45.86
2008-10-16,46.25
2008-10-17,46.5
2008-10-20,49.04
2008-10-21,47.835
2008-10-22,45.175
2008-10-23,44.37
2008-10-24,43.045
2008-10-27,41.745000000000005
2008-10-28,45.185
2008-10-29,46.254999999999995
2008-10-30,47.25
2008-10-31,47.635000000000005
2008-11-03,48.114999999999995
2008-11-04,49.845
2008-11-05,47.894999999999996
2008-11-06,45.269999999999996
2008-11-07,46.03
2008-11-10,45.81999999999999
2008-11-11,44.065
2008-11-12,42.815
2008-11-13,44.55
2008-11-14,43.1
2008-11-17,42.525
2008-11-18,41.665
2008-11-19,40.45
2008-11-20,37.77
2008-11-21,38.144999999999996
2008-11-24,41.155
2008-11-25,42.225
2008-11-26,43.34
2008-11-28,43.260000000000005
2008-12-01,40.545
2008-12-02,41.495000000000005
2008-12-03,42.58
2008-12-04,41.86
2008-12-05,42.79
2008-12-08,45.120000000000005
2008-12-09,43.955
2008-12-10,44.375
2008-12-11,43.265
2008-12-12,43.74
2008-12-15,42.92
2008-12-16,45.095
2008-12-17,45.245
2008-12-18,44.785
2008-12-19,44.25
2008-12-22,43.325
2008-12-23,42.635000000000005
2008-12-24,42.620000000000005
2008-12-26,42.644999999999996
2008-12-29,43.285
2008-12-30,44.5
2008-12-31,44.75
2009-01-02,45.985
2009-01-05,45.754999999999995
2009-01-06,46.605000000000004
2009-01-07,45.56
2009-01-08,45.315
2009-01-09,44.285
2009-01-12,43.175
2009-01-13,43.22
2009-01-14,42.16
2009-01-15,42.245000000000005
2009-01-16,42.480000000000004
2009-01-20,40.584999999999994
2009-01-21,41.8
2009-01-22,41.239999999999995
2009-01-23,40.985
2009-01-26,41.845
2009-01-27,41.945
2009-01-28,43.4
2009-01-29,42.29
2009-01-30,41.230000000000004
2009-02-02,41.0
2009-02-03,41.16
2009-02-04,41.675
2009-02-05,41.745000000000005
2009-02-06,43.25
2009-02-09,43.4
2009-02-10,41.72
2009-02-11,41.8
2009-02-12,41.75
2009-02-13,41.155
2009-02-17,39.45
2009-02-18,39.245000000000005
2009-02-19,39.09
2009-02-20,38.495000000000005
2009-02-23,37.394999999999996
2009-02-24,38.45
2009-02-25,38.065
2009-02-26,37.675
2009-02-27,36.980000000000004
2009-03-02,35.2
2009-03-03,34.935
2009-03-04,35.415000000000006
2009-03-05,34.269999999999996
2009-03-06,34.26
2009-03-09,33.855000000000004
2009-03-10,35.785
2009-03-11,36.025000000000006
2009-03-12,37.260000000000005
2009-03-13,37.655
2009-03-16,38.075
2009-03-17,38.575
2009-03-18,39.815
2009-03-19,39.18
2009-03-20,38.43
2009-03-23,40.825
2009-03-24,40.53
2009-03-25,40.41
2009-03-26,41.28
2009-03-27,40.86
2009-03-30,38.9
2009-03-31,39.6
2009-04-01,40.215
2009-04-02,41.96
2009-04-03,42.1
2009-04-06,41.724999999999994
2009-04-07,40.625
2009-04-08,40.885
2009-04-09,42.555
2009-04-13,42.86
2009-04-14,42.215
2009-04-15,42.635000000000005
2009-04-16,43.31
2009-04-17,43.485
2009-04-20,42.03
2009-04-21,42.305
2009-04-22,42.355
2009-04-23,42.5
2009-04-24,43.724999999999994
2009-04-27,43.075
2009-04-28,43.245000000000005
2009-04-29,44.05
2009-04-30,43.9
2009-05-01,44.260000000000005
2009-05-04,45.3
2009-05-05,45.480000000000004
2009-05-06,46.510000000000005
2009-05-07,45.81
2009-05-08,46.55
2009-05-11,45.985
2009-05-12,45.71
2009-05-13,44.495000000000005
2009-05-14,44.739999999999995
2009-05-15,44.55
2009-05-18,45.535
2009-05-19,45.855
2009-05-20,45.445
2009-05-21,44.86
2009-05-22,44.515
2009-05-26,45.875
2009-05-27,45.165000000000006
2009-05-28,45.5
2009-05-29,46.394999999999996
2009-06-01,47.495000000000005
2009-06-02,47.620000000000005
2009-06-03,46.985
2009-06-04,47.66
2009-06-05,47.505
2009-06-08,47.29
2009-06-09,47.75
2009-06-10,47.595
2009-06-11,47.785
2009-06-12,47.995000000000005
2009-06-15,46.715
2009-06-16,45.925
2009-06-17,46.08
2009-06-18,46.315
2009-06-19,46.195
2009-06-22,45.2
2009-06-23,45.004999999999995
2009-06-24,45.165
2009-06-25,46.235
2009-06-26,46.16
2009-06-29,46.540000000000006
2009-06-30,46.46
2009-07-01,46.405
2009-07-02,45.415
2009-07-06,45.004999999999995
2009-07-07,44.405
2009-07-08,44.15
2009-07-09,44.269999999999996
2009-07-10,44.315
2009-07-13,45.155
2009-07-14,45.519999999999996
2009-07-15,46.65
2009-07-16,47.385000000000005
2009-07-17,47.375
2009-07-20,47.845
2009-07-21,48.254999999999995
2009-07-22,48.025
2009-07-23,48.785
2009-07-24,49.44
2009-07-27,49.42
2009-07-28,49.46
2009-07-29,49.06
2009-07-30,49.785
2009-07-31,49.745
2009-08-03,50.705
2009-08-04,50.760000000000005
2009-08-05,50.739999999999995
2009-08-06,50.29
2009-08-07,51.18
2009-08-10,50.870000000000005
2009-08-11,50.425
2009-08-12,50.935
2009-08-13,51.43
2009-08-14,51.144999999999996
2009-08-17,49.495000000000005
2009-08-18,50.25
2009-08-19,50.394999999999996
2009-08-20,50.815
2009-08-21,51.81
2009-08-24,51.8
2009-08-25,52.005
2009-08-26,51.855000000000004
2009-08-27,52.239999999999995
2009-08-28,52.0
2009-08-31,51.675
2009-09-01,50.39
2009-09-02,50.355000000000004
2009-09-03,50.84
2009-09-04,51.245
2009-09-08,52.045
2009-09-09,52.455
2009-09-10,52.965
2009-09-11,53.18
2009-09-14,53.235
2009-09-15,53.75
2009-09-16,54.465
2009-09-17,54.394999999999996
2009-09-18,54.235
2009-09-21,54.364999999999995
2009-09-22,54.78
2009-09-23,54.265
2009-09-24,53.14
2009-09-25,53.05
2009-09-28,53.879999999999995
2009-09-29,53.81
2009-09-30,53.68000000000001
2009-10-01,52.31
2009-10-02,51.89
2009-10-05,52.67
2009-10-06,53.485
2009-10-07,53.59
2009-10-08,54.135000000000005
2009-10-09,54.325
2009-10-12,54.49
2009-10-13,54.5
2009-10-14,55.364999999999995
2009-10-15,55.58
2009-10-16,55.06
2009-10-19,55.64
2009-10-20,55.295
2009-10-21,54.78
2009-10-22,55.355000000000004
2009-10-23,54.769999999999996
2009-10-26,54.07
2009-10-27,53.845
2009-10-28,52.504999999999995
2009-10-29,53.655
2009-10-30,52.32
2009-11-02,52.54
2009-11-03,52.865
2009-11-04,52.97
2009-11-05,53.85
2009-11-06,53.94
2009-11-09,55.065
2009-11-10,55.269999999999996
2009-11-11,55.47
2009-11-12,54.84
2009-11-13,55.315
2009-11-16,56.010000000000005
2009-11-17,56.045
2009-11-18,55.97
2009-11-19,55.230000000000004
2009-11-20,55.03
2009-11-23,55.675
2009-11-24,55.745000000000005
2009-11-25,55.965
2009-11-27,55.65
2009-11-30,55.095
2009-12-01,55.855000000000004
2009-12-02,55.975
2009-12-03,55.510000000000005
2009-12-04,55.935
2009-12-07,55.769999999999996
2009-12-08,55.105000000000004
2009-12-09,55.275000000000006
2009-12-10,55.8
2009-12-11,55.94499999999999
2009-12-14,56.345
2009-12-15,56.16
2009-12-16,56.405
2009-12-17,55.765
2009-12-18,55.965
2009-12-21,56.519999999999996
2009-12-22,56.49
2009-12-23,56.599999999999994
2009-12-24,56.69
2009-12-28,57.035
2009-12-29,56.885000000000005
2009-12-30,56.935
2009-12-31,56.44
2010-01-04,57.22
2010-01-05,57.504999999999995
2010-01-06,57.69
2010-01-07,57.815
2010-01-08,58.07
2010-01-11,58.1
2010-01-12,57.54
2010-01-13,58.015
2010-01-14,58.44
2010-01-15,57.46
2010-01-19,58.14
2010-01-20,57.745
2010-01-21,56.510000000000005
2010-01-22,55.515
2010-01-25,55.7
2010-01-26,55.305
2010-01-27,55.705
2010-01-28,55.095
2010-01-29,54.44
2010-02-01,55.230000000000004
2010-02-02,55.900000000000006
2010-02-03,55.754999999999995
2010-02-04,53.96
2010-02-05,53.845
2010-02-08,53.644999999999996
2010-02-09,54.269999999999996
2010-02-10,54.115
2010-02-11,54.805
2010-02-12,54.995
2010-02-16,55.69
2010-02-17,56.08
2010-02-18,56.019999999999996
2010-02-19,56.445
2010-02-22,56.47
2010-02-23,55.875
2010-02-24,56.215
2010-02-25,56.18
2010-02-26,56.34
2010-03-01,56.875
2010-03-02,57.120000000000005
2010-03-03,57.165
2010-03-04,57.335
2010-03-05,58.165
2010-03-08,58.205
2010-03-09,58.349999999999994
2010-03-10,58.66
2010-03-11,58.915
2010-03-12,58.915
2010-03-15,58.894999999999996
2010-03-16,59.335
2010-03-17,59.715
2010-03-18,59.66
2010-03-19,59.269999999999996
2010-03-22,59.705
2010-03-23,60.07
2010-03-24,59.78
2010-03-25,59.355000000000004
2010-03-26,59.44
2010-03-29,59.715
2010-03-30,59.78
2010-03-31,59.66
2010-04-01,60.015
2010-04-05,60.575
2010-04-06,60.765
2010-04-07,60.43
2010-04-08,60.68
2010-04-09,61.09
2010-04-12,61.09
2010-04-13,61.285
2010-04-14,61.935
2010-04-15,61.995000000000005
2010-04-16,61.09
2010-04-19,61.3
2010-04-20,61.925
2010-04-21,61.495
2010-04-22,61.82
2010-04-23,62.375
2010-04-26,62.19
2010-04-27,60.755
2010-04-28,61.224999999999994
2010-04-29,62.025
2010-04-30,61.0
2010-05-03,61.615
2010-05-04,60.239999999999995
2010-05-05,59.754999999999995
2010-05-06,57.555
2010-05-07,56.78
2010-05-10,59.235
2010-05-11,59.025
2010-05-12,60.11
2010-05-13,59.5
2010-05-14,58.405
2010-05-17,58.395
2010-05-18,57.415000000000006
2010-05-19,57.125
2010-05-20,54.685
2010-05-21,55.599999999999994
2010-05-24,54.71
2010-05-25,55.095
2010-05-26,54.4
2010-05-27,56.6
2010-05-28,55.845
2010-06-01,54.885
2010-06-02,56.305
2010-06-03,56.745
2010-06-04,54.75
2010-06-07,53.73
2010-06-08,54.19
2010-06-09,53.995000000000005
2010-06-10,55.535
2010-06-11,55.91
2010-06-14,56.04
2010-06-15,57.18
2010-06-16,57.18
2010-06-17,57.265
2010-06-18,57.25
2010-06-21,57.215
2010-06-22,56.15
2010-06-23,55.89
2010-06-24,54.805
2010-06-25,55.085
2010-06-28,54.83
2010-06-29,53.010000000000005
2010-06-30,52.485
2010-07-01,52.325
2010-07-02,51.955
2010-07-06,52.25
2010-07-07,54.035
2010-07-08,54.489999999999995
2010-07-09,54.79
2010-07-12,54.974999999999994
2010-07-13,56.07
2010-07-14,55.805
2010-07-15,55.78
2010-07-16,54.355000000000004
2010-07-19,54.175
2010-07-20,55.41
2010-07-21,54.400000000000006
2010-07-22,55.555
2010-07-23,56.39
2010-07-26,56.894999999999996
2010-07-27,56.915
2010-07-28,56.44
2010-07-29,56.125
2010-07-30,56.260000000000005
2010-08-02,57.425
2010-08-03,57.165
2010-08-04,57.615
2010-08-05,57.519999999999996
2010-08-06,57.265
2010-08-09,57.61
2010-08-10,57.209999999999994
2010-08-11,55.36
2010-08-12,55.125
2010-08-13,54.96
2010-08-16,55.0
2010-08-17,55.625
2010-08-18,55.585
2010-08-19,54.739999999999995
2010-08-20,54.71
2010-08-23,54.4
2010-08-24,53.55
2010-08-25,53.95
2010-08-26,53.335
2010-08-27,54.37
2010-08-30,53.43
2010-08-31,53.78
2010-09-01,55.285
2010-09-02,55.81
2010-09-03,56.485
2010-09-07,55.879999999999995
2010-09-08,56.225
2010-09-09,56.415000000000006
2010-09-10,56.73
2010-09-13,57.435
2010-09-14,57.375
2010-09-15,57.635000000000005
2010-09-16,57.739999999999995
2010-09-17,57.575
2010-09-20,58.45
2010-09-21,58.39
2010-09-22,58.165
2010-09-23,57.635
2010-09-24,58.525000000000006
2010-09-27,58.285
2010-09-28,58.575
2010-09-29,58.445
2010-09-30,58.36
2010-10-01,58.71
2010-10-04,58.25
2010-10-05,59.275
2010-10-06,59.269999999999996
2010-10-07,59.3
2010-10-08,59.61
2010-10-11,59.71
2010-10-12,59.905
2010-10-13,60.345
2010-10-14,60.35
2010-10-15,60.36
2010-10-18,60.265
2010-10-19,59.74
2010-10-20,60.400000000000006
2010-10-21,60.295
2010-10-22,60.635
2010-10-25,60.745
2010-10-26,60.83
2010-10-27,60.605
2010-10-28,60.645
2010-10-29,60.64
2010-11-01,60.805
2010-11-02,61.445
2010-11-03,61.57
2010-11-04,62.64
2010-11-05,62.92
2010-11-08,62.760000000000005
2010-11-09,62.290000000000006
2010-11-10,62.49
2010-11-11,62.375
2010-11-12,61.575
2010-11-15,61.53
2010-11-16,60.595
2010-11-17,60.730000000000004
2010-11-18,61.685
2010-11-19,61.835
2010-11-22,61.78
2010-11-23,60.875
2010-11-24,61.84
2010-11-26,61.32
2010-11-29,61.405
2010-11-30,60.945
2010-12-01,62.32
2010-12-02,63.21
2010-12-03,63.400000000000006
2010-12-06,63.29
2010-12-07,63.33
2010-12-08,63.665
2010-12-09,63.769999999999996
2010-12-10,64.25
2010-12-13,64.28
2010-12-14,64.25999999999999
2010-12-15,64.07
2010-12-16,64.375
2010-12-17,64.42
2010-12-20,64.565
2010-12-21,65.065
2010-12-22,64.96000000000001
2010-12-23,65.275
2010-12-27,64.89500000000001
2010-12-28,64.89
2010-12-29,65.005
2010-12-30,64.975
2010-12-31,65.015
2011-01-03,65.515
2011-01-04,65.485
2011-01-05,65.78
2011-01-06,65.705
2011-01-07,65.57499999999999
2011-01-10,65.575
2011-01-11,65.795
2011-01-12,66.455
2011-01-13,66.39500000000001
2011-01-14,66.825
2011-01-18,67.15
2011-01-19,66.175
2011-01-20,65.91
2011-01-21,65.975
2011-01-24,66.43
2011-01-25,66.4
2011-01-26,66.81
2011-01-27,66.97
2011-01-28,65.705
2011-01-31,66.27
2011-02-01,67.24000000000001
2011-02-02,67.22999999999999
2011-02-03,67.41
2011-02-04,67.595
2011-02-07,68.02
2011-02-08,68.38499999999999
2011-02-09,68.21000000000001
2011-02-10,68.255
2011-02-11,68.69
2011-02-14,68.8
2011-02-15,68.755
2011-02-16,69.095
2011-02-17,69.38499999999999
2011-02-18,69.57
2011-02-22,68.015
2011-02-23,67.445
2011-02-24,67.33
2011-02-25,68.3
2011-02-28,68.69999999999999
2011-03-01,67.38
2011-03-02,67.625
2011-03-03,68.89
2011-03-04,68.44
2011-03-07,67.78999999999999
2011-03-08,68.4
2011-03-09,68.16
2011-03-10,66.97
2011-03-11,67.55
2011-03-14,67.07
2011-03-15,66.33000000000001
2011-03-16,65.35499999999999
2011-03-17,65.89
2011-03-18,66.17
2011-03-21,67.26499999999999
2011-03-22,67.065
2011-03-23,67.20500000000001
2011-03-24,67.875
2011-03-25,67.965
2011-03-28,67.58500000000001
2011-03-29,68.35
2011-03-30,68.745
2011-03-31,68.675
2011-04-01,69.035
2011-04-04,69.19
2011-04-05,69.07
2011-04-06,69.13
2011-04-07,69.095
2011-04-08,68.83
2011-04-11,68.545
2011-04-12,67.875
2011-04-13,67.99000000000001
2011-04-14,68.05
2011-04-15,68.39
2011-04-18,67.555
2011-04-19,68.065
2011-04-20,69.17
2011-04-21,69.22
2011-04-25,69.21000000000001
2011-04-26,69.72
2011-04-27,70.28
2011-04-28,70.445
2011-04-29,70.815
2011-05-02,70.58500000000001
2011-05-03,70.12
2011-05-04,69.68
2011-05-05,69.23
2011-05-06,69.35
2011-05-09,69.815
2011-05-10,70.375
2011-05-11,69.65
2011-05-12,70.05
2011-05-13,69.315
2011-05-16,68.66
2011-05-17,68.795
2011-05-18,69.49000000000001
2011-05-19,69.64
2011-05-20,69.08
2011-05-23,68.22
2011-05-24,68.08500000000001
2011-05-25,68.35
2011-05-26,68.97
2011-05-27,69.195
2011-05-31,69.965
2011-06-01,68.33
2011-06-02,68.295
2011-06-03,67.435
2011-06-06,66.745
2011-06-07,66.83
2011-06-08,66.25
2011-06-09,66.8
2011-06-10,65.805
2011-06-13,65.935
2011-06-14,66.775
2011-06-15,65.69
2011-06-16,65.8
2011-06-17,65.92
2011-06-20,66.265
2011-06-21,67.11
2011-06-22,66.78
2011-06-23,66.695
2011-06-24,65.70500000000001
2011-06-27,66.43
2011-06-28,67.28999999999999
2011-06-29,67.815
2011-06-30,68.34
2011-07-01,69.39500000000001
2011-07-05,69.50999999999999
2011-07-06,69.47
2011-07-07,70.36
2011-07-08,69.875
2011-07-11,68.595
2011-07-12,68.225
2011-07-13,68.39
2011-07-14,67.985
2011-07-15,68.41499999999999
2011-07-18,67.66
2011-07-19,68.845
2011-07-20,68.58
2011-07-21,69.785
2011-07-22,69.69999999999999
2011-07-25,69.25999999999999
2011-07-26,68.85
2011-07-27,67.4
2011-07-28,67.305
2011-07-29,66.945
2011-08-01,66.38499999999999
2011-08-02,64.72
2011-08-03,65.065
2011-08-04,61.865
2011-08-05,61.49
2011-08-08,57.144999999999996
2011-08-09,60.245000000000005
2011-08-10,58.004999999999995
2011-08-11,60.275000000000006
2011-08-12,60.775000000000006
2011-08-15,61.870000000000005
2011-08-16,61.465
2011-08-17,61.25
2011-08-18,58.84
2011-08-19,57.730000000000004
2011-08-22,57.71
2011-08-23,59.64
2011-08-24,60.265
2011-08-25,59.515
2011-08-26,60.510000000000005
2011-08-29,62.355
2011-08-30,62.224999999999994
2011-08-31,62.845
2011-09-01,61.845
2011-09-02,60.17
2011-09-06,60.04
2011-09-07,61.91
2011-09-08,61.075
2011-09-09,59.735
2011-09-12,59.985
2011-09-13,60.345
2011-09-14,61.335
2011-09-15,62.425
2011-09-16,62.769999999999996
2011-09-19,62.019999999999996
2011-09-20,62.765
2011-09-21,59.62
2011-09-22,58.21
2011-09-23,58.025000000000006
2011-09-26,59.405
2011-09-27,60.105000000000004
2011-09-28,58.855000000000004
2011-09-29,59.32
2011-09-30,57.599999999999994
2011-10-03,55.585
2011-10-04,56.96
2011-10-05,58.224999999999994
2011-10-06,59.42
2011-10-07,59.245
2011-10-10,61.03
2011-10-11,60.834999999999994
2011-10-12,61.425
2011-10-13,61.445
2011-10-14,62.345
2011-10-17,61.165
2011-10-18,62.415
2011-10-19,61.955
2011-10-20,62.02
2011-10-21,63.35
2011-10-24,64.19
2011-10-25,63.005
2011-10-26,63.72
2011-10-27,65.975
2011-10-28,65.87
2011-10-31,64.17
2011-11-01,62.765
2011-11-02,63.5
2011-11-03,64.775
2011-11-04,64.37
2011-11-07,64.795
2011-11-08,65.58000000000001
2011-11-09,63.19
2011-11-10,63.69
2011-11-11,64.66
2011-11-14,64.07000000000001
2011-11-15,64.62
2011-11-16,63.325
2011-11-17,62.235
2011-11-18,62.43
2011-11-21,61.175
2011-11-22,60.84
2011-11-23,59.625
2011-11-25,61.25
2011-11-28,61.230000000000004
2011-11-29,61.285
2011-11-30,64.015
2011-12-01,63.97
2011-12-02,64.075
2011-12-05,64.525
2011-12-06,64.69
2011-12-07,65.09
2011-12-08,63.49
2011-12-09,64.78
2011-12-12,63.545
2011-12-13,62.985
2011-12-14,62.24
2011-12-15,62.49
2011-12-16,62.56
2011-12-19,61.965
2011-12-20,63.85
2011-12-21,63.54
2011-12-22,64.24000000000001
2011-12-23,64.765
2011-12-27,64.72999999999999
2011-12-28,63.89
2011-12-29,64.53999999999999
2011-12-30,64.275
2012-01-03,65.315
2012-01-04,65.29499999999999
2012-01-05,65.33000000000001
2012-01-06,65.485
2012-01-09,65.5
2012-01-10,66.14
2012-01-11,66.28
2012-01-12,66.49
2012-01-13,66.265
2012-01-17,66.4
2012-01-18,67.07
2012-01-19,67.5
2012-01-20,67.455
2012-01-23,67.5
2012-01-24,67.75
2012-01-25,68.1
2012-01-26,67.91
2012-01-27,67.86
2012-01-30,67.58500000000001
2012-01-31,67.49000000000001
2012-02-01,68.35
2012-02-02,68.455
2012-02-03,69.405
2012-02-06,69.41
2012-02-07,69.62
2012-02-08,69.72999999999999
2012-02-09,69.785
2012-02-10,69.345
2012-02-13,69.82499999999999
2012-02-14,69.725
2012-02-15,69.35
2012-02-16,70.22999999999999
2012-02-17,70.425
2012-02-21,70.355
2012-02-22,69.99000000000001
2012-02-23,70.205
2012-02-24,70.555
2012-02-27,70.695
2012-02-28,70.83000000000001
2012-02-29,70.32
2012-03-01,71.065
2012-03-02,70.60499999999999
2012-03-05,70.32
2012-03-06,69.17
2012-03-07,69.62
2012-03-08,70.47
2012-03-09,70.895
2012-03-12,70.815
2012-03-13,72.175
2012-03-14,71.825
2012-03-15,72.305
2012-03-16,72.58500000000001
2012-03-19,72.75999999999999
2012-03-20,72.485
2012-03-21,72.395
2012-03-22,71.89
2012-03-23,72.225
2012-03-26,72.935
2012-03-27,72.53999999999999
2012-03-28,72.155
2012-03-29,72.075
2012-03-30,72.345
2012-04-02,72.995
2012-04-03,72.645
2012-04-04,71.8
2012-04-05,71.66999999999999
2012-04-09,70.805
2012-04-10,69.83500000000001
2012-04-11,70.275
2012-04-12,71.31
2012-04-13,70.735
2012-04-16,70.295
2012-04-17,71.33
2012-04-18,71.00999999999999
2012-04-19,70.795
2012-04-20,70.815
2012-04-23,70.21000000000001
2012-04-24,70.83
2012-04-25,71.42
2012-04-26,72.05000000000001
2012-04-27,72.07
2012-04-30,71.89
2012-05-01,72.54499999999999
2012-05-02,71.795
2012-05-03,71.41499999999999
2012-05-04,70.25999999999999
2012-05-07,70.36
2012-05-08,70.03
2012-05-09,69.625
2012-05-10,69.78999999999999
2012-05-11,69.55
2012-05-14,68.78
2012-05-15,68.565
2012-05-16,68.175
2012-05-17,66.87
2012-05-18,66.33
2012-05-21,67.675
2012-05-22,67.64
2012-05-23,67.645
2012-05-24,68.055
2012-05-25,67.75999999999999
2012-05-29,68.85
2012-05-30,67.41
2012-05-31,67.195
2012-06-01,65.57
2012-06-04,66.285
2012-06-05,65.625
2012-06-06,67.78
2012-06-07,67.60499999999999
2012-06-08,68.155
2012-06-11,67.08
2012-06-12,67.78999999999999
2012-06-13,67.315
2012-06-14,68.23
2012-06-15,68.855
2012-06-18,69.08
2012-06-19,69.405
2012-06-20,69.555
2012-06-21,68.075
2012-06-22,68.70500000000001
2012-06-25,67.14
2012-06-26,67.25
2012-06-27,68.065
2012-06-28,67.505
2012-06-29,68.94
2012-07-02,69.81
2012-07-03,68.39500000000001
2012-07-05,70.17500000000001
2012-07-06,69.475
2012-07-09,69.375
2012-07-10,68.64
2012-07-11,68.735
2012-07-12,68.38
2012-07-13,69.465
2012-07-16,69.24000000000001
2012-07-17,69.78
2012-07-18,71.02000000000001
2012-07-19,71.06
2012-07-20,69.675
2012-07-23,68.92
2012-07-24,69.10499999999999
2012-07-25,68.395
2012-07-26,69.395
2012-07-27,70.87
2012-07-30,70.64500000000001
2012-07-31,70.28
2012-08-01,70.025
2012-08-02,70.36
2012-08-03,71.05
2012-08-06,71.12
2012-08-07,71.545
2012-08-08,71.59
2012-08-09,71.755
2012-08-10,71.86000000000001
2012-08-13,71.83000000000001
2012-08-14,71.73
2012-08-15,71.985
2012-08-16,72.505
2012-08-17,72.61
2012-08-20,72.58500000000001
2012-08-21,72.755
2012-08-22,72.41499999999999
2012-08-23,71.78999999999999
2012-08-24,72.245
2012-08-27,72.17500000000001
2012-08-28,72.22
2012-08-29,72.22
2012-08-30,71.8
2012-08-31,72.24000000000001
2012-09-04,72.41
2012-09-05,72.26
2012-09-06,73.63499999999999
2012-09-07,74.00999999999999
2012-09-10,73.33
2012-09-11,73.58
2012-09-12,74.295
2012-09-13,74.93
2012-09-14,75.56
2012-09-17,75.515
2012-09-18,75.1
2012-09-19,75.495
2012-09-20,75.07
2012-09-21,75.16
2012-09-24,74.54499999999999
2012-09-25,73.715
2012-09-26,73.29499999999999
2012-09-27,73.945
2012-09-28,74.525
2012-10-01,73.75
2012-10-02,73.91
2012-10-03,74.18
2012-10-04,74.7
2012-10-05,74.64
2012-10-08,74.345
2012-10-09,73.67
2012-10-10,73.225
2012-10-11,73.35
2012-10-12,72.995
2012-10-15,73.62
2012-10-16,74.415
2012-10-17,74.75999999999999
2012-10-18,74.52000000000001
2012-10-19,73.205
2012-10-22,73.30000000000001
2012-10-23,72.285
2012-10-24,72.145
2012-10-25,72.405
2012-10-26,72.275
2012-10-31,72.205
2012-11-01,73.215
2012-11-02,72.465
2012-11-05,72.69999999999999
2012-11-06,73.25999999999999
2012-11-07,71.59
2012-11-08,70.695
2012-11-09,70.775
2012-11-12,70.84
2012-11-13,70.49000000000001
2012-11-14,69.52000000000001
2012-11-15,69.34
2012-11-16,69.77000000000001
2012-11-19,71.17
2012-11-20,71.30000000000001
2012-11-21,71.455
2012-11-23,72.335
2012-11-26,72.27000000000001
2012-11-27,71.955
2012-11-28,72.475
2012-11-29,72.945
2012-11-30,72.83
2012-12-03,72.58
2012-12-04,72.47999999999999
2012-12-05,72.58
2012-12-06,72.825
2012-12-07,73.03
2012-12-10,73.13499999999999
2012-12-11,73.625
2012-12-12,73.625
2012-12-13,73.24000000000001
2012-12-14,72.985
2012-12-17,73.78999999999999
2012-12-18,74.675
2012-12-19,74.195
2012-12-20,74.07
2012-12-21,73.47
2012-12-24,73.14500000000001
2012-12-26,72.80000000000001
2012-12-27,72.75
2012-12-28,71.765
2012-12-31,73.39
2013-01-02,75.105
2013-01-03,74.975
2013-01-04,75.415
2013-01-07,75.215
2013-01-08,75.035
2013-01-09,75.24
2013-01-10,75.75999999999999
2013-01-11,75.75999999999999
2013-01-14,75.675
2013-01-15,75.835
2013-01-16,75.75
2013-01-17,76.285
2013-01-18,76.50999999999999
2013-01-22,76.9
2013-01-23,77.015
2013-01-24,77.08
2013-01-25,77.55000000000001
2013-01-28,77.47
2013-01-29,77.695
2013-01-30,77.385
2013-01-31,77.25999999999999
2013-02-01,78.005
2013-02-04,77.225
2013-02-05,77.88
2013-02-06,78.02000000000001
2013-02-07,77.905
2013-02-08,78.36
2013-02-11,78.345
2013-02-12,78.525
2013-02-13,78.59
2013-02-14,78.66
2013-02-15,78.61
2013-02-19,79.13
2013-02-20,78.085
2013-02-21,77.59
2013-02-22,78.325
2013-02-25,76.86
2013-02-26,77.31
2013-02-27,78.375
2013-02-28,78.19999999999999
2013-03-01,78.44999999999999
2013-03-04,78.825
2013-03-05,79.55000000000001
2013-03-06,79.635
2013-03-07,79.855
2013-03-08,80.25
2013-03-11,80.49
2013-03-12,80.315
2013-03-13,80.53
2013-03-14,80.975
2013-03-15,80.84
2013-03-18,80.47
2013-03-19,80.19
2013-03-20,80.675
2013-03-21,80.145
2013-03-22,80.295
2013-03-25,80.085
2013-03-26,80.605
2013-03-27,80.665
2013-03-28,80.925
2013-04-01,80.535
2013-04-02,80.785
2013-04-03,79.915
2013-04-04,80.245
2013-04-05,79.92
2013-04-08,80.45
2013-04-09,80.705
2013-04-10,81.74000000000001
2013-04-11,82.005
2013-04-12,81.715
2013-04-15,79.85
2013-04-16,80.92
2013-04-17,79.765
2013-04-18,79.22999999999999
2013-04-19,79.975
2013-04-22,80.315
2013-04-23,81.16
2013-04-24,81.35
2013-04-25,81.68
2013-04-26,81.45
2013-04-29,82.025
2013-04-30,82.33
2013-05-01,81.425
2013-05-02,82.235
2013-05-03,83.065
2013-05-06,83.36500000000001
2013-05-07,83.785
2013-05-08,84.205
2013-05-09,83.925
2013-05-10,84.285
2013-05-13,84.32499999999999
2013-05-14,85.185
2013-05-15,85.55
2013-05-16,85.265
2013-05-17,86.035
2013-05-20,86.045
2013-05-21,86.195
2013-05-22,85.41
2013-05-23,85.16499999999999
2013-05-24,85.095
2013-05-28,85.61
2013-05-29,85.06
2013-05-30,85.42
2013-05-31,84.29499999999999
2013-06-03,84.285
2013-06-04,84.22999999999999
2013-06-05,83.015
2013-06-06,83.855
2013-06-07,84.775
2013-06-10,84.855
2013-06-11,84.025
2013-06-12,83.28
2013-06-13,84.59
2013-06-14,84.1
2013-06-17,84.725
2013-06-18,85.325
2013-06-19,84.315
2013-06-20,82.205
2013-06-21,82.275
2013-06-24,80.905
2013-06-25,81.74000000000001
2013-06-26,82.47999999999999
2013-06-27,83.135
2013-06-28,82.795
2013-07-01,83.36
2013-07-02,83.3
2013-07-03,83.55000000000001
2013-07-05,84.245
2013-07-08,84.715
2013-07-09,85.335
2013-07-10,85.39
2013-07-11,86.60499999999999
2013-07-12,86.725
2013-07-15,87.015
2013-07-16,86.65
2013-07-17,86.895
2013-07-18,87.37
2013-07-19,87.55
2013-07-22,87.745
2013-07-23,87.57
2013-07-24,87.25
2013-07-25,87.485
2013-07-26,87.55000000000001
2013-07-29,87.265
2013-07-30,87.33
2013-07-31,87.5
2013-08-01,88.505
2013-08-02,88.605
2013-08-05,88.56
2013-08-06,88.035
2013-08-07,87.685
2013-08-08,88.025
2013-08-09,87.74000000000001
2013-08-12,87.70500000000001
2013-08-13,87.925
2013-08-14,87.425
2013-08-15,86.145
2013-08-16,85.85499999999999
2013-08-19,85.31
2013-08-20,85.85499999999999
2013-08-21,85.355
2013-08-22,86.125
2013-08-23,86.46000000000001
2013-08-26,86.225
2013-08-27,84.745
2013-08-28,85.03999999999999
2013-08-29,85.27000000000001
2013-08-30,84.82
2013-09-03,85.235
2013-09-04,85.955
2013-09-05,86.05000000000001
2013-09-06,86.155
2013-09-09,87.09
2013-09-10,87.755
2013-09-11,88.00999999999999
2013-09-12,87.745
2013-09-13,87.965
2013-09-16,88.42500000000001
2013-09-17,88.89
2013-09-18,89.925
2013-09-19,89.78999999999999
2013-09-20,89.16
2013-09-23,88.36
2013-09-24,88.22999999999999
2013-09-25,88.05000000000001
2013-09-26,88.39500000000001
2013-09-27,88.055
2013-09-30,87.63
2013-10-01,88.38499999999999
2013-10-02,88.25999999999999
2013-10-03,87.505
2013-10-04,88.125
2013-10-07,87.35499999999999
2013-10-08,86.205
2013-10-09,86.165
2013-10-10,88.06
2013-10-11,88.705
2013-10-14,89.08
2013-10-15,88.42
2013-10-16,89.635
2013-10-17,90.28999999999999
2013-10-18,90.94
2013-10-21,90.915
2013-10-22,91.41
2013-10-23,90.97999999999999
2013-10-24,91.305
2013-10-25,91.65
2013-10-28,91.735
2013-10-29,92.195
2013-10-30,91.64
2013-10-31,91.35499999999999
2013-11-01,91.5
2013-11-04,91.93
2013-11-05,91.64500000000001
2013-11-06,91.91
2013-11-07,90.67500000000001
2013-11-08,91.865
2013-11-11,91.945
2013-11-12,91.815
2013-11-13,92.58
2013-11-14,93.03
2013-11-15,93.44
2013-11-18,92.985
2013-11-19,92.69999999999999
2013-11-20,92.42
2013-11-21,93.265
2013-11-22,93.715
2013-11-25,93.63499999999999
2013-11-26,93.735
2013-11-27,94.00999999999999
2013-11-29,93.9
2013-12-02,93.67
2013-12-03,93.305
2013-12-04,93.205
2013-12-05,92.91
2013-12-06,93.875
2013-12-09,94.08
2013-12-10,93.755
2013-12-11,92.61
2013-12-12,92.38499999999999
2013-12-13,92.445
2013-12-16,93.075
2013-12-17,92.83
2013-12-18,94.33500000000001
2013-12-19,94.17
2013-12-20,94.345
2013-12-23,94.89
2013-12-24,95.17
2013-12-26,95.565
2013-12-27,95.545
2013-12-30,95.555
2013-12-31,95.94999999999999
2014-01-02,95.07499999999999
2014-01-03,95.08
2014-01-06,94.78999999999999
2014-01-07,95.405
2014-01-08,95.47999999999999
2014-01-09,95.535
2014-01-10,95.835
2014-01-13,94.62
2014-01-14,95.66499999999999
2014-01-15,96.18
2014-01-16,96.075
2014-01-17,95.71000000000001
2014-01-21,96.015
2014-01-22,96.19
2014-01-23,95.38499999999999
2014-01-24,93.275
2014-01-27,92.715
2014-01-28,93.35
2014-01-29,92.41
2014-01-30,93.47999999999999
2014-01-31,92.91
2014-02-03,90.705
2014-02-04,91.4
2014-02-05,91.235
2014-02-06,92.34
2014-02-07,93.55
2014-02-10,93.685
2014-02-11,94.72
2014-02-12,94.845
2014-02-13,95.44
2014-02-14,95.885
2014-02-18,96.165
2014-02-19,95.535
2014-02-20,96.165
2014-02-21,96.07499999999999
2014-02-24,96.62
2014-02-25,96.60499999999999
2014-02-26,96.705
2014-02-27,97.15
2014-02-28,97.365
2014-03-03,96.685
2014-03-04,98.205
2014-03-05,98.22
2014-03-06,98.39500000000001
2014-03-07,98.39
2014-03-10,98.305
2014-03-11,97.755
2014-03-12,97.82
2014-03-13,96.71000000000001
2014-03-14,96.55
2014-03-17,97.36
2014-03-18,98.17
2014-03-19,97.61500000000001
2014-03-20,98.1
2014-03-21,97.725
2014-03-24,97.195
2014-03-25,97.11
2014-03-26,96.28
2014-03-27,96.115
2014-03-28,96.53
2014-03-31,97.44
2014-04-01,98.21000000000001
2014-04-02,98.535
2014-04-03,98.265
2014-04-04,96.94
2014-04-07,95.75
2014-04-08,96.185
2014-04-09,97.305
2014-04-10,95.195
2014-04-11,94.245
2014-04-14,94.885
2014-04-15,95.52000000000001
2014-04-16,96.53
2014-04-17,96.725
2014-04-21,97.10499999999999
2014-04-22,97.64
2014-04-23,97.38
2014-04-24,97.485
2014-04-25,96.555
2014-04-28,96.67
2014-04-29,97.16499999999999
2014-04-30,97.50999999999999
2014-05-01,97.555
2014-05-02,97.475
2014-05-05,97.63499999999999
2014-05-06,96.72999999999999
2014-05-07,97.185
2014-05-08,96.945
2014-05-09,97.16
2014-05-12,98.25
2014-05-13,98.205
2014-05-14,97.655
2014-05-15,96.78999999999999
2014-05-16,97.17500000000001
2014-05-19,97.62
2014-05-20,96.885
2014-05-21,97.64500000000001
2014-05-22,97.985
2014-05-23,98.47
2014-05-27,99.145
2014-05-28,99.03
2014-05-29,99.545
2014-05-30,99.595
2014-06-02,99.68
2014-06-03,99.67
2014-06-04,99.905
2014-06-05,100.67500000000001
2014-06-06,101.195
2014-06-09,101.375
2014-06-10,101.345
2014-06-11,100.995
2014-06-12,100.28999999999999
2014-06-13,100.6
2014-06-16,100.7
2014-06-17,101.07
2014-06-18,101.795
2014-06-19,101.91499999999999
2014-06-20,102.15
2014-06-23,102.12
2014-06-24,101.015
2014-06-25,101.525
2014-06-26,101.44999999999999
2014-06-27,101.715
2014-06-30,101.75999999999999
2014-07-01,102.47999999999999
2014-07-02,102.44
2014-07-03,102.965
2014-07-07,102.42
2014-07-08,101.67
2014-07-09,102.09
2014-07-10,101.64
2014-07-11,101.715
2014-07-14,102.225
2014-07-15,101.955
2014-07-16,102.235
2014-07-17,101.06
2014-07-18,102.15
2014-07-21,101.91499999999999
2014-07-22,102.425
2014-07-23,102.665
2014-07-24,102.665
2014-07-25,102.13
2014-07-28,102.10499999999999
2014-07-29,101.72999999999999
2014-07-30,101.795
2014-07-31,99.765
2014-08-01,99.485
2014-08-04,100.19
2014-08-05,99.295
2014-08-06,99.33500000000001
2014-08-07,98.805
2014-08-08,99.905
2014-08-11,100.285
2014-08-12,100.095
2014-08-13,100.815
2014-08-14,101.245
2014-08-15,101.255
2014-08-18,102.185
2014-08-19,102.695
2014-08-20,102.92500000000001
2014-08-21,103.18
2014-08-22,103.005
2014-08-25,103.545
2014-08-26,103.735
2014-08-27,103.685
2014-08-28,103.565
2014-08-29,103.89
2014-09-02,103.94999999999999
2014-09-03,103.845
2014-09-04,103.63499999999999
2014-09-05,104.1
2014-09-08,103.89500000000001
2014-09-09,103.16499999999999
2014-09-10,103.545
2014-09-11,103.745
2014-09-12,103.065
2014-09-15,102.805
2014-09-16,103.535
2014-09-17,103.66499999999999
2014-09-18,104.17500000000001
2014-09-19,103.96000000000001
2014-09-22,103.015
2014-09-23,102.35499999999999
2014-09-24,102.67500000000001
2014-09-25,101.07
2014-09-26,101.905
2014-09-29,101.69999999999999
2014-09-30,101.275
2014-10-01,99.905
2014-10-02,99.985
2014-10-03,101.07499999999999
2014-10-06,100.875
2014-10-07,99.315
2014-10-08,100.96000000000001
2014-10-09,98.88499999999999
2014-10-10,97.655
2014-10-13,96.095
2014-10-14,96.39500000000001
2014-10-15,95.86500000000001
2014-10-16,96.06
2014-10-17,97.11500000000001
2014-10-20,98.08500000000001
2014-10-21,100.045
2014-10-22,99.24000000000001
2014-10-23,100.455
2014-10-24,101.13499999999999
2014-10-27,100.97999999999999
2014-10-28,102.315
2014-10-29,102.16499999999999
2014-10-30,102.815
2014-10-31,104.025
2014-11-03,104.05000000000001
2014-11-04,103.685
2014-11-05,104.19999999999999
2014-11-06,104.67500000000001
2014-11-07,104.775
2014-11-10,105.095
2014-11-11,105.185
2014-11-12,105.17500000000001
2014-11-13,105.14500000000001
2014-11-14,105.17500000000001
2014-11-17,105.14500000000001
2014-11-18,105.755
2014-11-19,105.495
2014-11-20,105.805
2014-11-21,106.32499999999999
2014-11-24,106.755
2014-11-25,106.715
2014-11-26,106.97
2014-11-28,105.625
2014-12-01,105.695
2014-12-02,106.35499999999999
2014-12-03,106.845
2014-12-04,106.705
2014-12-05,106.92500000000001
2014-12-08,106.17500000000001
2014-12-09,106.265
2014-12-10,104.495
2014-12-11,104.975
2014-12-12,103.345
2014-12-15,102.60499999999999
2014-12-16,101.85499999999999
2014-12-17,104.035
2014-12-18,106.41499999999999
2014-12-19,106.88499999999999
2014-12-22,106.775
2014-12-23,106.985
2014-12-24,106.985
2014-12-26,107.375
2014-12-29,107.565
2014-12-30,107.045
2014-12-31,106.015
2015-01-02,105.93
2015-01-05,104.11
2015-01-06,103.06
2015-01-07,104.305
2015-01-08,106.13
2015-01-09,105.275
2015-01-12,104.515
2015-01-13,104.275
2015-01-14,103.705
2015-01-15,102.63499999999999
2015-01-16,103.99000000000001
2015-01-20,104.125
2015-01-21,104.64500000000001
2015-01-22,106.235
2015-01-23,105.735
2015-01-26,106.185
2015-01-27,104.965
2015-01-28,103.525
2015-01-29,104.49000000000001
2015-01-30,103.11500000000001
2015-02-02,104.295
2015-02-03,105.845
2015-02-04,105.485
2015-02-05,106.64500000000001
2015-02-06,106.32499999999999
2015-02-09,105.81
2015-02-10,106.875
2015-02-11,106.905
2015-02-12,107.975
2015-02-13,108.465
2015-02-17,108.64500000000001
2015-02-18,108.695
2015-02-19,108.64500000000001
2015-02-20,109.275
2015-02-23,109.265
2015-02-24,109.515
2015-02-25,109.475
2015-02-26,109.38499999999999
2015-02-27,109.005
2015-03-02,109.69999999999999
2015-03-03,109.245
2015-03-04,108.775
2015-03-05,108.955
2015-03-06,107.455
2015-03-09,107.85499999999999
2015-03-10,106.215
2015-03-11,106.125
2015-03-12,107.455
2015-03-13,106.86500000000001
2015-03-16,108.185
2015-03-17,107.975
2015-03-18,109.235
2015-03-19,108.83500000000001
2015-03-20,109.765
2015-03-23,109.565
2015-03-24,108.955
2015-03-25,106.795
2015-03-26,106.565
2015-03-27,106.875
2015-03-30,108.225
2015-03-31,107.41
2015-04-01,107.045
2015-04-02,107.38499999999999
2015-04-06,108.11500000000001
2015-04-07,107.765
2015-04-08,108.215
2015-04-09,108.595
2015-04-10,109.11500000000001
2015-04-13,108.695
2015-04-14,108.845
2015-04-15,109.375
2015-04-16,109.345
2015-04-17,108.07499999999999
2015-04-20,108.965
2015-04-21,108.935
2015-04-22,109.39500000000001
2015-04-23,109.72
2015-04-24,109.845
2015-04-27,109.295
2015-04-28,109.565
2015-04-29,109.07499999999999
2015-04-30,107.905
2015-05-01,108.93
2015-05-04,109.295
2015-05-05,107.985
2015-05-06,107.67500000000001
2015-05-07,108.1
2015-05-08,109.435
2015-05-11,108.985
2015-05-12,108.695
2015-05-13,108.715
2015-05-14,109.815
2015-05-15,109.945
2015-05-18,110.36500000000001
2015-05-19,110.295
2015-05-20,110.235
2015-05-21,110.505
2015-05-22,110.285
2015-05-26,109.14500000000001
2015-05-27,110.13499999999999
2015-05-28,110.035
2015-05-29,109.345
2015-06-01,109.59
2015-06-02,109.495
2015-06-03,109.86500000000001
2015-06-04,109.005
2015-06-05,108.89500000000001
2015-06-08,108.225
2015-06-09,108.155
2015-06-10,109.445
2015-06-11,109.775
2015-06-12,109.045
2015-06-15,108.57499999999999
2015-06-16,109.16499999999999
2015-06-17,109.345
2015-06-18,110.42500000000001
2015-06-19,109.89500000000001
2015-06-22,110.595
2015-06-23,110.715
2015-06-24,109.87
2015-06-25,109.52000000000001
2015-06-26,109.02000000000001
2015-06-29,106.715
2015-06-30,107.005
2015-07-01,107.735
2015-07-02,107.60499999999999
2015-07-06,107.275
2015-07-07,107.89500000000001
2015-07-08,106.08500000000001
2015-07-09,106.315
2015-07-10,107.60499999999999
2015-07-13,108.80000000000001
2015-07-14,109.315
2015-07-15,109.17500000000001
2015-07-16,109.92500000000001
2015-07-17,109.945
2015-07-20,109.965
2015-07-21,109.47999999999999
2015-07-22,109.32499999999999
2015-07-23,108.695
2015-07-24,107.555
2015-07-27,106.82499999999999
2015-07-28,108.10499999999999
2015-07-29,108.875
2015-07-30,108.93
2015-07-31,108.83500000000001
2015-08-03,108.47
2015-08-04,108.265
2015-08-05,108.63499999999999
2015-08-06,107.735
2015-08-07,107.42500000000001
2015-08-10,108.775
2015-08-11,107.805
2015-08-12,107.86500000000001
2015-08-13,107.745
2015-08-14,108.17500000000001
2015-08-17,108.845
2015-08-18,108.525
2015-08-19,107.60499999999999
2015-08-20,105.265
2015-08-21,102.195
2015-08-24,98.10499999999999
2015-08-25,96.91499999999999
2015-08-26,100.46000000000001
2015-08-27,102.91499999999999
2015-08-28,103.035
2015-08-31,102.215
2015-09-01,99.205
2015-09-02,101.08500000000001
2015-09-03,101.205
2015-09-04,99.75
2015-09-08,102.235
2015-09-09,100.88499999999999
2015-09-10,101.39500000000001
2015-09-11,101.845
2015-09-14,101.44999999999999
2015-09-15,102.725
2015-09-16,103.61500000000001
2015-09-17,103.475
2015-09-18,101.815
2015-09-21,102.245
2015-09-22,100.875
2015-09-23,100.655
2015-09-24,100.295
2015-09-25,99.585
2015-09-28,96.935
2015-09-29,96.91499999999999
2015-09-30,98.695
2015-10-01,98.9
2015-10-02,100.36500000000001
2015-10-05,102.225
2015-10-06,101.82499999999999
2015-10-07,102.775
2015-10-08,103.685
2015-10-09,103.795
2015-10-12,103.845
2015-10-13,103.08
2015-10-14,102.555
2015-10-15,104.11500000000001
2015-10-16,104.505
2015-10-19,104.58
2015-10-20,104.47
2015-10-21,103.68
2015-10-22,105.205
2015-10-23,106.295
2015-10-26,106.055
2015-10-27,105.695
2015-10-28,107.12
2015-10-29,106.965
2015-10-30,106.515
2015-11-02,107.87
2015-11-03,108.195
2015-11-04,107.91499999999999
2015-11-05,107.81
2015-11-06,107.78
2015-11-09,106.785
2015-11-10,106.995
2015-11-11,106.535
2015-11-12,104.985
2015-11-13,103.875
2015-11-16,105.345
2015-11-17,105.195
2015-11-18,106.89500000000001
2015-11-19,106.775
2015-11-20,107.195
2015-11-23,107.125
2015-11-24,107.37
2015-11-25,107.465
2015-11-27,107.60499999999999
2015-11-30,107.14500000000001
2015-12-01,108.17500000000001
2015-12-02,107.035
2015-12-03,105.455
2015-12-04,107.39500000000001
2015-12-07,106.535
2015-12-08,105.89500000000001
2015-12-09,105.035
2015-12-10,105.295
2015-12-11,103.275
2015-12-14,103.57499999999999
2015-12-15,104.695
2015-12-16,106.215
2015-12-17,104.705
2015-12-18,102.91499999999999
2015-12-21,103.11500000000001
2015-12-22,104.05000000000001
2015-12-23,105.36500000000001
2015-12-24,105.215
2015-12-28,104.99000000000001
2015-12-29,106.065
2015-12-30,105.315
2015-12-31,104.305
2016-01-04,102.755
2016-01-05,102.96000000000001
2016-01-06,101.565
2016-01-07,99.075
2016-01-08,97.935
2016-01-11,97.875
2016-01-12,98.59
2016-01-13,96.045
2016-01-14,97.505
2016-01-15,95.5
2016-01-19,95.36500000000001
2016-01-20,94.405
2016-01-21,94.80000000000001
2016-01-22,96.795
2016-01-25,95.225
2016-01-26,96.66499999999999
2016-01-27,95.57499999999999
2016-01-28,95.945
2016-01-29,98.33500000000001
2016-02-01,98.36
2016-02-02,96.495
2016-02-03,97.025
2016-02-04,97.25
2016-02-05,95.275
2016-02-08,93.775
2016-02-09,93.67500000000001
2016-02-10,93.71000000000001
2016-02-11,92.53
2016-02-12,94.35499999999999
2016-02-16,96.05000000000001
2016-02-17,97.67500000000001
2016-02-18,97.245
2016-02-19,97.295
2016-02-22,98.695
2016-02-23,97.53
2016-02-24,98.005
2016-02-25,99.17500000000001
2016-02-26,99.10499999999999
2016-02-29,98.37
2016-03-01,100.67500000000001
2016-03-02,101.205
2016-03-03,101.735
2016-03-04,102.08500000000001
2016-03-07,102.285
2016-03-08,101.005
2016-03-09,101.505
2016-03-10,101.455
2016-03-11,103.205
2016-03-14,103.065
2016-03-15,102.22
2016-03-16,102.88499999999999
2016-03-17,103.63499999999999
2016-03-18,104.11500000000001
2016-03-21,104.225
2016-03-22,104.195
2016-03-23,103.345
2016-03-24,103.32499999999999
2016-03-28,103.39500000000001
2016-03-29,104.52000000000001
2016-03-30,104.945
2016-03-31,104.845
2016-04-01,105.46000000000001
2016-04-04,105.045
2016-04-05,104.005
2016-04-06,105.15
2016-04-07,103.905
2016-04-08,104.21000000000001
2016-04-11,103.91499999999999
2016-04-12,104.92500000000001
2016-04-13,106.13499999999999
2016-04-14,106.10499999999999
2016-04-15,106.07499999999999
2016-04-18,106.765
2016-04-19,107.065
2016-04-20,107.17500000000001
2016-04-21,106.64500000000001
2016-04-22,106.815
2016-04-25,106.535
2016-04-26,106.83500000000001
2016-04-27,107.10499999999999
2016-04-28,106.11
2016-04-29,105.485
2016-05-02,106.315
2016-05-03,105.265
2016-05-04,104.67500000000001
2016-05-05,104.61
2016-05-06,104.965
2016-05-09,105.065
2016-05-10,106.36500000000001
2016-05-11,105.36500000000001
2016-05-12,105.305
2016-05-13,104.435
2016-05-16,105.465
2016-05-17,104.485
2016-05-18,104.495
2016-05-19,104.11
2016-05-20,104.88499999999999
2016-05-23,104.725
2016-05-24,106.16499999999999
2016-05-25,106.92500000000001
2016-05-26,106.88499999999999
2016-05-27,107.38499999999999
2016-05-31,107.345
2016-06-01,107.595
2016-06-02,107.985
2016-06-03,107.66499999999999
2016-06-06,108.255
2016-06-07,108.465
2016-06-08,108.83500000000001
2016-06-09,108.625
2016-06-10,107.485
2016-06-13,106.64500000000001
2016-06-14,105.935
2016-06-15,105.86500000000001
2016-06-16,106.13499999999999
2016-06-17,105.82
2016-06-20,106.525
2016-06-21,106.725
2016-06-22,106.505
2016-06-23,107.985
2016-06-24,104.10499999999999
2016-06-27,101.985
2016-06-28,103.845
2016-06-29,105.685
2016-06-30,107.195
2016-07-01,107.38499999999999
2016-07-05,106.57499999999999
2016-07-06,107.215
2016-07-07,107.17500000000001
2016-07-08,108.85499999999999
2016-07-11,109.315
2016-07-12,110.17500000000001
2016-07-13,110.13499999999999
2016-07-14,110.655
2016-07-15,110.545
2016-07-18,110.83500000000001
2016-07-19,110.64500000000001
2016-07-20,111.185
2016-07-21,110.785
2016-07-22,111.32499999999999
2016-07-25,111.015
2016-07-26,111.155
2016-07-27,111.015
2016-07-28,111.215
2016-07-29,111.39500000000001
2016-08-01,111.25999999999999
2016-08-02,110.445
2016-08-03,110.85499999999999
2016-08-04,110.955
2016-08-05,111.88499999999999
2016-08-08,111.845
2016-08-09,111.91499999999999
2016-08-10,111.595
2016-08-11,112.125
2016-08-12,112.015
2016-08-15,112.465
2016-08-16,111.82499999999999
2016-08-17,111.955
2016-08-18,112.285
2016-08-19,112.14500000000001
2016-08-22,112.155
2016-08-23,112.445
2016-08-24,111.82499999999999
2016-08-25,111.755
2016-08-26,111.545
2016-08-29,112.155
2016-08-30,111.975
2016-08-31,111.685
2016-09-01,111.705
2016-09-02,112.295
2016-09-06,112.625
2016-09-07,112.725
2016-09-08,112.455
2016-09-09,109.655
2016-09-12,111.17500000000001
2016-09-13,108.945
2016-09-14,108.91499999999999
2016-09-15,110.045
2016-09-16,109.625
2016-09-19,109.755
2016-09-20,109.715
2016-09-21,110.965
2016-09-22,111.795
2016-09-23,111.155
2016-09-26,110.275
2016-09-27,110.875
2016-09-28,111.525
2016-09-29,110.465
2016-09-30,111.32499999999999
2016-10-03,110.965
2016-10-04,110.485
2016-10-05,110.965
2016-10-06,110.975
2016-10-07,110.535
2016-10-10,111.11500000000001
2016-10-11,109.685
2016-10-12,109.795
2016-10-13,109.42500000000001
2016-10-14,109.375
2016-10-17,109.035
2016-10-18,109.715
2016-10-19,110.035
2016-10-20,109.83500000000001
2016-10-21,109.815
2016-10-24,110.345
2016-10-25,109.86500000000001
2016-10-26,109.57499999999999
2016-10-27,109.14500000000001
2016-10-28,108.82499999999999
2016-10-31,108.89500000000001
2016-11-01,108.10499999999999
2016-11-02,107.315
2016-11-03,106.875
2016-11-04,106.795
2016-11-07,109.13499999999999
2016-11-08,109.62
2016-11-09,110.975
2016-11-10,111.345
2016-11-11,111.405
2016-11-14,111.755
2016-11-15,112.545
2016-11-16,112.39500000000001
2016-11-17,112.975
2016-11-18,112.765
2016-11-21,113.61500000000001
2016-11-22,113.93
2016-11-23,114.10499999999999
2016-11-25,114.515
2016-11-28,113.88499999999999
2016-11-29,114.035
2016-11-30,113.785
2016-12-01,113.285
2016-12-02,113.32499999999999
2016-12-05,114.10499999999999
2016-12-06,114.67500000000001
2016-12-07,116.10499999999999
2016-12-08,116.53999999999999
2016-12-09,117.11500000000001
2016-12-12,116.83500000000001
2016-12-13,117.515
2016-12-14,116.495
2016-12-15,116.975
2016-12-16,116.775
2016-12-19,117.08500000000001
2016-12-20,116.85499999999999
2016-12-21,116.555
2016-12-22,116.225
2016-12-23,116.405
2016-12-27,116.725
2016-12-28,115.715
2016-12-29,115.735
2016-12-30,115.305
2017-01-03,116.155
2017-01-04,117.095
2017-01-05,116.87
2017-01-06,117.225
2017-01-09,116.795
2017-01-10,116.89500000000001
2017-01-11,117.225
2017-01-12,116.905
2017-01-13,117.205
2017-01-17,116.725
2017-01-18,116.995
2017-01-19,116.515
2017-01-20,116.91499999999999
2017-01-23,116.61500000000001
2017-01-24,117.515
2017-01-25,118.515
2017-01-26,118.35499999999999
2017-01-27,118.155
2017-01-30,117.375
2017-01-31,117.435
2017-02-01,117.435
2017-02-02,117.505
2017-02-03,118.435
2017-02-06,118.15
2017-02-07,118.125
2017-02-08,118.255
2017-02-09,119.045
2017-02-10,119.525
2017-02-13,120.125
2017-02-14,120.595
2017-02-15,121.225
2017-02-16,121.10499999999999
2017-02-17,121.275
2017-02-21,122.025
2017-02-22,121.875
2017-02-23,121.795
2017-02-24,121.985
2017-02-27,122.255
2017-02-28,121.785
2017-03-01,123.455
2017-03-02,122.655
2017-03-03,122.735
2017-03-06,122.285
2017-03-07,121.86500000000001
2017-03-08,121.555
2017-03-09,121.57499999999999
2017-03-10,122.015
2017-03-13,122.11500000000001
2017-03-14,121.67500000000001
2017-03-15,122.785
2017-03-16,122.63499999999999
2017-03-17,122.535
2017-03-20,122.275
2017-03-21,120.555
2017-03-22,120.75
2017-03-23,120.705
2017-03-24,120.14500000000001
2017-03-27,120.015
2017-03-28,120.88499999999999
2017-03-29,121.095
2017-03-30,121.525
2017-03-31,121.315
2017-04-03,121.015
2017-04-04,121.07499999999999
2017-04-05,120.58500000000001
2017-04-06,120.965
2017-04-07,120.89500000000001
2017-04-10,121.025
2017-04-11,120.985
2017-04-12,120.39500000000001
2017-04-13,119.545
2017-04-17,120.595
2017-04-18,120.315
2017-04-19,120.225
2017-04-20,121.195
2017-04-21,120.83500000000001
2017-04-24,122.11500000000001
2017-04-25,122.88499999999999
2017-04-26,122.905
2017-04-27,123.025
2017-04-28,122.60499999999999
2017-05-01,122.92500000000001
2017-05-02,122.92500000000001
2017-05-03,122.655
2017-05-04,122.705
2017-05-05,123.305
2017-05-08,123.16
2017-05-09,123.08500000000001
2017-05-10,123.35499999999999
2017-05-11,123.015
2017-05-12,122.785
2017-05-15,123.435
2017-05-16,123.36500000000001
2017-05-17,121.125
2017-05-18,121.515
2017-05-19,122.35499999999999
2017-05-22,123.005
2017-05-23,123.235
2017-05-24,123.57
2017-05-25,124.08500000000001
2017-05-26,124.08
2017-05-30,123.875
2017-05-31,123.85499999999999
2017-06-01,124.99000000000001
2017-06-02,125.41499999999999
2017-06-05,125.255
2017-06-06,124.92500000000001
2017-06-07,125.08500000000001
2017-06-08,125.275
2017-06-09,125.18
2017-06-12,125.16
2017-06-13,125.805
2017-06-14,125.61500000000001
2017-06-15,125.32499999999999
2017-06-16,125.295
2017-06-19,126.275
2017-06-20,125.42500000000001
2017-06-21,124.725
2017-06-22,124.75
2017-06-23,125.025
2017-06-26,125.155
2017-06-27,124.11500000000001
2017-06-28,125.285
2017-06-29,124.25999999999999
2017-06-30,124.445
2017-07-03,124.81
2017-07-05,124.89500000000001
2017-07-06,123.685
2017-07-07,124.525
2017-07-10,124.60499999999999
2017-07-11,124.555
2017-07-12,125.475
2017-07-13,125.67500000000001
2017-07-14,126.235
2017-07-17,126.235
2017-07-18,126.305
2017-07-19,127.045
2017-07-20,127.10499999999999
2017-07-21,126.965
2017-07-24,126.965
2017-07-25,127.375
2017-07-26,127.295
2017-07-27,127.065
2017-07-28,126.86500000000001
2017-07-31,126.785
2017-08-01,127.055
2017-08-02,126.92500000000001
2017-08-03,126.64500000000001
2017-08-04,126.91499999999999
2017-08-07,127.155
2017-08-08,126.83500000000001
2017-08-09,126.655
2017-08-10,124.82499999999999
2017-08-11,125.035
2017-08-14,126.305
2017-08-15,126.205
2017-08-16,126.445
2017-08-17,124.42500000000001
2017-08-18,124.235
2017-08-21,124.36
2017-08-22,125.625
2017-08-23,125.255
2017-08-24,125.055
2017-08-25,125.33500000000001
2017-08-28,125.39500000000001
2017-08-29,125.465
2017-08-30,126.125
2017-08-31,126.955
2017-09-01,127.255
2017-09-05,126.285
2017-09-06,126.64500000000001
2017-09-07,126.58500000000001
2017-09-08,126.485
2017-09-11,127.83500000000001
2017-09-12,128.345
2017-09-13,128.405
2017-09-14,128.345
2017-09-15,128.595
2017-09-18,128.89499999999998
2017-09-19,128.995
2017-09-20,129.165
2017-09-21,128.805
2017-09-22,128.345
2017-09-25,128.135
2017-09-26,128.20499999999998
2017-09-27,128.875
2017-09-28,129.085
2017-09-29,129.505
2017-10-02,130.165
2017-10-03,130.475
2017-10-04,130.595
2017-10-05,131.285
2017-10-06,131.185
2017-10-09,130.915
2017-10-10,131.225
2017-10-11,131.415
2017-10-12,131.235
2017-10-13,131.345
2017-10-16,131.45499999999998
2017-10-17,131.525
2017-10-18,131.675
2017-10-19,131.725
2017-10-20,132.39499999999998
2017-10-23,131.835
2017-10-24,132.065
2017-10-25,131.39499999999998
2017-10-26,131.585
2017-10-27,132.615
2017-10-30,132.065
2017-10-31,132.315
2017-11-01,132.435
2017-11-02,132.45499999999998
2017-11-03,132.835
2017-11-06,133.075
2017-11-07,132.85500000000002
2017-11-08,133.04500000000002
2017-11-09,132.525
2017-11-10,132.535
2017-11-13,132.595
2017-11-14,132.35500000000002
2017-11-15,131.685
2017-11-16,132.865
2017-11-17,132.695
2017-11-20,132.965
2017-11-21,133.875
2017-11-22,133.775
2017-11-24,134.075
2017-11-27,133.965
2017-11-28,135.315
2017-11-29,135.305
2017-11-30,136.335
2017-12-01,136.065
2017-12-04,135.885
2017-12-05,135.305
2017-12-06,135.22
2017-12-07,135.765
2017-12-08,136.45499999999998
2017-12-11,136.805
2017-12-12,136.945
2017-12-13,136.965
2017-12-14,136.325
2017-12-15,137.54000000000002
2017-12-18,138.485
2017-12-19,137.945
2017-12-20,137.925
2017-12-21,137.565
2017-12-22,137.495
2017-12-26,137.405
2017-12-27,137.445
2017-12-28,137.765
2017-12-29,137.215
2018-01-02,138.215
2018-01-03,139.005
2018-01-04,139.54500000000002
2018-01-05,140.375
2018-01-08,140.685
2018-01-09,140.925
2018-01-10,140.685
2018-01-11,141.905
2018-01-12,142.745
2018-01-16,142.115
2018-01-17,143.435
2018-01-18,143.155
2018-01-19,143.915
2018-01-22,145.065
2018-01-23,145.435
2018-01-24,145.285
2018-01-25,145.335
2018-01-26,146.865
2018-01-29,145.905
2018-01-30,144.375
2018-01-31,144.405
2018-02-01,144.335
2018-02-02,141.285
2018-02-05,135.69
2018-02-06,137.935
2018-02-07,137.35500000000002
2018-02-08,132.365
2018-02-09,134.225
2018-02-12,136.015
2018-02-13,136.415
2018-02-14,138.375
2018-02-15,140.055
2018-02-16,140.115
2018-02-20,139.265
2018-02-21,138.615
2018-02-22,138.70499999999998
2018-02-23,140.85500000000002
2018-02-26,142.345
2018-02-27,140.54500000000002
2018-02-28,138.98000000000002
2018-03-01,137.345
2018-03-02,138.235
2018-03-05,139.785
2018-03-06,140.305
2018-03-07,140.425
2018-03-08,140.935
2018-03-09,143.29500000000002
2018-03-12,143.225
2018-03-13,142.325
2018-03-14,141.60500000000002
2018-03-15,141.425
2018-03-16,141.665
2018-03-19,139.835
2018-03-20,140.035
2018-03-21,139.925
2018-03-22,135.95499999999998
2018-03-23,133.10500000000002
2018-03-26,136.60500000000002
2018-03-27,134.195
2018-03-28,133.875
2018-03-29,135.70499999999998
2018-04-02,132.625
2018-04-03,134.285
2018-04-04,135.815
2018-04-05,136.765
2018-04-06,133.875
2018-04-09,134.305
2018-04-10,136.505
2018-04-11,135.905
2018-04-12,136.975
2018-04-13,136.575
2018-04-16,137.725
2018-04-17,139.165
2018-04-18,139.345
2018-04-19,138.595
2018-04-20,137.515
2018-04-23,137.445
2018-04-24,135.735
2018-04-25,135.915
2018-04-26,137.245
2018-04-27,137.335
2018-04-30,136.255
2018-05-01,136.54500000000002
2018-05-02,135.715
2018-05-03,135.385
2018-05-04,137.14499999999998
2018-05-07,137.735
2018-05-08,137.79500000000002
2018-05-09,139.055
2018-05-10,140.29500000000002
2018-05-11,140.565
2018-05-14,140.635
2018-05-15,139.775
2018-05-16,140.45499999999998
2018-05-17,140.475
2018-05-18,140.195
2018-05-21,141.235
2018-05-22,140.725
2018-05-23,141.095
2018-05-24,140.885
2018-05-25,140.59
2018-05-29,139.20999999999998
2018-05-30,141.005
2018-05-31,140.025
2018-06-01,141.495
2018-06-04,142.165
2018-06-05,142.39499999999998
2018-06-06,143.625
2018-06-07,143.425
2018-06-08,143.905
2018-06-11,144.115
2018-06-12,144.415
2018-06-13,143.835
2018-06-14,144.285
2018-06-15,144.175
2018-06-18,144.005
2018-06-19,143.505
2018-06-20,143.85500000000002
2018-06-21,142.865
2018-06-22,142.445
2018-06-25,140.425
2018-06-26,140.775
2018-06-27,139.45499999999998
2018-06-28,140.325
2018-06-29,140.415
2018-07-02,140.835
2018-07-03,140.405
2018-07-05,141.595
2018-07-06,142.79500000000002
2018-07-09,144.095
2018-07-10,144.45499999999998
2018-07-11,143.425
2018-07-12,144.60500000000002
2018-07-13,144.70499999999998
2018-07-16,144.445
2018-07-17,145.115
2018-07-18,145.45499999999998
2018-07-19,145.085
2018-07-20,144.835
2018-07-23,145.055
2018-07-24,145.365
2018-07-25,146.595
2018-07-26,146.345
2018-07-27,145.20499999999998
2018-07-30,144.275
2018-07-31,145.085
2018-08-01,144.925
2018-08-02,145.765
2018-08-03,146.275
2018-08-06,146.89499999999998
2018-08-07,147.39499999999998
2018-08-08,147.285
2018-08-09,147.175
2018-08-10,146.235
2018-08-13,145.64
2018-08-14,146.64499999999998
2018-08-15,145.445
2018-08-16,146.64
2018-08-17,147.165
2018-08-20,147.505
2018-08-21,148.015
2018-08-22,148.055
2018-08-23,147.765
2018-08-24,148.685
2018-08-27,149.725
2018-08-28,149.835
2018-08-29,150.625
2018-08-30,150.005
2018-08-31,150.085
2018-09-04,149.875
2018-09-05,149.375
2018-09-06,148.905
2018-09-07,148.565
2018-09-10,148.89499999999998
2018-09-11,149.385
2018-09-12,149.415
2018-09-13,150.125
2018-09-14,150.275
2018-09-17,149.325
2018-09-18,150.125
2018-09-19,150.14499999999998
2018-09-20,151.315
2018-09-21,151.155
2018-09-24,150.62
2018-09-25,150.525
2018-09-26,149.95499999999998
2018-09-27,150.305
2018-09-28,149.655
2018-10-01,149.875
2018-10-02,149.635
2018-10-03,149.865
2018-10-04,148.565
2018-10-05,147.635
2018-10-08,147.515
2018-10-09,147.255
2018-10-10,142.575
2018-10-11,139.575
2018-10-12,141.335
2018-10-15,140.745
2018-10-16,143.845
2018-10-17,143.815
2018-10-18,141.715
2018-10-19,141.36
2018-10-22,140.785
2018-10-23,139.965
2018-10-24,135.60500000000002
2018-10-25,138.14999999999998
2018-10-26,135.755
2018-10-29,134.995
2018-10-30,137.125
2018-10-31,138.575
2018-11-01,140.28
2018-11-02,139.525
2018-11-05,140.235
2018-11-06,141.035
2018-11-07,143.915
2018-11-08,143.615
2018-11-09,142.175
2018-11-12,139.415
2018-11-13,139.235
2018-11-14,138.23000000000002
2018-11-15,139.79500000000002
2018-11-16,140.085
2018-11-19,137.64499999999998
2018-11-20,135.195
2018-11-21,135.87
2018-11-23,135.14
2018-11-26,137.22
2018-11-27,137.39499999999998
2018-11-28,140.595
2018-11-29,140.325
2018-11-30,141.255
2018-12-03,142.995
2018-12-04,138.32999999999998
2018-12-06,138.14499999999998
2018-12-07,134.95499999999998
2018-12-10,135.04500000000002
2018-12-11,135.025
2018-12-12,135.805
2018-12-13,135.475
2018-12-14,133.115
2018-12-17,130.275
2018-12-18,130.235
2018-12-19,128.19
2018-12-20,126.16499999999999
2018-12-21,123.475
2018-12-24,119.695
2018-12-26,125.49000000000001
2018-12-27,126.505
2018-12-28,126.475
2018-12-31,127.645
2019-01-02,127.72
2019-01-03,124.755
2019-01-04,128.99
2019-01-07,130.185
2019-01-08,131.53
2019-01-09,132.175
2019-01-10,132.81
2019-01-11,132.835
2019-01-14,132.005
2019-01-15,133.435
2019-01-16,133.825
2019-01-17,134.89499999999998
2019-01-18,136.64
2019-01-22,134.79500000000002
2019-01-23,134.915
2019-01-24,135.19
2019-01-25,136.465
2019-01-28,135.485
2019-01-29,135.28
2019-01-30,137.32
2019-01-31,138.535
2019-02-01,138.715
2019-02-04,139.73000000000002
2019-02-05,140.32999999999998
2019-02-06,140.095
2019-02-07,138.835
2019-02-08,138.99
2019-02-11,139.225
2019-02-12,140.995
2019-02-13,141.445
2019-02-14,141.185
2019-02-15,142.755
2019-02-19,143.025
2019-02-20,143.315
2019-02-21,142.825
2019-02-22,143.755
2019-02-25,143.965
2019-02-26,143.72
2019-02-27,143.765
2019-02-28,143.415
2019-03-01,144.415
2019-03-04,143.745
2019-03-05,143.475
2019-03-06,142.385
2019-03-07,141.265
2019-03-08,140.975
2019-03-11,143.065
2019-03-12,143.525
2019-03-13,144.45499999999998
2019-03-14,144.32999999999998
2019-03-15,144.995
2019-03-18,145.56
2019-03-19,145.515
2019-03-20,144.91
2019-03-21,146.60500000000002
2019-03-22,143.54500000000002
2019-03-25,142.695
2019-03-26,143.785
2019-03-27,143.12
2019-03-28,143.76999999999998
2019-03-29,144.69
2019-04-01,146.39499999999998
2019-04-02,146.37
2019-04-03,146.715
2019-04-04,147.035
2019-04-05,147.775
2019-04-08,147.89999999999998
2019-04-09,146.99
2019-04-10,147.695
2019-04-11,147.685
2019-04-12,148.655
2019-04-15,148.515
2019-04-16,148.59
2019-04-17,148.04500000000002
2019-04-18,148.255
2019-04-22,148.335
2019-04-23,149.775
2019-04-24,149.56
2019-04-25,149.34
2019-04-26,150.115
2019-04-29,150.375
2019-04-30,150.385
2019-05-01,149.255
2019-05-02,149.025
2019-05-03,150.615
2019-05-06,150.10500000000002
2019-05-07,147.555
2019-05-08,147.315
2019-05-09,146.89999999999998
2019-05-10,147.51
2019-05-13,143.76
2019-05-14,145.065
2019-05-15,145.925
2019-05-16,147.225
2019-05-17,146.22
2019-05-20,145.195
2019-05-21,146.585
2019-05-22,146.04500000000002
2019-05-23,144.19
2019-05-24,144.56
2019-05-28,143.265
2019-05-29,142.305
2019-05-30,142.57
2019-05-31,140.72
2019-06-03,140.38
2019-06-04,143.54000000000002
2019-06-05,144.635
2019-06-06,145.45
2019-06-07,146.825
2019-06-10,147.575
2019-06-11,147.475
2019-06-12,147.24
2019-06-13,147.975
2019-06-14,147.60500000000002
2019-06-17,147.26
2019-06-18,148.765
2019-06-19,149.255
2019-06-20,150.57
2019-06-21,150.255
2019-06-24,149.785
2019-06-25,148.405
2019-06-26,148.155
2019-06-27,149.03
2019-06-28,150.035
2019-07-01,151.14499999999998
2019-07-02,151.45499999999998
2019-07-03,152.64499999999998
2019-07-05,152.525
2019-07-08,151.695
2019-07-09,151.97
2019-07-10,152.575
2019-07-11,152.815
2019-07-12,153.59
2019-07-15,153.555
2019-07-16,153.095
2019-07-17,152.115
2019-07-18,152.66
2019-07-19,151.79500000000002
2019-07-22,152.14499999999998
2019-07-23,153.185
2019-07-24,154.125
2019-07-25,153.255
2019-07-26,154.39499999999998
2019-07-29,154.005
2019-07-30,153.87
2019-07-31,152.165
